# Rhino

g object_1
v 1 -60.5 0
v 1 -60.5 153.4935455322266
v 9.20957088470459 -59.94041061401367 0
v 12.00876426696777 -59.48997497558594 0
v 17.64707183837891 -58.16463851928711 0
v 23.26972961425781 -56.25219345092773 0
v 31.47749519348145 -52.26253128051758 0
v 31.47749519348145 -52.26253128051758 153.4935455322266
v 43.77996063232422 -42.77996063232422 0
v 45.93617630004883 -40.50913619995117 0
v 54.74118423461914 -27.78732299804688 0
v 54.74118423461914 -27.78732299804688 153.4935455322266
v 57.25219345092773 -22.26972961425781 0
v 59.16463851928711 -16.64707183837891 0
v 59.89933395385742 -13.82456207275391 0
v 59.89933395385742 -13.82456207275391 153.4935455322266
v 60.48997497558594 -11.00876426696777 0
v 61.43984985351562 -2.697104692459106 0
v 61.5 -3.981377148131642e-15 0
v 61.43984985351562 2.697104692459106 0
v 61.43984985351562 2.697104692459106 153.4935455322266
v 61.25527191162109 5.436193466186523 0
v 60.94041061401367 8.20957088470459 0
v 59.89933395385742 13.82456207275391 0
v 56.07154083251953 25.04746437072754 0
v 56.07154083251953 25.04746437072754 153.4935455322266
v 51.63822937011719 33.1061897277832 0
v 51.63822937011719 33.1061897277832 153.4935455322266
v 49.87214279174805 35.66179656982422 0
v 49.87214279174805 35.66179656982422 153.4935455322266
v 43.77996063232422 42.77996063232422 0
v 43.77996063232422 42.77996063232422 153.4935455322266
v 36.66179656982422 48.87214279174805 0
v 36.66179656982422 48.87214279174805 153.4935455322266
v 34.1061897277832 50.63822937011719 0
v 34.1061897277832 50.63822937011719 153.4935455322266
v 28.78732299804688 53.74118423461914 0
v 28.78732299804688 53.74118423461914 153.4935455322266
v 26.04746437072754 55.07154083251953 0
v 26.04746437072754 55.07154083251953 153.4935455322266
v 23.26972961425781 56.25219345092773 0
v 23.26972961425781 56.25219345092773 153.4935455322266
v 14.82456207275391 58.89933395385742 0
v 14.82456207275391 58.89933395385742 153.4935455322266
v 6.436193466186523 60.25527191162109 0
v 6.436193466186523 60.25527191162109 153.4935455322266
v 3.697104692459106 60.43984985351562 0
v 3.697104692459106 60.43984985351562 153.4935455322266
v 1 60.5 0
v 1 60.5 153.4935455322266
v -4.436193466186523 60.25527191162109 0
v -4.436193466186523 60.25527191162109 153.4935455322266
v -7.209571361541748 59.94041061401367 0
v -7.209571361541748 59.94041061401367 153.4935455322266
v -10.00876426696777 59.48997497558594 0
v -10.00876426696777 59.48997497558594 153.4935455322266
v -15.64707183837891 58.16463851928711 0
v -15.64707183837891 58.16463851928711 153.4935455322266
v -18.46579742431641 57.28291702270508 0
v -18.46579742431641 57.28291702270508 153.4935455322266
v -26.78732299804688 53.74118423461914 0
v -26.78732299804688 53.74118423461914 153.4935455322266
v -29.47749519348145 52.26253128051758 153.4935455322266
v -43.93617630004883 40.50913619995117 0
v -43.93617630004883 40.50913619995117 153.4935455322266
v -45.96936798095703 38.13303756713867 0
v -45.96936798095703 38.13303756713867 153.4935455322266
v -51.26253128051758 30.47749519348145 0
v -51.26253128051758 30.47749519348145 153.4935455322266
v -54.07154083251953 25.04746437072754 0
v -54.07154083251953 25.04746437072754 153.4935455322266
v -55.25219345092773 22.26972961425781 0
v -55.25219345092773 22.26972961425781 153.4935455322266
v -56.28291702270508 19.46579742431641 0
v -56.28291702270508 19.46579742431641 153.4935455322266
v -57.16463851928711 16.64707183837891 0
v -57.16463851928711 16.64707183837891 153.4935455322266
v -57.89933395385742 13.82456207275391 0
v -57.89933395385742 13.82456207275391 153.4935455322266
v -58.94041061401367 8.20957088470459 0
v -58.94041061401367 8.20957088470459 153.4935455322266
v -59.5 1.111175682580933e-14 0
v -59.5 1.111175682580933e-14 153.4935455322266
v -58.94041061401367 -8.20957088470459 0
v -58.94041061401367 -8.20957088470459 153.4935455322266
v -57.89933395385742 -13.82456207275391 0
v -57.89933395385742 -13.82456207275391 153.4935455322266
v -57.16463851928711 -16.64707183837891 0
v -57.16463851928711 -16.64707183837891 153.4935455322266
v -56.28291702270508 -19.46579742431641 0
v -56.28291702270508 -19.46579742431641 153.4935455322266
v -55.25219345092773 -22.26972961425781 0
v -55.25219345092773 -22.26972961425781 153.4935455322266
v -54.07154083251953 -25.04746437072754 0
v -54.07154083251953 -25.04746437072754 153.4935455322266
v -51.26253128051758 -30.47749519348145 0
v -51.26253128051758 -30.47749519348145 153.4935455322266
v -49.63822937011719 -33.1061897277832 0
v -49.63822937011719 -33.1061897277832 153.4935455322266
v -45.96936798095703 -38.13303756713867 0
v -45.96936798095703 -38.13303756713867 153.4935455322266
v -41.77996063232422 -42.77996063232422 0
v -41.77996063232422 -42.77996063232422 153.4935455322266
v -39.50913619995117 -44.93617630004883 0
v -39.50913619995117 -44.93617630004883 153.4935455322266
v -34.66179656982422 -48.87214279174805 0
v -34.66179656982422 -48.87214279174805 153.4935455322266
v -26.78732299804688 -53.74118423461914 0
v -26.78732299804688 -53.74118423461914 153.4935455322266
v -18.46579742431641 -57.28291702270508 0
v -18.46579742431641 -57.28291702270508 153.4935455322266
v -12.82456207275391 -58.89933395385742 0
v -12.82456207275391 -58.89933395385742 153.4935455322266
v -10.00876426696777 -59.48997497558594 0
v -10.00876426696777 -59.48997497558594 153.4935455322266
v -4.436193466186523 -60.25527191162109 0
v -4.436193466186523 -60.25527191162109 153.4935455322266
v -1.697104811668396 -60.43984985351562 0
v -1.697104811668396 -60.43984985351562 153.4935455322266
v 1 -60.5 0
v 1 -60.5 153.4935455322266
v 2.342854499816895 -60.4850959777832 0
v 3.697104692459106 -60.43984985351562 0
v 5.061863422393799 -60.36349105834961 0
v 6.436193466186523 -60.25527191162109 0
v 7.819108009338379 -60.11447143554688 0
v 10.60649967193604 -59.73244476318359 0
v 13.41519069671631 -59.21244049072266 0
v 14.82456207275391 -58.89933395385742 0
v 16.23562049865723 -58.55019760131836 0
v 19.05758476257324 -57.74230194091797 0
v 20.46579742431641 -57.28291702270508 0
v 21.87031745910645 -56.7862663269043 0
v 24.66259765625 -55.68062210083008 0
v 26.04746437072754 -55.07154083251953 0
v 27.42286491394043 -54.42501449584961 0
v 28.78732299804688 -53.74118423461914 0
v 30.13935852050781 -53.02025985717773 0
v 32.80025863647461 -51.4683723449707 0
v 34.1061897277832 -50.63822937011719 0
v 35.39384460449219 -49.77261734008789 0
v 36.66179656982422 -48.87214279174805 0
v 37.90864944458008 -47.93747711181641 0
v 39.13303756713867 -46.96936798095703 0
v 40.3336296081543 -45.9686393737793 0
v 41.50913619995117 -44.93617630004883 0
v 42.65830993652344 -43.87294387817383 0
v 44.87294387817383 -41.65830993652344 0
v 46.9686393737793 -39.3336296081543 0
v 47.96936798095703 -38.13303756713867 0
v 48.93747711181641 -36.90864944458008 0
v 49.87214279174805 -35.66179656982422 0
v 50.77261734008789 -34.39384460449219 0
v 51.63822937011719 -33.1061897277832 0
v 52.4683723449707 -31.80025863647461 0
v 53.26253128051758 -30.47749519348145 0
v 54.02025985717773 -29.13935852050781 0
v 55.42501449584961 -26.42286491394043 0
v 56.07154083251953 -25.04746437072754 0
v 56.68062210083008 -23.66259765625 0
v 57.7862663269043 -20.87031745910645 0
v 58.28291702270508 -19.46579742431641 0
v 58.74230194091797 -18.05758476257324 0
v 59.55019760131836 -15.23562145233154 0
v 60.21244049072266 -12.41519069671631 0
v 60.73244476318359 -9.606499671936035 0
v 60.94041061401367 -8.20957088470459 0
v 61.11447143554688 -6.819108009338379 0
v 61.25527191162109 -5.436193466186523 0
v 61.36349105834961 -4.061863422393799 0
v 61.4850959777832 -1.342854619026184 0
v 61.4850959777832 1.342854619026184 0
v 61.36349105834961 4.061863422393799 0
v 61.11447143554688 6.819108009338379 0
v 60.73244476318359 9.606499671936035 0
v 60.48997497558594 11.00876426696777 0
v 60.21244049072266 12.41519069671631 0
v 59.55019760131836 15.23562145233154 0
v 59.16463851928711 16.64707183837891 0
v 58.74230194091797 18.05758476257324 0
v 58.28291702270508 19.46579742431641 0
v 57.7862663269043 20.87031745910645 0
v 57.25219345092773 22.26972961425781 0
v 56.68062210083008 23.66259765625 0
v 55.42501449584961 26.42286491394043 0
v 54.74118423461914 27.78732299804688 0
v 54.02025985717773 29.13935852050781 0
v 53.26253128051758 30.47749519348145 0
v 52.4683723449707 31.80025863647461 0
v 50.77261734008789 34.39384460449219 0
v 48.93747711181641 36.90864944458008 0
v 47.96936798095703 38.13303756713867 0
v 46.9686393737793 39.3336296081543 0
v 45.93617630004883 40.50913619995117 0
v 44.87294387817383 41.65830993652344 0
v 42.65830993652344 43.87294387817383 0
v 41.50913619995117 44.93617630004883 0
v 40.3336296081543 45.9686393737793 0
v 39.13303756713867 46.96936798095703 0
v 37.90864944458008 47.93747711181641 0
v 35.39384460449219 49.77261734008789 0
v 32.80025863647461 51.4683723449707 0
v 31.47749519348145 52.26253128051758 0
v 30.13935852050781 53.02025985717773 0
v 27.42286491394043 54.42501449584961 0
v 24.66259765625 55.68062210083008 0
v 21.87031745910645 56.7862663269043 0
v 20.46579742431641 57.28291702270508 0
v 19.05758476257324 57.74230194091797 0
v 17.64707183837891 58.16463851928711 0
v 16.23562049865723 58.55019760131836 0
v 13.41519069671631 59.21244049072266 0
v 12.00876426696777 59.48997497558594 0
v 10.60649967193604 59.73244476318359 0
v 9.20957088470459 59.94041061401367 0
v 7.819108009338379 60.11447143554688 0
v 5.061863422393799 60.36349105834961 0
v 2.342854499816895 60.4850959777832 0
v -0.3428545892238617 60.4850959777832 0
v -1.697104811668396 60.43984985351562 0
v -3.061863422393799 60.36349105834961 0
v -5.819108009338379 60.11447143554688 0
v -8.606499671936035 59.73244476318359 0
v -11.41519069671631 59.21244049072266 0
v -12.82456207275391 58.89933395385742 0
v -14.23562145233154 58.55019760131836 0
v -17.05758476257324 57.74230194091797 0
v -19.87031745910645 56.7862663269043 0
v -21.26972961425781 56.25219345092773 0
v -22.66259765625 55.68062210083008 0
v -24.04746437072754 55.07154083251953 0
v -25.42286491394043 54.42501449584961 0
v -28.13935852050781 53.02025985717773 0
v -29.47749519348145 52.26253128051758 0
v -30.80025863647461 51.4683723449707 0
v -32.1061897277832 50.63822937011719 0
v -33.39384460449219 49.77261734008789 0
v -34.66179656982422 48.87214279174805 0
v -35.90864944458008 47.93747711181641 0
v -37.13303756713867 46.96936798095703 0
v -38.3336296081543 45.9686393737793 0
v -39.50913619995117 44.93617630004883 0
v -40.65830993652344 43.87294387817383 0
v -41.77996063232422 42.77996063232422 0
v -42.87294387817383 41.65830993652344 0
v -44.9686393737793 39.3336296081543 0
v -46.93747711181641 36.90864944458008 0
v -47.87214279174805 35.66179656982422 0
v -48.77261734008789 34.39384460449219 0
v -49.63822937011719 33.1061897277832 0
v -50.4683723449707 31.80025863647461 0
v -52.02025985717773 29.13935852050781 0
v -52.74118423461914 27.78732299804688 0
v -53.42501449584961 26.42286491394043 0
v -54.68062210083008 23.66259765625 0
v -55.7862663269043 20.87031745910645 0
v -56.74230194091797 18.05758476257324 0
v -57.55019760131836 15.23562145233154 0
v -58.21244049072266 12.41519069671631 0
v -58.48997497558594 11.00876426696777 0
v -58.73244476318359 9.606499671936035 0
v -59.11447143554688 6.819108009338379 0
v -59.25527191162109 5.436193466186523 0
v -59.36349105834961 4.061863422393799 0
v -59.43984985351562 2.697104692459106 0
v -59.4850959777832 1.342854619026184 0
v -59.4850959777832 -1.342854619026184 0
v -59.43984985351562 -2.697104692459106 0
v -59.36349105834961 -4.061863422393799 0
v -59.25527191162109 -5.436193466186523 0
v -59.11447143554688 -6.819108009338379 0
v -58.73244476318359 -9.606499671936035 0
v -58.48997497558594 -11.00876426696777 0
v -58.21244049072266 -12.41519069671631 0
v -57.55019760131836 -15.23562145233154 0
v -56.74230194091797 -18.05758476257324 0
v -55.7862663269043 -20.87031745910645 0
v -54.68062210083008 -23.66259765625 0
v -53.42501449584961 -26.42286491394043 0
v -52.74118423461914 -27.78732299804688 0
v -52.02025985717773 -29.13935852050781 0
v -50.4683723449707 -31.80025863647461 0
v -48.77261734008789 -34.39384460449219 0
v -47.87214279174805 -35.66179656982422 0
v -46.93747711181641 -36.90864944458008 0
v -44.9686393737793 -39.3336296081543 0
v -43.93617630004883 -40.50913619995117 0
v -42.87294387817383 -41.65830993652344 0
v -40.65830993652344 -43.87294387817383 0
v -38.3336296081543 -45.9686393737793 0
v -37.13303756713867 -46.96936798095703 0
v -35.90864944458008 -47.93747711181641 0
v -33.39384460449219 -49.77261734008789 0
v -32.1061897277832 -50.63822937011719 0
v -30.80025863647461 -51.4683723449707 0
v -29.47749519348145 -52.26253128051758 0
v -28.13935852050781 -53.02025985717773 0
v -25.42286491394043 -54.42501449584961 0
v -24.04746437072754 -55.07154083251953 0
v -22.66259765625 -55.68062210083008 0
v -21.26972961425781 -56.25219345092773 0
v -19.87031745910645 -56.7862663269043 0
v -17.05758476257324 -57.74230194091797 0
v -15.64707183837891 -58.16463851928711 0
v -14.23562145233154 -58.55019760131836 0
v -11.41519069671631 -59.21244049072266 0
v -8.606499671936035 -59.73244476318359 0
v -7.209571361541748 -59.94041061401367 0
v -5.819108009338379 -60.11447143554688 0
v -3.061863422393799 -60.36349105834961 0
v -0.3428545892238617 -60.4850959777832 0
v -0.3428545892238617 -60.4850959777832 153.4935455322266
v -3.061863422393799 -60.36349105834961 153.4935455322266
v -5.819108009338379 -60.11447143554688 153.4935455322266
v -7.209571361541748 -59.94041061401367 153.4935455322266
v -8.606499671936035 -59.73244476318359 153.4935455322266
v -11.41519069671631 -59.21244049072266 153.4935455322266
v -14.23562145233154 -58.55019760131836 153.4935455322266
v -15.64707183837891 -58.16463851928711 153.4935455322266
v -17.05758476257324 -57.74230194091797 153.4935455322266
v -19.87031745910645 -56.7862663269043 153.4935455322266
v -21.26972961425781 -56.25219345092773 153.4935455322266
v -22.66259765625 -55.68062210083008 153.4935455322266
v -24.04746437072754 -55.07154083251953 153.4935455322266
v -25.42286491394043 -54.42501449584961 153.4935455322266
v -28.13935852050781 -53.02025985717773 153.4935455322266
v -29.47749519348145 -52.26253128051758 153.4935455322266
v -30.80025863647461 -51.4683723449707 153.4935455322266
v -32.1061897277832 -50.63822937011719 153.4935455322266
v -33.39384460449219 -49.77261734008789 153.4935455322266
v -35.90864944458008 -47.93747711181641 153.4935455322266
v -37.13303756713867 -46.96936798095703 153.4935455322266
v -38.3336296081543 -45.9686393737793 153.4935455322266
v -40.65830993652344 -43.87294387817383 153.4935455322266
v -42.87294387817383 -41.65830993652344 153.4935455322266
v -43.93617630004883 -40.50913619995117 153.4935455322266
v -44.9686393737793 -39.3336296081543 153.4935455322266
v -46.93747711181641 -36.90864944458008 153.4935455322266
v -47.87214279174805 -35.66179656982422 153.4935455322266
v -48.77261734008789 -34.39384460449219 153.4935455322266
v -50.4683723449707 -31.80025863647461 153.4935455322266
v -52.02025985717773 -29.13935852050781 153.4935455322266
v -52.74118423461914 -27.78732299804688 153.4935455322266
v -53.42501449584961 -26.42286491394043 153.4935455322266
v -54.68062210083008 -23.66259765625 153.4935455322266
v -55.7862663269043 -20.87031745910645 153.4935455322266
v -56.74230194091797 -18.05758476257324 153.4935455322266
v -57.55019760131836 -15.23562145233154 153.4935455322266
v -58.21244049072266 -12.41519069671631 153.4935455322266
v -58.48997497558594 -11.00876426696777 153.4935455322266
v -58.73244476318359 -9.606499671936035 153.4935455322266
v -59.11447143554688 -6.819108009338379 153.4935455322266
v -59.25527191162109 -5.436193466186523 153.4935455322266
v -59.36349105834961 -4.061863422393799 153.4935455322266
v -59.43984985351562 -2.697104692459106 153.4935455322266
v -59.4850959777832 -1.342854619026184 153.4935455322266
v -59.4850959777832 1.342854619026184 153.4935455322266
v -59.43984985351562 2.697104692459106 153.4935455322266
v -59.36349105834961 4.061863422393799 153.4935455322266
v -59.25527191162109 5.436193466186523 153.4935455322266
v -59.11447143554688 6.819108009338379 153.4935455322266
v -58.73244476318359 9.606499671936035 153.4935455322266
v -58.48997497558594 11.00876426696777 153.4935455322266
v -58.21244049072266 12.41519069671631 153.4935455322266
v -57.55019760131836 15.23562145233154 153.4935455322266
v -56.74230194091797 18.05758476257324 153.4935455322266
v -55.7862663269043 20.87031745910645 153.4935455322266
v -54.68062210083008 23.66259765625 153.4935455322266
v -53.42501449584961 26.42286491394043 153.4935455322266
v -52.74118423461914 27.78732299804688 153.4935455322266
v -52.02025985717773 29.13935852050781 153.4935455322266
v -50.4683723449707 31.80025863647461 153.4935455322266
v -49.63822937011719 33.1061897277832 153.4935455322266
v -48.77261734008789 34.39384460449219 153.4935455322266
v -47.87214279174805 35.66179656982422 153.4935455322266
v -46.93747711181641 36.90864944458008 153.4935455322266
v -44.9686393737793 39.3336296081543 153.4935455322266
v -42.87294387817383 41.65830993652344 153.4935455322266
v -41.77996063232422 42.77996063232422 153.4935455322266
v -40.65830993652344 43.87294387817383 153.4935455322266
v -39.50913619995117 44.93617630004883 153.4935455322266
v -38.3336296081543 45.9686393737793 153.4935455322266
v -37.13303756713867 46.96936798095703 153.4935455322266
v -35.90864944458008 47.93747711181641 153.4935455322266
v -34.66179656982422 48.87214279174805 153.4935455322266
v -33.39384460449219 49.77261734008789 153.4935455322266
v -32.1061897277832 50.63822937011719 153.4935455322266
v -30.80025863647461 51.4683723449707 153.4935455322266
v -28.13935852050781 53.02025985717773 153.4935455322266
v -25.42286491394043 54.42501449584961 153.4935455322266
v -24.04746437072754 55.07154083251953 153.4935455322266
v -22.66259765625 55.68062210083008 153.4935455322266
v -21.26972961425781 56.25219345092773 153.4935455322266
v -19.87031745910645 56.7862663269043 153.4935455322266
v -17.05758476257324 57.74230194091797 153.4935455322266
v -14.23562145233154 58.55019760131836 153.4935455322266
v -12.82456207275391 58.89933395385742 153.4935455322266
v -11.41519069671631 59.21244049072266 153.4935455322266
v -8.606499671936035 59.73244476318359 153.4935455322266
v -5.819108009338379 60.11447143554688 153.4935455322266
v -3.061863422393799 60.36349105834961 153.4935455322266
v -1.697104811668396 60.43984985351562 153.4935455322266
v -0.3428545892238617 60.4850959777832 153.4935455322266
v 2.342854499816895 60.4850959777832 153.4935455322266
v 5.061863422393799 60.36349105834961 153.4935455322266
v 7.819108009338379 60.11447143554688 153.4935455322266
v 9.20957088470459 59.94041061401367 153.4935455322266
v 10.60649967193604 59.73244476318359 153.4935455322266
v 12.00876426696777 59.48997497558594 153.4935455322266
v 13.41519069671631 59.21244049072266 153.4935455322266
v 16.23562049865723 58.55019760131836 153.4935455322266
v 17.64707183837891 58.16463851928711 153.4935455322266
v 19.05758476257324 57.74230194091797 153.4935455322266
v 20.46579742431641 57.28291702270508 153.4935455322266
v 21.87031745910645 56.7862663269043 153.4935455322266
v 24.66259765625 55.68062210083008 153.4935455322266
v 27.42286491394043 54.42501449584961 153.4935455322266
v 30.13935852050781 53.02025985717773 153.4935455322266
v 31.47749519348145 52.26253128051758 153.4935455322266
v 32.80025863647461 51.4683723449707 153.4935455322266
v 35.39384460449219 49.77261734008789 153.4935455322266
v 37.90864944458008 47.93747711181641 153.4935455322266
v 39.13303756713867 46.96936798095703 153.4935455322266
v 40.3336296081543 45.9686393737793 153.4935455322266
v 41.50913619995117 44.93617630004883 153.4935455322266
v 42.65830993652344 43.87294387817383 153.4935455322266
v 44.87294387817383 41.65830993652344 153.4935455322266
v 45.93617630004883 40.50913619995117 153.4935455322266
v 46.9686393737793 39.3336296081543 153.4935455322266
v 47.96936798095703 38.13303756713867 153.4935455322266
v 48.93747711181641 36.90864944458008 153.4935455322266
v 50.77261734008789 34.39384460449219 153.4935455322266
v 52.4683723449707 31.80025863647461 153.4935455322266
v 53.26253128051758 30.47749519348145 153.4935455322266
v 54.02025985717773 29.13935852050781 153.4935455322266
v 54.74118423461914 27.78732299804688 153.4935455322266
v 55.42501449584961 26.42286491394043 153.4935455322266
v 56.68062210083008 23.66259765625 153.4935455322266
v 57.25219345092773 22.26972961425781 153.4935455322266
v 57.7862663269043 20.87031745910645 153.4935455322266
v 58.28291702270508 19.46579742431641 153.4935455322266
v 58.74230194091797 18.05758476257324 153.4935455322266
v 59.16463851928711 16.64707183837891 153.4935455322266
v 59.55019760131836 15.23562145233154 153.4935455322266
v 59.89933395385742 13.82456207275391 153.4935455322266
v 60.21244049072266 12.41519069671631 153.4935455322266
v 60.48997497558594 11.00876426696777 153.4935455322266
v 60.73244476318359 9.606499671936035 153.4935455322266
v 60.94041061401367 8.20957088470459 153.4935455322266
v 61.11447143554688 6.819108009338379 153.4935455322266
v 61.25527191162109 5.436193466186523 153.4935455322266
v 61.36349105834961 4.061863422393799 153.4935455322266
v 61.4850959777832 1.342854619026184 153.4935455322266
v 61.5 -3.981377148131642e-15 153.4935455322266
v 61.4850959777832 -1.342854619026184 153.4935455322266
v 61.43984985351562 -2.697104692459106 153.4935455322266
v 61.36349105834961 -4.061863422393799 153.4935455322266
v 61.25527191162109 -5.436193466186523 153.4935455322266
v 61.11447143554688 -6.819108009338379 153.4935455322266
v 60.94041061401367 -8.20957088470459 153.4935455322266
v 60.73244476318359 -9.606499671936035 153.4935455322266
v 60.48997497558594 -11.00876426696777 153.4935455322266
v 60.21244049072266 -12.41519069671631 153.4935455322266
v 59.55019760131836 -15.23562145233154 153.4935455322266
v 59.16463851928711 -16.64707183837891 153.4935455322266
v 58.74230194091797 -18.05758476257324 153.4935455322266
v 58.28291702270508 -19.46579742431641 153.4935455322266
v 57.7862663269043 -20.87031745910645 153.4935455322266
v 57.25219345092773 -22.26972961425781 153.4935455322266
v 56.68062210083008 -23.66259765625 153.4935455322266
v 56.07154083251953 -25.04746437072754 153.4935455322266
v 55.42501449584961 -26.42286491394043 153.4935455322266
v 54.02025985717773 -29.13935852050781 153.4935455322266
v 53.26253128051758 -30.47749519348145 153.4935455322266
v 52.4683723449707 -31.80025863647461 153.4935455322266
v 51.63822937011719 -33.1061897277832 153.4935455322266
v 50.77261734008789 -34.39384460449219 153.4935455322266
v 49.87214279174805 -35.66179656982422 153.4935455322266
v 48.93747711181641 -36.90864944458008 153.4935455322266
v 47.96936798095703 -38.13303756713867 153.4935455322266
v 46.9686393737793 -39.3336296081543 153.4935455322266
v 45.93617630004883 -40.50913619995117 153.4935455322266
v 44.87294387817383 -41.65830993652344 153.4935455322266
v 43.77996063232422 -42.77996063232422 153.4935455322266
v 42.65830993652344 -43.87294387817383 153.4935455322266
v 41.50913619995117 -44.93617630004883 153.4935455322266
v 40.3336296081543 -45.9686393737793 153.4935455322266
v 39.13303756713867 -46.96936798095703 153.4935455322266
v 37.90864944458008 -47.93747711181641 153.4935455322266
v 36.66179656982422 -48.87214279174805 153.4935455322266
v 35.39384460449219 -49.77261734008789 153.4935455322266
v 34.1061897277832 -50.63822937011719 153.4935455322266
v 32.80025863647461 -51.4683723449707 153.4935455322266
v 30.13935852050781 -53.02025985717773 153.4935455322266
v 28.78732299804688 -53.74118423461914 153.4935455322266
v 27.42286491394043 -54.42501449584961 153.4935455322266
v 26.04746437072754 -55.07154083251953 153.4935455322266
v 24.66259765625 -55.68062210083008 153.4935455322266
v 23.26972961425781 -56.25219345092773 153.4935455322266
v 21.87031745910645 -56.7862663269043 153.4935455322266
v 20.46579742431641 -57.28291702270508 153.4935455322266
v 19.05758476257324 -57.74230194091797 153.4935455322266
v 17.64707183837891 -58.16463851928711 153.4935455322266
v 16.23562049865723 -58.55019760131836 153.4935455322266
v 14.82456207275391 -58.89933395385742 153.4935455322266
v 13.41519069671631 -59.21244049072266 153.4935455322266
v 12.00876426696777 -59.48997497558594 153.4935455322266
v 10.60649967193604 -59.73244476318359 153.4935455322266
v 9.20957088470459 -59.94041061401367 153.4935455322266
v 7.819108009338379 -60.11447143554688 153.4935455322266
v 6.436193466186523 -60.25527191162109 153.4935455322266
v 5.061863422393799 -60.36349105834961 153.4935455322266
v 3.697104692459106 -60.43984985351562 153.4935455322266
v 2.342854499816895 -60.4850959777832 153.4935455322266
v 1 -62 0
v 1 -62 153.4935455322266
v 6.570975303649902 -61.74920272827148 0
v 12.28170967102051 -60.96493148803711 0
v 18.0598087310791 -59.60673522949219 0
v 23.82187271118164 -57.64687347412109 0
v 32.23313522338867 -53.55829620361328 0
v 32.23313522338867 -53.55829620361328 153.4935455322266
v 40.07848358154297 -48.13389587402344 0
v 44.84062194824219 -43.84062194824219 0
v 47.05029678344727 -41.51349258422852 0
v 56.0736083984375 -28.47626495361328 0
v 56.0736083984375 -28.47626495361328 153.4935455322266
v 58.64687347412109 -22.82187271118164 0
v 60.60673522949219 -17.0598087310791 0
v 61.35964584350586 -14.16732025146484 0
v 61.35964584350586 -14.16732025146484 153.4935455322266
v 61.96493148803711 -11.28170967102051 0
v 62.93835830688477 -2.763975143432617 0
v 63 -3.796405057725563e-15 0
v 62.93835830688477 2.763975143432617 0
v 62.93835830688477 2.763975143432617 153.4935455322266
v 62.74920272827148 5.570975303649902 0
v 62.42653656005859 8.413114547729492 0
v 61.35964584350586 14.16732025146484 0
v 57.43695068359375 25.66847610473633 0
v 57.43695068359375 25.66847610473633 153.4935455322266
v 52.89372253417969 33.92700576782227 0
v 52.89372253417969 33.92700576782227 153.4935455322266
v 51.08384704589844 36.54597091674805 0
v 51.08384704589844 36.54597091674805 153.4935455322266
v 44.84062194824219 43.84062194824219 0
v 44.84062194824219 43.84062194824219 153.4935455322266
v 37.54597091674805 50.08384704589844 0
v 37.54597091674805 50.08384704589844 153.4935455322266
v 34.92700576782227 51.89372253417969 0
v 34.92700576782227 51.89372253417969 153.4935455322266
v 29.47626495361328 55.0736083984375 0
v 29.47626495361328 55.0736083984375 153.4935455322266
v 26.66847610473633 56.43695068359375 0
v 26.66847610473633 56.43695068359375 153.4935455322266
v 23.82187271118164 57.64687347412109 0
v 23.82187271118164 57.64687347412109 153.4935455322266
v 15.16732025146484 60.35964584350586 0
v 15.16732025146484 60.35964584350586 153.4935455322266
v 6.570975303649902 61.74920272827148 0
v 6.570975303649902 61.74920272827148 153.4935455322266
v 3.763975143432617 61.93835830688477 0
v 3.763975143432617 61.93835830688477 153.4935455322266
v 1 62 0
v 1 62 153.4935455322266
v -4.570975303649902 61.74920272827148 0
v -4.570975303649902 61.74920272827148 153.4935455322266
v -7.413114070892334 61.42653656005859 0
v -7.413114070892334 61.42653656005859 153.4935455322266
v -10.28170967102051 60.96493148803711 0
v -10.28170967102051 60.96493148803711 153.4935455322266
v -16.0598087310791 59.60673522949219 0
v -16.0598087310791 59.60673522949219 153.4935455322266
v -18.94841957092285 58.70315551757812 0
v -18.94841957092285 58.70315551757812 153.4935455322266
v -27.47626495361328 55.0736083984375 0
v -27.47626495361328 55.0736083984375 153.4935455322266
v -45.05029678344727 41.51349258422852 0
v -45.05029678344727 41.51349258422852 153.4935455322266
v -47.13389587402344 39.07848358154297 0
v -47.13389587402344 39.07848358154297 153.4935455322266
v -52.55829620361328 31.23313522338867 0
v -52.55829620361328 31.23313522338867 153.4935455322266
v -55.43695068359375 25.66847610473633 0
v -55.43695068359375 25.66847610473633 153.4935455322266
v -56.64687347412109 22.82187271118164 0
v -56.64687347412109 22.82187271118164 153.4935455322266
v -57.70315551757812 19.94841957092285 0
v -57.70315551757812 19.94841957092285 153.4935455322266
v -58.60673522949219 17.0598087310791 0
v -58.60673522949219 17.0598087310791 153.4935455322266
v -59.35964584350586 14.16732025146484 0
v -59.35964584350586 14.16732025146484 153.4935455322266
v -60.42653656005859 8.413114547729492 0
v -60.42653656005859 8.413114547729492 153.4935455322266
v -61 1.138921517317669e-14 0
v -61 1.138921517317669e-14 153.4935455322266
v -60.42653656005859 -8.413114547729492 0
v -60.42653656005859 -8.413114547729492 153.4935455322266
v -59.35964584350586 -14.16732025146484 0
v -59.35964584350586 -14.16732025146484 153.4935455322266
v -58.60673522949219 -17.0598087310791 0
v -58.60673522949219 -17.0598087310791 153.4935455322266
v -57.70315551757812 -19.94841957092285 0
v -57.70315551757812 -19.94841957092285 153.4935455322266
v -56.64687347412109 -22.82187271118164 0
v -56.64687347412109 -22.82187271118164 153.4935455322266
v -55.43695068359375 -25.66847610473633 0
v -55.43695068359375 -25.66847610473633 153.4935455322266
v -52.55829620361328 -31.23313522338867 0
v -52.55829620361328 -31.23313522338867 153.4935455322266
v -50.89372253417969 -33.92700576782227 0
v -50.89372253417969 -33.92700576782227 153.4935455322266
v -47.13389587402344 -39.07848358154297 0
v -47.13389587402344 -39.07848358154297 153.4935455322266
v -42.84062194824219 -43.84062194824219 0
v -42.84062194824219 -43.84062194824219 153.4935455322266
v -40.51349258422852 -46.05029678344727 0
v -40.51349258422852 -46.05029678344727 153.4935455322266
v -35.54597091674805 -50.08384704589844 0
v -35.54597091674805 -50.08384704589844 153.4935455322266
v -27.47626495361328 -55.0736083984375 0
v -27.47626495361328 -55.0736083984375 153.4935455322266
v -18.94841957092285 -58.70315551757812 0
v -18.94841957092285 -58.70315551757812 153.4935455322266
v -13.16732025146484 -60.35964584350586 0
v -13.16732025146484 -60.35964584350586 153.4935455322266
v -10.28170967102051 -60.96493148803711 0
v -10.28170967102051 -60.96493148803711 153.4935455322266
v -4.570975303649902 -61.74920272827148 0
v -4.570975303649902 -61.74920272827148 153.4935455322266
v -1.763975143432617 -61.93835830688477 0
v -1.763975143432617 -61.93835830688477 153.4935455322266
v 1 -62 0
v 1 -62 153.4935455322266
v 2.376148462295532 -61.98472595214844 0
v 3.763975143432617 -61.93835830688477 0
v 5.162570953369141 -61.860107421875 0
v 7.988176822662354 -61.60491180419922 0
v 9.413114547729492 -61.42653656005859 0
v 10.84467792510986 -61.21341705322266 0
v 13.7230052947998 -60.68051528930664 0
v 15.16732025146484 -60.35964584350586 0
v 16.61336326599121 -60.00185775756836 0
v 19.50529289245605 -59.17393112182617 0
v 20.94841957092285 -58.70315551757812 0
v 22.38776397705078 -58.19418716430664 0
v 25.2492733001709 -57.06113052368164 0
v 26.66847610473633 -56.43695068359375 0
v 28.07797813415527 -55.77439498901367 0
v 29.47626495361328 -55.0736083984375 0
v 30.8618221282959 -54.33480834960938 0
v 33.58869552612305 -52.74444961547852 0
v 34.92700576782227 -51.89372253417969 0
v 36.24658203125 -51.00664901733398 0
v 37.54597091674805 -50.08384704589844 0
v 38.82373809814453 -49.12600708007812 0
v 41.30884170532227 -47.10835647583008 0
v 42.51349258422852 -46.05029678344727 0
v 43.691162109375 -44.96070098876953 0
v 45.96070098876953 -42.691162109375 0
v 48.10835647583008 -40.30884170532227 0
v 49.13389587402344 -39.07848358154297 0
v 50.12600708007812 -37.82373809814453 0
v 51.08384704589844 -36.54597091674805 0
v 52.00664901733398 -35.24658203125 0
v 52.89372253417969 -33.92700576782227 0
v 53.74444961547852 -32.58869552612305 0
v 54.55829620361328 -31.23313522338867 0
v 55.33480834960938 -29.8618221282959 0
v 56.77439498901367 -27.07797813415527 0
v 57.43695068359375 -25.66847610473633 0
v 58.06113052368164 -24.2492733001709 0
v 59.19418716430664 -21.38776397705078 0
v 59.70315551757812 -19.94841957092285 0
v 60.17393112182617 -18.50529289245605 0
v 61.00185775756836 -15.61336326599121 0
v 61.68051528930664 -12.7230052947998 0
v 62.21341705322266 -9.844677925109863 0
v 62.42653656005859 -8.413114547729492 0
v 62.60491180419922 -6.988176822662354 0
v 62.74920272827148 -5.570975303649902 0
v 62.860107421875 -4.162570953369141 0
v 62.98472595214844 -1.376148462295532 0
v 62.98472595214844 1.376148462295532 0
v 62.860107421875 4.162570953369141 0
v 62.60491180419922 6.988176822662354 0
v 62.21341705322266 9.844677925109863 0
v 61.96493148803711 11.28170967102051 0
v 61.68051528930664 12.7230052947998 0
v 61.00185775756836 15.61336326599121 0
v 60.60673522949219 17.0598087310791 0
v 60.17393112182617 18.50529289245605 0
v 59.70315551757812 19.94841957092285 0
v 59.19418716430664 21.38776397705078 0
v 58.64687347412109 22.82187271118164 0
v 58.06113052368164 24.2492733001709 0
v 56.77439498901367 27.07797813415527 0
v 56.0736083984375 28.47626495361328 0
v 55.33480834960938 29.8618221282959 0
v 54.55829620361328 31.23313522338867 0
v 53.74444961547852 32.58869552612305 0
v 52.00664901733398 35.24658203125 0
v 50.12600708007812 37.82373809814453 0
v 49.13389587402344 39.07848358154297 0
v 48.10835647583008 40.30884170532227 0
v 47.05029678344727 41.51349258422852 0
v 45.96070098876953 42.691162109375 0
v 43.691162109375 44.96070098876953 0
v 42.51349258422852 46.05029678344727 0
v 41.30884170532227 47.10835647583008 0
v 40.07848358154297 48.13389587402344 0
v 38.82373809814453 49.12600708007812 0
v 36.24658203125 51.00664901733398 0
v 33.58869552612305 52.74444961547852 0
v 32.23313522338867 53.55829620361328 0
v 30.8618221282959 54.33480834960938 0
v 28.07797813415527 55.77439498901367 0
v 25.2492733001709 57.06113052368164 0
v 22.38776397705078 58.19418716430664 0
v 20.94841957092285 58.70315551757812 0
v 19.50529289245605 59.17393112182617 0
v 18.0598087310791 59.60673522949219 0
v 16.61336326599121 60.00185775756836 0
v 13.7230052947998 60.68051528930664 0
v 12.28170967102051 60.96493148803711 0
v 10.84467792510986 61.21341705322266 0
v 9.413114547729492 61.42653656005859 0
v 7.988176822662354 61.60491180419922 0
v 5.162570953369141 61.860107421875 0
v 2.376148462295532 61.98472595214844 0
v -0.376148521900177 61.98472595214844 0
v -1.763975143432617 61.93835830688477 0
v -3.162570953369141 61.860107421875 0
v -5.988176822662354 61.60491180419922 0
v -8.844677925109863 61.21341705322266 0
v -11.7230052947998 60.68051528930664 0
v -13.16732025146484 60.35964584350586 0
v -14.61336326599121 60.00185775756836 0
v -17.50529289245605 59.17393112182617 0
v -20.38776397705078 58.19418716430664 0
v -21.82187271118164 57.64687347412109 0
v -23.2492733001709 57.06113052368164 0
v -24.66847610473633 56.43695068359375 0
v -26.07797813415527 55.77439498901367 0
v -28.8618221282959 54.33480834960938 0
v -30.23313522338867 53.55829620361328 0
v -31.58869552612305 52.74444961547852 0
v -32.92700576782227 51.89372253417969 0
v -34.24658203125 51.00664901733398 0
v -35.54597091674805 50.08384704589844 0
v -36.82373809814453 49.12600708007812 0
v -38.07848358154297 48.13389587402344 0
v -39.30884170532227 47.10835647583008 0
v -40.51349258422852 46.05029678344727 0
v -41.691162109375 44.96070098876953 0
v -42.84062194824219 43.84062194824219 0
v -43.96070098876953 42.691162109375 0
v -46.10835647583008 40.30884170532227 0
v -48.12600708007812 37.82373809814453 0
v -49.08384704589844 36.54597091674805 0
v -50.00664901733398 35.24658203125 0
v -50.89372253417969 33.92700576782227 0
v -51.74444961547852 32.58869552612305 0
v -53.33480834960938 29.8618221282959 0
v -54.0736083984375 28.47626495361328 0
v -54.77439498901367 27.07797813415527 0
v -56.06113052368164 24.2492733001709 0
v -57.19418716430664 21.38776397705078 0
v -58.17393112182617 18.50529289245605 0
v -59.00185775756836 15.61336326599121 0
v -59.68051528930664 12.7230052947998 0
v -59.96493148803711 11.28170967102051 0
v -60.21341705322266 9.844677925109863 0
v -60.60491180419922 6.988176822662354 0
v -60.74920272827148 5.570975303649902 0
v -60.860107421875 4.162570953369141 0
v -60.93835830688477 2.763975143432617 0
v -60.98472595214844 1.376148462295532 0
v -60.98472595214844 -1.376148462295532 0
v -60.93835830688477 -2.763975143432617 0
v -60.860107421875 -4.162570953369141 0
v -60.74920272827148 -5.570975303649902 0
v -60.60491180419922 -6.988176822662354 0
v -60.21341705322266 -9.844677925109863 0
v -59.96493148803711 -11.28170967102051 0
v -59.68051528930664 -12.7230052947998 0
v -59.00185775756836 -15.61336326599121 0
v -58.17393112182617 -18.50529289245605 0
v -57.19418716430664 -21.38776397705078 0
v -56.06113052368164 -24.2492733001709 0
v -54.77439498901367 -27.07797813415527 0
v -54.0736083984375 -28.47626495361328 0
v -53.33480834960938 -29.8618221282959 0
v -51.74444961547852 -32.58869552612305 0
v -50.00664901733398 -35.24658203125 0
v -49.08384704589844 -36.54597091674805 0
v -48.12600708007812 -37.82373809814453 0
v -46.10835647583008 -40.30884170532227 0
v -45.05029678344727 -41.51349258422852 0
v -43.96070098876953 -42.691162109375 0
v -41.691162109375 -44.96070098876953 0
v -39.30884170532227 -47.10835647583008 0
v -38.07848358154297 -48.13389587402344 0
v -36.82373809814453 -49.12600708007812 0
v -34.24658203125 -51.00664901733398 0
v -32.92700576782227 -51.89372253417969 0
v -31.58869552612305 -52.74444961547852 0
v -30.23313522338867 -53.55829620361328 0
v -28.8618221282959 -54.33480834960938 0
v -26.07797813415527 -55.77439498901367 0
v -24.66847610473633 -56.43695068359375 0
v -23.2492733001709 -57.06113052368164 0
v -21.82187271118164 -57.64687347412109 0
v -20.38776397705078 -58.19418716430664 0
v -17.50529289245605 -59.17393112182617 0
v -16.0598087310791 -59.60673522949219 0
v -14.61336326599121 -60.00185775756836 0
v -11.7230052947998 -60.68051528930664 0
v -8.844677925109863 -61.21341705322266 0
v -7.413114070892334 -61.42653656005859 0
v -5.988176822662354 -61.60491180419922 0
v -3.162570953369141 -61.860107421875 0
v -0.376148521900177 -61.98472595214844 0
v -0.376148521900177 -61.98472595214844 153.4935455322266
v -3.162570953369141 -61.860107421875 153.4935455322266
v -5.988176822662354 -61.60491180419922 153.4935455322266
v -7.413114070892334 -61.42653656005859 153.4935455322266
v -8.844677925109863 -61.21341705322266 153.4935455322266
v -11.7230052947998 -60.68051528930664 153.4935455322266
v -14.61336326599121 -60.00185775756836 153.4935455322266
v -16.0598087310791 -59.60673522949219 153.4935455322266
v -17.50529289245605 -59.17393112182617 153.4935455322266
v -20.38776397705078 -58.19418716430664 153.4935455322266
v -21.82187271118164 -57.64687347412109 153.4935455322266
v -23.2492733001709 -57.06113052368164 153.4935455322266
v -24.66847610473633 -56.43695068359375 153.4935455322266
v -26.07797813415527 -55.77439498901367 153.4935455322266
v -28.8618221282959 -54.33480834960938 153.4935455322266
v -30.23313522338867 -53.55829620361328 153.4935455322266
v -31.58869552612305 -52.74444961547852 153.4935455322266
v -32.92700576782227 -51.89372253417969 153.4935455322266
v -34.24658203125 -51.00664901733398 153.4935455322266
v -36.82373809814453 -49.12600708007812 153.4935455322266
v -38.07848358154297 -48.13389587402344 153.4935455322266
v -39.30884170532227 -47.10835647583008 153.4935455322266
v -41.691162109375 -44.96070098876953 153.4935455322266
v -43.96070098876953 -42.691162109375 153.4935455322266
v -45.05029678344727 -41.51349258422852 153.4935455322266
v -46.10835647583008 -40.30884170532227 153.4935455322266
v -48.12600708007812 -37.82373809814453 153.4935455322266
v -49.08384704589844 -36.54597091674805 153.4935455322266
v -50.00664901733398 -35.24658203125 153.4935455322266
v -51.74444961547852 -32.58869552612305 153.4935455322266
v -53.33480834960938 -29.8618221282959 153.4935455322266
v -54.0736083984375 -28.47626495361328 153.4935455322266
v -54.77439498901367 -27.07797813415527 153.4935455322266
v -56.06113052368164 -24.2492733001709 153.4935455322266
v -57.19418716430664 -21.38776397705078 153.4935455322266
v -58.17393112182617 -18.50529289245605 153.4935455322266
v -59.00185775756836 -15.61336326599121 153.4935455322266
v -59.68051528930664 -12.7230052947998 153.4935455322266
v -59.96493148803711 -11.28170967102051 153.4935455322266
v -60.21341705322266 -9.844677925109863 153.4935455322266
v -60.60491180419922 -6.988176822662354 153.4935455322266
v -60.74920272827148 -5.570975303649902 153.4935455322266
v -60.860107421875 -4.162570953369141 153.4935455322266
v -60.93835830688477 -2.763975143432617 153.4935455322266
v -60.98472595214844 -1.376148462295532 153.4935455322266
v -60.98472595214844 1.376148462295532 153.4935455322266
v -60.93835830688477 2.763975143432617 153.4935455322266
v -60.860107421875 4.162570953369141 153.4935455322266
v -60.74920272827148 5.570975303649902 153.4935455322266
v -60.60491180419922 6.988176822662354 153.4935455322266
v -60.21341705322266 9.844677925109863 153.4935455322266
v -59.96493148803711 11.28170967102051 153.4935455322266
v -59.68051528930664 12.7230052947998 153.4935455322266
v -59.00185775756836 15.61336326599121 153.4935455322266
v -58.17393112182617 18.50529289245605 153.4935455322266
v -57.19418716430664 21.38776397705078 153.4935455322266
v -56.06113052368164 24.2492733001709 153.4935455322266
v -54.77439498901367 27.07797813415527 153.4935455322266
v -54.0736083984375 28.47626495361328 153.4935455322266
v -53.33480834960938 29.8618221282959 153.4935455322266
v -51.74444961547852 32.58869552612305 153.4935455322266
v -50.89372253417969 33.92700576782227 153.4935455322266
v -50.00664901733398 35.24658203125 153.4935455322266
v -49.08384704589844 36.54597091674805 153.4935455322266
v -48.12600708007812 37.82373809814453 153.4935455322266
v -46.10835647583008 40.30884170532227 153.4935455322266
v -43.96070098876953 42.691162109375 153.4935455322266
v -42.84062194824219 43.84062194824219 153.4935455322266
v -41.691162109375 44.96070098876953 153.4935455322266
v -40.51349258422852 46.05029678344727 153.4935455322266
v -39.30884170532227 47.10835647583008 153.4935455322266
v -38.07848358154297 48.13389587402344 153.4935455322266
v -36.82373809814453 49.12600708007812 153.4935455322266
v -35.54597091674805 50.08384704589844 153.4935455322266
v -34.24658203125 51.00664901733398 153.4935455322266
v -32.92700576782227 51.89372253417969 153.4935455322266
v -31.58869552612305 52.74444961547852 153.4935455322266
v -30.23313522338867 53.55829620361328 153.4935455322266
v -28.8618221282959 54.33480834960938 153.4935455322266
v -26.07797813415527 55.77439498901367 153.4935455322266
v -24.66847610473633 56.43695068359375 153.4935455322266
v -23.2492733001709 57.06113052368164 153.4935455322266
v -21.82187271118164 57.64687347412109 153.4935455322266
v -20.38776397705078 58.19418716430664 153.4935455322266
v -17.50529289245605 59.17393112182617 153.4935455322266
v -14.61336326599121 60.00185775756836 153.4935455322266
v -13.16732025146484 60.35964584350586 153.4935455322266
v -11.7230052947998 60.68051528930664 153.4935455322266
v -8.844677925109863 61.21341705322266 153.4935455322266
v -5.988176822662354 61.60491180419922 153.4935455322266
v -3.162570953369141 61.860107421875 153.4935455322266
v -1.763975143432617 61.93835830688477 153.4935455322266
v -0.376148521900177 61.98472595214844 153.4935455322266
v 2.376148462295532 61.98472595214844 153.4935455322266
v 5.162570953369141 61.860107421875 153.4935455322266
v 7.988176822662354 61.60491180419922 153.4935455322266
v 9.413114547729492 61.42653656005859 153.4935455322266
v 10.84467792510986 61.21341705322266 153.4935455322266
v 12.28170967102051 60.96493148803711 153.4935455322266
v 13.7230052947998 60.68051528930664 153.4935455322266
v 16.61336326599121 60.00185775756836 153.4935455322266
v 18.0598087310791 59.60673522949219 153.4935455322266
v 19.50529289245605 59.17393112182617 153.4935455322266
v 20.94841957092285 58.70315551757812 153.4935455322266
v 22.38776397705078 58.19418716430664 153.4935455322266
v 25.2492733001709 57.06113052368164 153.4935455322266
v 28.07797813415527 55.77439498901367 153.4935455322266
v 30.8618221282959 54.33480834960938 153.4935455322266
v 32.23313522338867 53.55829620361328 153.4935455322266
v 33.58869552612305 52.74444961547852 153.4935455322266
v 36.24658203125 51.00664901733398 153.4935455322266
v 38.82373809814453 49.12600708007812 153.4935455322266
v 40.07848358154297 48.13389587402344 153.4935455322266
v 41.30884170532227 47.10835647583008 153.4935455322266
v 42.51349258422852 46.05029678344727 153.4935455322266
v 43.691162109375 44.96070098876953 153.4935455322266
v 45.96070098876953 42.691162109375 153.4935455322266
v 47.05029678344727 41.51349258422852 153.4935455322266
v 48.10835647583008 40.30884170532227 153.4935455322266
v 49.13389587402344 39.07848358154297 153.4935455322266
v 50.12600708007812 37.82373809814453 153.4935455322266
v 52.00664901733398 35.24658203125 153.4935455322266
v 53.74444961547852 32.58869552612305 153.4935455322266
v 54.55829620361328 31.23313522338867 153.4935455322266
v 55.33480834960938 29.8618221282959 153.4935455322266
v 56.0736083984375 28.47626495361328 153.4935455322266
v 56.77439498901367 27.07797813415527 153.4935455322266
v 58.06113052368164 24.2492733001709 153.4935455322266
v 58.64687347412109 22.82187271118164 153.4935455322266
v 59.19418716430664 21.38776397705078 153.4935455322266
v 59.70315551757812 19.94841957092285 153.4935455322266
v 60.17393112182617 18.50529289245605 153.4935455322266
v 60.60673522949219 17.0598087310791 153.4935455322266
v 61.00185775756836 15.61336326599121 153.4935455322266
v 61.35964584350586 14.16732025146484 153.4935455322266
v 61.68051528930664 12.7230052947998 153.4935455322266
v 61.96493148803711 11.28170967102051 153.4935455322266
v 62.21341705322266 9.844677925109863 153.4935455322266
v 62.42653656005859 8.413114547729492 153.4935455322266
v 62.60491180419922 6.988176822662354 153.4935455322266
v 62.74920272827148 5.570975303649902 153.4935455322266
v 62.860107421875 4.162570953369141 153.4935455322266
v 62.98472595214844 1.376148462295532 153.4935455322266
v 63 -3.796405057725563e-15 153.4935455322266
v 62.98472595214844 -1.376148462295532 153.4935455322266
v 62.93835830688477 -2.763975143432617 153.4935455322266
v 62.860107421875 -4.162570953369141 153.4935455322266
v 62.74920272827148 -5.570975303649902 153.4935455322266
v 62.60491180419922 -6.988176822662354 153.4935455322266
v 62.42653656005859 -8.413114547729492 153.4935455322266
v 62.21341705322266 -9.844677925109863 153.4935455322266
v 61.96493148803711 -11.28170967102051 153.4935455322266
v 61.68051528930664 -12.7230052947998 153.4935455322266
v 61.00185775756836 -15.61336326599121 153.4935455322266
v 60.60673522949219 -17.0598087310791 153.4935455322266
v 60.17393112182617 -18.50529289245605 153.4935455322266
v 59.70315551757812 -19.94841957092285 153.4935455322266
v 59.19418716430664 -21.38776397705078 153.4935455322266
v 58.64687347412109 -22.82187271118164 153.4935455322266
v 58.06113052368164 -24.2492733001709 153.4935455322266
v 57.43695068359375 -25.66847610473633 153.4935455322266
v 56.77439498901367 -27.07797813415527 153.4935455322266
v 55.33480834960938 -29.8618221282959 153.4935455322266
v 54.55829620361328 -31.23313522338867 153.4935455322266
v 53.74444961547852 -32.58869552612305 153.4935455322266
v 52.89372253417969 -33.92700576782227 153.4935455322266
v 52.00664901733398 -35.24658203125 153.4935455322266
v 51.08384704589844 -36.54597091674805 153.4935455322266
v 50.12600708007812 -37.82373809814453 153.4935455322266
v 49.13389587402344 -39.07848358154297 153.4935455322266
v 48.10835647583008 -40.30884170532227 153.4935455322266
v 47.05029678344727 -41.51349258422852 153.4935455322266
v 45.96070098876953 -42.691162109375 153.4935455322266
v 44.84062194824219 -43.84062194824219 153.4935455322266
v 43.691162109375 -44.96070098876953 153.4935455322266
v 42.51349258422852 -46.05029678344727 153.4935455322266
v 41.30884170532227 -47.10835647583008 153.4935455322266
v 40.07848358154297 -48.13389587402344 153.4935455322266
v 38.82373809814453 -49.12600708007812 153.4935455322266
v 37.54597091674805 -50.08384704589844 153.4935455322266
v 36.24658203125 -51.00664901733398 153.4935455322266
v 34.92700576782227 -51.89372253417969 153.4935455322266
v 33.58869552612305 -52.74444961547852 153.4935455322266
v 30.8618221282959 -54.33480834960938 153.4935455322266
v 29.47626495361328 -55.0736083984375 153.4935455322266
v 28.07797813415527 -55.77439498901367 153.4935455322266
v 26.66847610473633 -56.43695068359375 153.4935455322266
v 25.2492733001709 -57.06113052368164 153.4935455322266
v 23.82187271118164 -57.64687347412109 153.4935455322266
v 22.38776397705078 -58.19418716430664 153.4935455322266
v 20.94841957092285 -58.70315551757812 153.4935455322266
v 19.50529289245605 -59.17393112182617 153.4935455322266
v 18.0598087310791 -59.60673522949219 153.4935455322266
v 16.61336326599121 -60.00185775756836 153.4935455322266
v 15.16732025146484 -60.35964584350586 153.4935455322266
v 13.7230052947998 -60.68051528930664 153.4935455322266
v 12.28170967102051 -60.96493148803711 153.4935455322266
v 10.84467792510986 -61.21341705322266 153.4935455322266
v 9.413114547729492 -61.42653656005859 153.4935455322266
v 7.988176822662354 -61.60491180419922 153.4935455322266
v 6.570975303649902 -61.74920272827148 153.4935455322266
v 5.162570953369141 -61.860107421875 153.4935455322266
v 3.763975143432617 -61.93835830688477 153.4935455322266
v 2.376148462295532 -61.98472595214844 153.4935455322266
v 1 -60.5 0
v 1 -62 0
v 6.436193466186523 -60.25527191162109 0
v 9.20957088470459 -59.94041061401367 0
v 12.00876426696777 -59.48997497558594 0
v 17.64707183837891 -58.16463851928711 0
v 20.46579742431641 -57.28291702270508 0
v 23.26972961425781 -56.25219345092773 0
v 31.47749519348145 -52.26253128051758 0
v 32.23313522338867 -53.55829620361328 0
v 43.77996063232422 -42.77996063232422 0
v 45.93617630004883 -40.50913619995117 0
v 54.74118423461914 -27.78732299804688 0
v 56.0736083984375 -28.47626495361328 0
v 57.25219345092773 -22.26972961425781 0
v 59.16463851928711 -16.64707183837891 0
v 59.89933395385742 -13.82456207275391 0
v 61.35964584350586 -14.16732025146484 0
v 60.48997497558594 -11.00876426696777 0
v 61.43984985351562 -2.697104692459106 0
v 61.5 -3.981377148131642e-15 0
v 61.43984985351562 2.697104692459106 0
v 62.93835830688477 2.763975143432617 0
v 61.25527191162109 5.436193466186523 0
v 60.94041061401367 8.20957088470459 0
v 59.89933395385742 13.82456207275391 0
v 56.07154083251953 25.04746437072754 0
v 57.43695068359375 25.66847610473633 0
v 51.63822937011719 33.1061897277832 0
v 52.89372253417969 33.92700576782227 0
v 49.87214279174805 35.66179656982422 0
v 51.08384704589844 36.54597091674805 0
v 43.77996063232422 42.77996063232422 0
v 44.84062194824219 43.84062194824219 0
v 36.66179656982422 48.87214279174805 0
v 37.54597091674805 50.08384704589844 0
v 34.1061897277832 50.63822937011719 0
v 34.92700576782227 51.89372253417969 0
v 28.78732299804688 53.74118423461914 0
v 29.47626495361328 55.0736083984375 0
v 26.04746437072754 55.07154083251953 0
v 26.66847610473633 56.43695068359375 0
v 23.26972961425781 56.25219345092773 0
v 23.82187271118164 57.64687347412109 0
v 17.64707183837891 58.16463851928711 0
v 14.82456207275391 58.89933395385742 0
v 15.16732025146484 60.35964584350586 0
v 6.436193466186523 60.25527191162109 0
v 6.570975303649902 61.74920272827148 0
v 3.697104692459106 60.43984985351562 0
v 3.763975143432617 61.93835830688477 0
v 1 60.5 0
v 1 62 0
v -4.436193466186523 60.25527191162109 0
v -4.570975303649902 61.74920272827148 0
v -7.209571361541748 59.94041061401367 0
v -7.413114070892334 61.42653656005859 0
v -10.00876426696777 59.48997497558594 0
v -10.28170967102051 60.96493148803711 0
v -15.64707183837891 58.16463851928711 0
v -16.0598087310791 59.60673522949219 0
v -18.46579742431641 57.28291702270508 0
v -18.94841957092285 58.70315551757812 0
v -26.78732299804688 53.74118423461914 0
v -27.47626495361328 55.0736083984375 0
v -43.93617630004883 40.50913619995117 0
v -45.05029678344727 41.51349258422852 0
v -45.96936798095703 38.13303756713867 0
v -47.13389587402344 39.07848358154297 0
v -51.26253128051758 30.47749519348145 0
v -52.55829620361328 31.23313522338867 0
v -54.07154083251953 25.04746437072754 0
v -55.43695068359375 25.66847610473633 0
v -55.25219345092773 22.26972961425781 0
v -56.64687347412109 22.82187271118164 0
v -56.28291702270508 19.46579742431641 0
v -57.70315551757812 19.94841957092285 0
v -57.16463851928711 16.64707183837891 0
v -58.60673522949219 17.0598087310791 0
v -57.89933395385742 13.82456207275391 0
v -59.35964584350586 14.16732025146484 0
v -58.94041061401367 8.20957088470459 0
v -60.42653656005859 8.413114547729492 0
v -59.5 1.111175682580933e-14 0
v -61 1.138921517317669e-14 0
v -58.94041061401367 -8.20957088470459 0
v -60.42653656005859 -8.413114547729492 0
v -57.89933395385742 -13.82456207275391 0
v -59.35964584350586 -14.16732025146484 0
v -57.16463851928711 -16.64707183837891 0
v -58.60673522949219 -17.0598087310791 0
v -56.28291702270508 -19.46579742431641 0
v -57.70315551757812 -19.94841957092285 0
v -55.25219345092773 -22.26972961425781 0
v -56.64687347412109 -22.82187271118164 0
v -54.07154083251953 -25.04746437072754 0
v -55.43695068359375 -25.66847610473633 0
v -51.26253128051758 -30.47749519348145 0
v -52.55829620361328 -31.23313522338867 0
v -49.63822937011719 -33.1061897277832 0
v -50.89372253417969 -33.92700576782227 0
v -45.96936798095703 -38.13303756713867 0
v -47.13389587402344 -39.07848358154297 0
v -41.77996063232422 -42.77996063232422 0
v -42.84062194824219 -43.84062194824219 0
v -39.50913619995117 -44.93617630004883 0
v -40.51349258422852 -46.05029678344727 0
v -34.66179656982422 -48.87214279174805 0
v -35.54597091674805 -50.08384704589844 0
v -26.78732299804688 -53.74118423461914 0
v -27.47626495361328 -55.0736083984375 0
v -18.46579742431641 -57.28291702270508 0
v -18.94841957092285 -58.70315551757812 0
v -12.82456207275391 -58.89933395385742 0
v -13.16732025146484 -60.35964584350586 0
v -10.00876426696777 -59.48997497558594 0
v -10.28170967102051 -60.96493148803711 0
v -4.436193466186523 -60.25527191162109 0
v -4.570975303649902 -61.74920272827148 0
v -1.697104811668396 -60.43984985351562 0
v -1.763975143432617 -61.93835830688477 0
v 1 -60.5 0
v 1 -62 0
v 2.342854499816895 -60.4850959777832 0
v 3.697104692459106 -60.43984985351562 0
v 5.061863422393799 -60.36349105834961 0
v 7.819108009338379 -60.11447143554688 0
v 10.60649967193604 -59.73244476318359 0
v 13.41519069671631 -59.21244049072266 0
v 14.82456207275391 -58.89933395385742 0
v 16.23562049865723 -58.55019760131836 0
v 19.05758476257324 -57.74230194091797 0
v 21.87031745910645 -56.7862663269043 0
v 24.66259765625 -55.68062210083008 0
v 26.04746437072754 -55.07154083251953 0
v 27.42286491394043 -54.42501449584961 0
v 28.78732299804688 -53.74118423461914 0
v 30.13935852050781 -53.02025985717773 0
v 32.80025863647461 -51.4683723449707 0
v 34.1061897277832 -50.63822937011719 0
v 35.39384460449219 -49.77261734008789 0
v 36.66179656982422 -48.87214279174805 0
v 37.90864944458008 -47.93747711181641 0
v 39.13303756713867 -46.96936798095703 0
v 40.3336296081543 -45.9686393737793 0
v 41.50913619995117 -44.93617630004883 0
v 42.65830993652344 -43.87294387817383 0
v 44.87294387817383 -41.65830993652344 0
v 46.9686393737793 -39.3336296081543 0
v 47.96936798095703 -38.13303756713867 0
v 48.93747711181641 -36.90864944458008 0
v 49.87214279174805 -35.66179656982422 0
v 50.77261734008789 -34.39384460449219 0
v 51.63822937011719 -33.1061897277832 0
v 52.4683723449707 -31.80025863647461 0
v 53.26253128051758 -30.47749519348145 0
v 54.02025985717773 -29.13935852050781 0
v 55.42501449584961 -26.42286491394043 0
v 56.07154083251953 -25.04746437072754 0
v 56.68062210083008 -23.66259765625 0
v 57.7862663269043 -20.87031745910645 0
v 58.28291702270508 -19.46579742431641 0
v 58.74230194091797 -18.05758476257324 0
v 59.55019760131836 -15.23562145233154 0
v 60.21244049072266 -12.41519069671631 0
v 60.73244476318359 -9.606499671936035 0
v 60.94041061401367 -8.20957088470459 0
v 61.11447143554688 -6.819108009338379 0
v 61.25527191162109 -5.436193466186523 0
v 61.36349105834961 -4.061863422393799 0
v 61.4850959777832 -1.342854619026184 0
v 61.4850959777832 1.342854619026184 0
v 61.36349105834961 4.061863422393799 0
v 61.11447143554688 6.819108009338379 0
v 60.73244476318359 9.606499671936035 0
v 60.48997497558594 11.00876426696777 0
v 60.21244049072266 12.41519069671631 0
v 59.55019760131836 15.23562145233154 0
v 59.16463851928711 16.64707183837891 0
v 58.74230194091797 18.05758476257324 0
v 58.28291702270508 19.46579742431641 0
v 57.7862663269043 20.87031745910645 0
v 57.25219345092773 22.26972961425781 0
v 56.68062210083008 23.66259765625 0
v 55.42501449584961 26.42286491394043 0
v 54.74118423461914 27.78732299804688 0
v 54.02025985717773 29.13935852050781 0
v 53.26253128051758 30.47749519348145 0
v 52.4683723449707 31.80025863647461 0
v 50.77261734008789 34.39384460449219 0
v 48.93747711181641 36.90864944458008 0
v 47.96936798095703 38.13303756713867 0
v 46.9686393737793 39.3336296081543 0
v 45.93617630004883 40.50913619995117 0
v 44.87294387817383 41.65830993652344 0
v 42.65830993652344 43.87294387817383 0
v 41.50913619995117 44.93617630004883 0
v 40.3336296081543 45.9686393737793 0
v 39.13303756713867 46.96936798095703 0
v 37.90864944458008 47.93747711181641 0
v 35.39384460449219 49.77261734008789 0
v 32.80025863647461 51.4683723449707 0
v 31.47749519348145 52.26253128051758 0
v 30.13935852050781 53.02025985717773 0
v 27.42286491394043 54.42501449584961 0
v 24.66259765625 55.68062210083008 0
v 21.87031745910645 56.7862663269043 0
v 20.46579742431641 57.28291702270508 0
v 19.05758476257324 57.74230194091797 0
v 16.23562049865723 58.55019760131836 0
v 13.41519069671631 59.21244049072266 0
v 12.00876426696777 59.48997497558594 0
v 10.60649967193604 59.73244476318359 0
v 9.20957088470459 59.94041061401367 0
v 7.819108009338379 60.11447143554688 0
v 5.061863422393799 60.36349105834961 0
v 2.342854499816895 60.4850959777832 0
v -0.3428545892238617 60.4850959777832 0
v -1.697104811668396 60.43984985351562 0
v -3.061863422393799 60.36349105834961 0
v -5.819108009338379 60.11447143554688 0
v -8.606499671936035 59.73244476318359 0
v -11.41519069671631 59.21244049072266 0
v -12.82456207275391 58.89933395385742 0
v -14.23562145233154 58.55019760131836 0
v -17.05758476257324 57.74230194091797 0
v -19.87031745910645 56.7862663269043 0
v -21.26972961425781 56.25219345092773 0
v -22.66259765625 55.68062210083008 0
v -24.04746437072754 55.07154083251953 0
v -25.42286491394043 54.42501449584961 0
v -28.13935852050781 53.02025985717773 0
v -29.47749519348145 52.26253128051758 0
v -30.80025863647461 51.4683723449707 0
v -32.1061897277832 50.63822937011719 0
v -33.39384460449219 49.77261734008789 0
v -34.66179656982422 48.87214279174805 0
v -35.90864944458008 47.93747711181641 0
v -37.13303756713867 46.96936798095703 0
v -38.3336296081543 45.9686393737793 0
v -39.50913619995117 44.93617630004883 0
v -40.65830993652344 43.87294387817383 0
v -41.77996063232422 42.77996063232422 0
v -42.87294387817383 41.65830993652344 0
v -44.9686393737793 39.3336296081543 0
v -46.93747711181641 36.90864944458008 0
v -47.87214279174805 35.66179656982422 0
v -48.77261734008789 34.39384460449219 0
v -49.63822937011719 33.1061897277832 0
v -50.4683723449707 31.80025863647461 0
v -52.02025985717773 29.13935852050781 0
v -52.74118423461914 27.78732299804688 0
v -53.42501449584961 26.42286491394043 0
v -54.68062210083008 23.66259765625 0
v -55.7862663269043 20.87031745910645 0
v -56.74230194091797 18.05758476257324 0
v -57.55019760131836 15.23562145233154 0
v -58.21244049072266 12.41519069671631 0
v -58.48997497558594 11.00876426696777 0
v -58.73244476318359 9.606499671936035 0
v -59.11447143554688 6.819108009338379 0
v -59.25527191162109 5.436193466186523 0
v -59.36349105834961 4.061863422393799 0
v -59.43984985351562 2.697104692459106 0
v -59.4850959777832 1.342854619026184 0
v -59.4850959777832 -1.342854619026184 0
v -59.43984985351562 -2.697104692459106 0
v -59.36349105834961 -4.061863422393799 0
v -59.25527191162109 -5.436193466186523 0
v -59.11447143554688 -6.819108009338379 0
v -58.73244476318359 -9.606499671936035 0
v -58.48997497558594 -11.00876426696777 0
v -58.21244049072266 -12.41519069671631 0
v -57.55019760131836 -15.23562145233154 0
v -56.74230194091797 -18.05758476257324 0
v -55.7862663269043 -20.87031745910645 0
v -54.68062210083008 -23.66259765625 0
v -53.42501449584961 -26.42286491394043 0
v -52.74118423461914 -27.78732299804688 0
v -52.02025985717773 -29.13935852050781 0
v -50.4683723449707 -31.80025863647461 0
v -48.77261734008789 -34.39384460449219 0
v -47.87214279174805 -35.66179656982422 0
v -46.93747711181641 -36.90864944458008 0
v -44.9686393737793 -39.3336296081543 0
v -43.93617630004883 -40.50913619995117 0
v -42.87294387817383 -41.65830993652344 0
v -40.65830993652344 -43.87294387817383 0
v -38.3336296081543 -45.9686393737793 0
v -37.13303756713867 -46.96936798095703 0
v -35.90864944458008 -47.93747711181641 0
v -33.39384460449219 -49.77261734008789 0
v -32.1061897277832 -50.63822937011719 0
v -30.80025863647461 -51.4683723449707 0
v -29.47749519348145 -52.26253128051758 0
v -28.13935852050781 -53.02025985717773 0
v -25.42286491394043 -54.42501449584961 0
v -24.04746437072754 -55.07154083251953 0
v -22.66259765625 -55.68062210083008 0
v -21.26972961425781 -56.25219345092773 0
v -19.87031745910645 -56.7862663269043 0
v -17.05758476257324 -57.74230194091797 0
v -15.64707183837891 -58.16463851928711 0
v -14.23562145233154 -58.55019760131836 0
v -11.41519069671631 -59.21244049072266 0
v -8.606499671936035 -59.73244476318359 0
v -7.209571361541748 -59.94041061401367 0
v -5.819108009338379 -60.11447143554688 0
v -3.061863422393799 -60.36349105834961 0
v -0.3428545892238617 -60.4850959777832 0
v -0.376148521900177 -61.98472595214844 0
v -3.162570953369141 -61.860107421875 0
v -5.988176822662354 -61.60491180419922 0
v -7.413114070892334 -61.42653656005859 0
v -8.844677925109863 -61.21341705322266 0
v -11.7230052947998 -60.68051528930664 0
v -14.61336326599121 -60.00185775756836 0
v -16.0598087310791 -59.60673522949219 0
v -17.50529289245605 -59.17393112182617 0
v -20.38776397705078 -58.19418716430664 0
v -21.82187271118164 -57.64687347412109 0
v -23.2492733001709 -57.06113052368164 0
v -24.66847610473633 -56.43695068359375 0
v -26.07797813415527 -55.77439498901367 0
v -28.8618221282959 -54.33480834960938 0
v -30.23313522338867 -53.55829620361328 0
v -31.58869552612305 -52.74444961547852 0
v -32.92700576782227 -51.89372253417969 0
v -34.24658203125 -51.00664901733398 0
v -36.82373809814453 -49.12600708007812 0
v -38.07848358154297 -48.13389587402344 0
v -39.30884170532227 -47.10835647583008 0
v -41.691162109375 -44.96070098876953 0
v -43.96070098876953 -42.691162109375 0
v -45.05029678344727 -41.51349258422852 0
v -46.10835647583008 -40.30884170532227 0
v -48.12600708007812 -37.82373809814453 0
v -49.08384704589844 -36.54597091674805 0
v -50.00664901733398 -35.24658203125 0
v -51.74444961547852 -32.58869552612305 0
v -53.33480834960938 -29.8618221282959 0
v -54.0736083984375 -28.47626495361328 0
v -54.77439498901367 -27.07797813415527 0
v -56.06113052368164 -24.2492733001709 0
v -57.19418716430664 -21.38776397705078 0
v -58.17393112182617 -18.50529289245605 0
v -59.00185775756836 -15.61336326599121 0
v -59.68051528930664 -12.7230052947998 0
v -59.96493148803711 -11.28170967102051 0
v -60.21341705322266 -9.844677925109863 0
v -60.60491180419922 -6.988176822662354 0
v -60.74920272827148 -5.570975303649902 0
v -60.860107421875 -4.162570953369141 0
v -60.93835830688477 -2.763975143432617 0
v -60.98472595214844 -1.376148462295532 0
v -60.98472595214844 1.376148462295532 0
v -60.93835830688477 2.763975143432617 0
v -60.860107421875 4.162570953369141 0
v -60.74920272827148 5.570975303649902 0
v -60.60491180419922 6.988176822662354 0
v -60.21341705322266 9.844677925109863 0
v -59.96493148803711 11.28170967102051 0
v -59.68051528930664 12.7230052947998 0
v -59.00185775756836 15.61336326599121 0
v -58.17393112182617 18.50529289245605 0
v -57.19418716430664 21.38776397705078 0
v -56.06113052368164 24.2492733001709 0
v -54.77439498901367 27.07797813415527 0
v -54.0736083984375 28.47626495361328 0
v -53.33480834960938 29.8618221282959 0
v -51.74444961547852 32.58869552612305 0
v -50.89372253417969 33.92700576782227 0
v -50.00664901733398 35.24658203125 0
v -49.08384704589844 36.54597091674805 0
v -48.12600708007812 37.82373809814453 0
v -46.10835647583008 40.30884170532227 0
v -43.96070098876953 42.691162109375 0
v -42.84062194824219 43.84062194824219 0
v -41.691162109375 44.96070098876953 0
v -40.51349258422852 46.05029678344727 0
v -39.30884170532227 47.10835647583008 0
v -38.07848358154297 48.13389587402344 0
v -36.82373809814453 49.12600708007812 0
v -35.54597091674805 50.08384704589844 0
v -34.24658203125 51.00664901733398 0
v -32.92700576782227 51.89372253417969 0
v -31.58869552612305 52.74444961547852 0
v -30.23313522338867 53.55829620361328 0
v -28.8618221282959 54.33480834960938 0
v -26.07797813415527 55.77439498901367 0
v -24.66847610473633 56.43695068359375 0
v -23.2492733001709 57.06113052368164 0
v -21.82187271118164 57.64687347412109 0
v -20.38776397705078 58.19418716430664 0
v -17.50529289245605 59.17393112182617 0
v -14.61336326599121 60.00185775756836 0
v -13.16732025146484 60.35964584350586 0
v -11.7230052947998 60.68051528930664 0
v -8.844677925109863 61.21341705322266 0
v -5.988176822662354 61.60491180419922 0
v -3.162570953369141 61.860107421875 0
v -1.763975143432617 61.93835830688477 0
v -0.376148521900177 61.98472595214844 0
v 2.376148462295532 61.98472595214844 0
v 5.162570953369141 61.860107421875 0
v 7.988176822662354 61.60491180419922 0
v 9.413114547729492 61.42653656005859 0
v 10.84467792510986 61.21341705322266 0
v 12.28170967102051 60.96493148803711 0
v 13.7230052947998 60.68051528930664 0
v 16.61336326599121 60.00185775756836 0
v 18.0598087310791 59.60673522949219 0
v 19.50529289245605 59.17393112182617 0
v 20.94841957092285 58.70315551757812 0
v 22.38776397705078 58.19418716430664 0
v 25.2492733001709 57.06113052368164 0
v 28.07797813415527 55.77439498901367 0
v 30.8618221282959 54.33480834960938 0
v 32.23313522338867 53.55829620361328 0
v 33.58869552612305 52.74444961547852 0
v 36.24658203125 51.00664901733398 0
v 38.82373809814453 49.12600708007812 0
v 40.07848358154297 48.13389587402344 0
v 41.30884170532227 47.10835647583008 0
v 42.51349258422852 46.05029678344727 0
v 43.691162109375 44.96070098876953 0
v 45.96070098876953 42.691162109375 0
v 47.05029678344727 41.51349258422852 0
v 48.10835647583008 40.30884170532227 0
v 49.13389587402344 39.07848358154297 0
v 50.12600708007812 37.82373809814453 0
v 52.00664901733398 35.24658203125 0
v 53.74444961547852 32.58869552612305 0
v 54.55829620361328 31.23313522338867 0
v 55.33480834960938 29.8618221282959 0
v 56.0736083984375 28.47626495361328 0
v 56.77439498901367 27.07797813415527 0
v 58.06113052368164 24.2492733001709 0
v 58.64687347412109 22.82187271118164 0
v 59.19418716430664 21.38776397705078 0
v 59.70315551757812 19.94841957092285 0
v 60.17393112182617 18.50529289245605 0
v 60.60673522949219 17.0598087310791 0
v 61.00185775756836 15.61336326599121 0
v 61.35964584350586 14.16732025146484 0
v 61.68051528930664 12.7230052947998 0
v 61.96493148803711 11.28170967102051 0
v 62.21341705322266 9.844677925109863 0
v 62.42653656005859 8.413114547729492 0
v 62.60491180419922 6.988176822662354 0
v 62.74920272827148 5.570975303649902 0
v 62.860107421875 4.162570953369141 0
v 62.98472595214844 1.376148462295532 0
v 63 -3.796405057725563e-15 0
v 62.98472595214844 -1.376148462295532 0
v 62.93835830688477 -2.763975143432617 0
v 62.860107421875 -4.162570953369141 0
v 62.74920272827148 -5.570975303649902 0
v 62.60491180419922 -6.988176822662354 0
v 62.42653656005859 -8.413114547729492 0
v 62.21341705322266 -9.844677925109863 0
v 61.96493148803711 -11.28170967102051 0
v 61.68051528930664 -12.7230052947998 0
v 61.00185775756836 -15.61336326599121 0
v 60.60673522949219 -17.0598087310791 0
v 60.17393112182617 -18.50529289245605 0
v 59.70315551757812 -19.94841957092285 0
v 59.19418716430664 -21.38776397705078 0
v 58.64687347412109 -22.82187271118164 0
v 58.06113052368164 -24.2492733001709 0
v 57.43695068359375 -25.66847610473633 0
v 56.77439498901367 -27.07797813415527 0
v 55.33480834960938 -29.8618221282959 0
v 54.55829620361328 -31.23313522338867 0
v 53.74444961547852 -32.58869552612305 0
v 52.89372253417969 -33.92700576782227 0
v 52.00664901733398 -35.24658203125 0
v 51.08384704589844 -36.54597091674805 0
v 50.12600708007812 -37.82373809814453 0
v 49.13389587402344 -39.07848358154297 0
v 48.10835647583008 -40.30884170532227 0
v 47.05029678344727 -41.51349258422852 0
v 45.96070098876953 -42.691162109375 0
v 44.84062194824219 -43.84062194824219 0
v 43.691162109375 -44.96070098876953 0
v 42.51349258422852 -46.05029678344727 0
v 41.30884170532227 -47.10835647583008 0
v 40.07848358154297 -48.13389587402344 0
v 38.82373809814453 -49.12600708007812 0
v 37.54597091674805 -50.08384704589844 0
v 36.24658203125 -51.00664901733398 0
v 34.92700576782227 -51.89372253417969 0
v 33.58869552612305 -52.74444961547852 0
v 30.8618221282959 -54.33480834960938 0
v 29.47626495361328 -55.0736083984375 0
v 28.07797813415527 -55.77439498901367 0
v 26.66847610473633 -56.43695068359375 0
v 25.2492733001709 -57.06113052368164 0
v 23.82187271118164 -57.64687347412109 0
v 22.38776397705078 -58.19418716430664 0
v 20.94841957092285 -58.70315551757812 0
v 19.50529289245605 -59.17393112182617 0
v 18.0598087310791 -59.60673522949219 0
v 16.61336326599121 -60.00185775756836 0
v 15.16732025146484 -60.35964584350586 0
v 13.7230052947998 -60.68051528930664 0
v 12.28170967102051 -60.96493148803711 0
v 10.84467792510986 -61.21341705322266 0
v 9.413114547729492 -61.42653656005859 0
v 7.988176822662354 -61.60491180419922 0
v 6.570975303649902 -61.74920272827148 0
v 5.162570953369141 -61.860107421875 0
v 3.763975143432617 -61.93835830688477 0
v 2.376148462295532 -61.98472595214844 0
v 1 -60.5 153.4935455322266
v 1 -62 153.4935455322266
v -1.697104811668396 -60.43984985351562 153.4935455322266
v -1.763975143432617 -61.93835830688477 153.4935455322266
v -4.436193466186523 -60.25527191162109 153.4935455322266
v -4.570975303649902 -61.74920272827148 153.4935455322266
v -10.00876426696777 -59.48997497558594 153.4935455322266
v -10.28170967102051 -60.96493148803711 153.4935455322266
v -12.82456207275391 -58.89933395385742 153.4935455322266
v -13.16732025146484 -60.35964584350586 153.4935455322266
v -15.64707183837891 -58.16463851928711 153.4935455322266
v -18.94841957092285 -58.70315551757812 153.4935455322266
v -26.78732299804688 -53.74118423461914 153.4935455322266
v -27.47626495361328 -55.0736083984375 153.4935455322266
v -34.66179656982422 -48.87214279174805 153.4935455322266
v -35.54597091674805 -50.08384704589844 153.4935455322266
v -39.50913619995117 -44.93617630004883 153.4935455322266
v -40.51349258422852 -46.05029678344727 153.4935455322266
v -41.77996063232422 -42.77996063232422 153.4935455322266
v -42.84062194824219 -43.84062194824219 153.4935455322266
v -45.96936798095703 -38.13303756713867 153.4935455322266
v -47.13389587402344 -39.07848358154297 153.4935455322266
v -49.63822937011719 -33.1061897277832 153.4935455322266
v -50.89372253417969 -33.92700576782227 153.4935455322266
v -51.26253128051758 -30.47749519348145 153.4935455322266
v -52.55829620361328 -31.23313522338867 153.4935455322266
v -54.07154083251953 -25.04746437072754 153.4935455322266
v -55.43695068359375 -25.66847610473633 153.4935455322266
v -55.25219345092773 -22.26972961425781 153.4935455322266
v -56.64687347412109 -22.82187271118164 153.4935455322266
v -56.28291702270508 -19.46579742431641 153.4935455322266
v -57.70315551757812 -19.94841957092285 153.4935455322266
v -57.16463851928711 -16.64707183837891 153.4935455322266
v -58.60673522949219 -17.0598087310791 153.4935455322266
v -57.89933395385742 -13.82456207275391 153.4935455322266
v -59.35964584350586 -14.16732025146484 153.4935455322266
v -58.94041061401367 -8.20957088470459 153.4935455322266
v -60.42653656005859 -8.413114547729492 153.4935455322266
v -59.5 1.111175682580933e-14 153.4935455322266
v -61 1.138921517317669e-14 153.4935455322266
v -58.94041061401367 8.20957088470459 153.4935455322266
v -60.42653656005859 8.413114547729492 153.4935455322266
v -57.89933395385742 13.82456207275391 153.4935455322266
v -59.35964584350586 14.16732025146484 153.4935455322266
v -57.16463851928711 16.64707183837891 153.4935455322266
v -58.60673522949219 17.0598087310791 153.4935455322266
v -56.28291702270508 19.46579742431641 153.4935455322266
v -57.70315551757812 19.94841957092285 153.4935455322266
v -55.25219345092773 22.26972961425781 153.4935455322266
v -56.64687347412109 22.82187271118164 153.4935455322266
v -54.07154083251953 25.04746437072754 153.4935455322266
v -55.43695068359375 25.66847610473633 153.4935455322266
v -51.26253128051758 30.47749519348145 153.4935455322266
v -52.55829620361328 31.23313522338867 153.4935455322266
v -45.96936798095703 38.13303756713867 153.4935455322266
v -47.13389587402344 39.07848358154297 153.4935455322266
v -43.93617630004883 40.50913619995117 153.4935455322266
v -45.05029678344727 41.51349258422852 153.4935455322266
v -26.78732299804688 53.74118423461914 153.4935455322266
v -27.47626495361328 55.0736083984375 153.4935455322266
v -18.46579742431641 57.28291702270508 153.4935455322266
v -18.94841957092285 58.70315551757812 153.4935455322266
v -15.64707183837891 58.16463851928711 153.4935455322266
v -16.0598087310791 59.60673522949219 153.4935455322266
v -10.00876426696777 59.48997497558594 153.4935455322266
v -10.28170967102051 60.96493148803711 153.4935455322266
v -7.209571361541748 59.94041061401367 153.4935455322266
v -7.413114070892334 61.42653656005859 153.4935455322266
v -4.436193466186523 60.25527191162109 153.4935455322266
v -4.570975303649902 61.74920272827148 153.4935455322266
v 1 60.5 153.4935455322266
v 1 62 153.4935455322266
v 3.697104692459106 60.43984985351562 153.4935455322266
v 3.763975143432617 61.93835830688477 153.4935455322266
v 6.436193466186523 60.25527191162109 153.4935455322266
v 6.570975303649902 61.74920272827148 153.4935455322266
v 17.64707183837891 58.16463851928711 153.4935455322266
v 18.0598087310791 59.60673522949219 153.4935455322266
v 28.78732299804688 53.74118423461914 153.4935455322266
v 29.47626495361328 55.0736083984375 153.4935455322266
v 31.47749519348145 52.26253128051758 153.4935455322266
v 32.23313522338867 53.55829620361328 153.4935455322266
v 39.13303756713867 46.96936798095703 153.4935455322266
v 41.50913619995117 44.93617630004883 153.4935455322266
v 42.51349258422852 46.05029678344727 153.4935455322266
v 45.93617630004883 40.50913619995117 153.4935455322266
v 47.05029678344727 41.51349258422852 153.4935455322266
v 53.26253128051758 30.47749519348145 153.4935455322266
v 54.55829620361328 31.23313522338867 153.4935455322266
v 54.74118423461914 27.78732299804688 153.4935455322266
v 57.25219345092773 22.26972961425781 153.4935455322266
v 58.64687347412109 22.82187271118164 153.4935455322266
v 59.16463851928711 16.64707183837891 153.4935455322266
v 60.60673522949219 17.0598087310791 153.4935455322266
v 61.35964584350586 14.16732025146484 153.4935455322266
v 61.43984985351562 -2.697104692459106 153.4935455322266
v 61.25527191162109 -5.436193466186523 153.4935455322266
v 62.74920272827148 -5.570975303649902 153.4935455322266
v 62.42653656005859 -8.413114547729492 153.4935455322266
v 59.89933395385742 -13.82456207275391 153.4935455322266
v 61.35964584350586 -14.16732025146484 153.4935455322266
v 58.64687347412109 -22.82187271118164 153.4935455322266
v 53.26253128051758 -30.47749519348145 153.4935455322266
v 51.63822937011719 -33.1061897277832 153.4935455322266
v 49.87214279174805 -35.66179656982422 153.4935455322266
v 51.08384704589844 -36.54597091674805 153.4935455322266
v 41.50913619995117 -44.93617630004883 153.4935455322266
v 28.78732299804688 -53.74118423461914 153.4935455322266
v 14.82456207275391 -58.89933395385742 153.4935455322266
v 1 -60.5 153.4935455322266
v 1 -62 153.4935455322266
v -0.3428545892238617 -60.4850959777832 153.4935455322266
v -3.061863422393799 -60.36349105834961 153.4935455322266
v -5.819108009338379 -60.11447143554688 153.4935455322266
v -7.209571361541748 -59.94041061401367 153.4935455322266
v -8.606499671936035 -59.73244476318359 153.4935455322266
v -11.41519069671631 -59.21244049072266 153.4935455322266
v -14.23562145233154 -58.55019760131836 153.4935455322266
v -17.05758476257324 -57.74230194091797 153.4935455322266
v -18.46579742431641 -57.28291702270508 153.4935455322266
v -19.87031745910645 -56.7862663269043 153.4935455322266
v -21.26972961425781 -56.25219345092773 153.4935455322266
v -22.66259765625 -55.68062210083008 153.4935455322266
v -24.04746437072754 -55.07154083251953 153.4935455322266
v -25.42286491394043 -54.42501449584961 153.4935455322266
v -28.13935852050781 -53.02025985717773 153.4935455322266
v -29.47749519348145 -52.26253128051758 153.4935455322266
v -30.80025863647461 -51.4683723449707 153.4935455322266
v -32.1061897277832 -50.63822937011719 153.4935455322266
v -33.39384460449219 -49.77261734008789 153.4935455322266
v -35.90864944458008 -47.93747711181641 153.4935455322266
v -37.13303756713867 -46.96936798095703 153.4935455322266
v -38.3336296081543 -45.9686393737793 153.4935455322266
v -40.65830993652344 -43.87294387817383 153.4935455322266
v -42.87294387817383 -41.65830993652344 153.4935455322266
v -43.93617630004883 -40.50913619995117 153.4935455322266
v -44.9686393737793 -39.3336296081543 153.4935455322266
v -46.93747711181641 -36.90864944458008 153.4935455322266
v -47.87214279174805 -35.66179656982422 153.4935455322266
v -48.77261734008789 -34.39384460449219 153.4935455322266
v -50.4683723449707 -31.80025863647461 153.4935455322266
v -52.02025985717773 -29.13935852050781 153.4935455322266
v -52.74118423461914 -27.78732299804688 153.4935455322266
v -53.42501449584961 -26.42286491394043 153.4935455322266
v -54.68062210083008 -23.66259765625 153.4935455322266
v -55.7862663269043 -20.87031745910645 153.4935455322266
v -56.74230194091797 -18.05758476257324 153.4935455322266
v -57.55019760131836 -15.23562145233154 153.4935455322266
v -58.21244049072266 -12.41519069671631 153.4935455322266
v -58.48997497558594 -11.00876426696777 153.4935455322266
v -58.73244476318359 -9.606499671936035 153.4935455322266
v -59.11447143554688 -6.819108009338379 153.4935455322266
v -59.25527191162109 -5.436193466186523 153.4935455322266
v -59.36349105834961 -4.061863422393799 153.4935455322266
v -59.43984985351562 -2.697104692459106 153.4935455322266
v -59.4850959777832 -1.342854619026184 153.4935455322266
v -59.4850959777832 1.342854619026184 153.4935455322266
v -59.43984985351562 2.697104692459106 153.4935455322266
v -59.36349105834961 4.061863422393799 153.4935455322266
v -59.25527191162109 5.436193466186523 153.4935455322266
v -59.11447143554688 6.819108009338379 153.4935455322266
v -58.73244476318359 9.606499671936035 153.4935455322266
v -58.48997497558594 11.00876426696777 153.4935455322266
v -58.21244049072266 12.41519069671631 153.4935455322266
v -57.55019760131836 15.23562145233154 153.4935455322266
v -56.74230194091797 18.05758476257324 153.4935455322266
v -55.7862663269043 20.87031745910645 153.4935455322266
v -54.68062210083008 23.66259765625 153.4935455322266
v -53.42501449584961 26.42286491394043 153.4935455322266
v -52.74118423461914 27.78732299804688 153.4935455322266
v -52.02025985717773 29.13935852050781 153.4935455322266
v -50.4683723449707 31.80025863647461 153.4935455322266
v -49.63822937011719 33.1061897277832 153.4935455322266
v -48.77261734008789 34.39384460449219 153.4935455322266
v -47.87214279174805 35.66179656982422 153.4935455322266
v -46.93747711181641 36.90864944458008 153.4935455322266
v -44.9686393737793 39.3336296081543 153.4935455322266
v -42.87294387817383 41.65830993652344 153.4935455322266
v -41.77996063232422 42.77996063232422 153.4935455322266
v -40.65830993652344 43.87294387817383 153.4935455322266
v -39.50913619995117 44.93617630004883 153.4935455322266
v -38.3336296081543 45.9686393737793 153.4935455322266
v -37.13303756713867 46.96936798095703 153.4935455322266
v -35.90864944458008 47.93747711181641 153.4935455322266
v -34.66179656982422 48.87214279174805 153.4935455322266
v -33.39384460449219 49.77261734008789 153.4935455322266
v -32.1061897277832 50.63822937011719 153.4935455322266
v -30.80025863647461 51.4683723449707 153.4935455322266
v -29.47749519348145 52.26253128051758 153.4935455322266
v -28.13935852050781 53.02025985717773 153.4935455322266
v -25.42286491394043 54.42501449584961 153.4935455322266
v -24.04746437072754 55.07154083251953 153.4935455322266
v -22.66259765625 55.68062210083008 153.4935455322266
v -21.26972961425781 56.25219345092773 153.4935455322266
v -19.87031745910645 56.7862663269043 153.4935455322266
v -17.05758476257324 57.74230194091797 153.4935455322266
v -14.23562145233154 58.55019760131836 153.4935455322266
v -12.82456207275391 58.89933395385742 153.4935455322266
v -11.41519069671631 59.21244049072266 153.4935455322266
v -8.606499671936035 59.73244476318359 153.4935455322266
v -5.819108009338379 60.11447143554688 153.4935455322266
v -3.061863422393799 60.36349105834961 153.4935455322266
v -1.697104811668396 60.43984985351562 153.4935455322266
v -0.3428545892238617 60.4850959777832 153.4935455322266
v 2.342854499816895 60.4850959777832 153.4935455322266
v 5.061863422393799 60.36349105834961 153.4935455322266
v 7.819108009338379 60.11447143554688 153.4935455322266
v 9.20957088470459 59.94041061401367 153.4935455322266
v 10.60649967193604 59.73244476318359 153.4935455322266
v 12.00876426696777 59.48997497558594 153.4935455322266
v 13.41519069671631 59.21244049072266 153.4935455322266
v 14.82456207275391 58.89933395385742 153.4935455322266
v 16.23562049865723 58.55019760131836 153.4935455322266
v 19.05758476257324 57.74230194091797 153.4935455322266
v 20.46579742431641 57.28291702270508 153.4935455322266
v 21.87031745910645 56.7862663269043 153.4935455322266
v 23.26972961425781 56.25219345092773 153.4935455322266
v 24.66259765625 55.68062210083008 153.4935455322266
v 26.04746437072754 55.07154083251953 153.4935455322266
v 27.42286491394043 54.42501449584961 153.4935455322266
v 30.13935852050781 53.02025985717773 153.4935455322266
v 32.80025863647461 51.4683723449707 153.4935455322266
v 34.1061897277832 50.63822937011719 153.4935455322266
v 35.39384460449219 49.77261734008789 153.4935455322266
v 36.66179656982422 48.87214279174805 153.4935455322266
v 37.90864944458008 47.93747711181641 153.4935455322266
v 40.3336296081543 45.9686393737793 153.4935455322266
v 42.65830993652344 43.87294387817383 153.4935455322266
v 43.77996063232422 42.77996063232422 153.4935455322266
v 44.87294387817383 41.65830993652344 153.4935455322266
v 46.9686393737793 39.3336296081543 153.4935455322266
v 47.96936798095703 38.13303756713867 153.4935455322266
v 48.93747711181641 36.90864944458008 153.4935455322266
v 49.87214279174805 35.66179656982422 153.4935455322266
v 50.77261734008789 34.39384460449219 153.4935455322266
v 51.63822937011719 33.1061897277832 153.4935455322266
v 52.4683723449707 31.80025863647461 153.4935455322266
v 54.02025985717773 29.13935852050781 153.4935455322266
v 55.42501449584961 26.42286491394043 153.4935455322266
v 56.07154083251953 25.04746437072754 153.4935455322266
v 56.68062210083008 23.66259765625 153.4935455322266
v 57.7862663269043 20.87031745910645 153.4935455322266
v 58.28291702270508 19.46579742431641 153.4935455322266
v 58.74230194091797 18.05758476257324 153.4935455322266
v 59.55019760131836 15.23562145233154 153.4935455322266
v 59.89933395385742 13.82456207275391 153.4935455322266
v 60.21244049072266 12.41519069671631 153.4935455322266
v 60.48997497558594 11.00876426696777 153.4935455322266
v 60.73244476318359 9.606499671936035 153.4935455322266
v 60.94041061401367 8.20957088470459 153.4935455322266
v 61.11447143554688 6.819108009338379 153.4935455322266
v 61.25527191162109 5.436193466186523 153.4935455322266
v 61.36349105834961 4.061863422393799 153.4935455322266
v 61.43984985351562 2.697104692459106 153.4935455322266
v 61.4850959777832 1.342854619026184 153.4935455322266
v 61.5 -3.981377148131642e-15 153.4935455322266
v 61.4850959777832 -1.342854619026184 153.4935455322266
v 61.36349105834961 -4.061863422393799 153.4935455322266
v 61.11447143554688 -6.819108009338379 153.4935455322266
v 60.94041061401367 -8.20957088470459 153.4935455322266
v 60.73244476318359 -9.606499671936035 153.4935455322266
v 60.48997497558594 -11.00876426696777 153.4935455322266
v 60.21244049072266 -12.41519069671631 153.4935455322266
v 59.55019760131836 -15.23562145233154 153.4935455322266
v 59.16463851928711 -16.64707183837891 153.4935455322266
v 58.74230194091797 -18.05758476257324 153.4935455322266
v 58.28291702270508 -19.46579742431641 153.4935455322266
v 57.7862663269043 -20.87031745910645 153.4935455322266
v 57.25219345092773 -22.26972961425781 153.4935455322266
v 56.68062210083008 -23.66259765625 153.4935455322266
v 56.07154083251953 -25.04746437072754 153.4935455322266
v 55.42501449584961 -26.42286491394043 153.4935455322266
v 54.74118423461914 -27.78732299804688 153.4935455322266
v 54.02025985717773 -29.13935852050781 153.4935455322266
v 52.4683723449707 -31.80025863647461 153.4935455322266
v 50.77261734008789 -34.39384460449219 153.4935455322266
v 48.93747711181641 -36.90864944458008 153.4935455322266
v 47.96936798095703 -38.13303756713867 153.4935455322266
v 46.9686393737793 -39.3336296081543 153.4935455322266
v 45.93617630004883 -40.50913619995117 153.4935455322266
v 44.87294387817383 -41.65830993652344 153.4935455322266
v 43.77996063232422 -42.77996063232422 153.4935455322266
v 42.65830993652344 -43.87294387817383 153.4935455322266
v 40.3336296081543 -45.9686393737793 153.4935455322266
v 39.13303756713867 -46.96936798095703 153.4935455322266
v 37.90864944458008 -47.93747711181641 153.4935455322266
v 36.66179656982422 -48.87214279174805 153.4935455322266
v 35.39384460449219 -49.77261734008789 153.4935455322266
v 34.1061897277832 -50.63822937011719 153.4935455322266
v 32.80025863647461 -51.4683723449707 153.4935455322266
v 31.47749519348145 -52.26253128051758 153.4935455322266
v 30.13935852050781 -53.02025985717773 153.4935455322266
v 27.42286491394043 -54.42501449584961 153.4935455322266
v 26.04746437072754 -55.07154083251953 153.4935455322266
v 24.66259765625 -55.68062210083008 153.4935455322266
v 23.26972961425781 -56.25219345092773 153.4935455322266
v 21.87031745910645 -56.7862663269043 153.4935455322266
v 20.46579742431641 -57.28291702270508 153.4935455322266
v 19.05758476257324 -57.74230194091797 153.4935455322266
v 17.64707183837891 -58.16463851928711 153.4935455322266
v 16.23562049865723 -58.55019760131836 153.4935455322266
v 13.41519069671631 -59.21244049072266 153.4935455322266
v 12.00876426696777 -59.48997497558594 153.4935455322266
v 10.60649967193604 -59.73244476318359 153.4935455322266
v 9.20957088470459 -59.94041061401367 153.4935455322266
v 7.819108009338379 -60.11447143554688 153.4935455322266
v 6.436193466186523 -60.25527191162109 153.4935455322266
v 5.061863422393799 -60.36349105834961 153.4935455322266
v 3.697104692459106 -60.43984985351562 153.4935455322266
v 2.342854499816895 -60.4850959777832 153.4935455322266
v 2.376148462295532 -61.98472595214844 153.4935455322266
v 3.763975143432617 -61.93835830688477 153.4935455322266
v 5.162570953369141 -61.860107421875 153.4935455322266
v 6.570975303649902 -61.74920272827148 153.4935455322266
v 7.988176822662354 -61.60491180419922 153.4935455322266
v 9.413114547729492 -61.42653656005859 153.4935455322266
v 10.84467792510986 -61.21341705322266 153.4935455322266
v 12.28170967102051 -60.96493148803711 153.4935455322266
v 13.7230052947998 -60.68051528930664 153.4935455322266
v 15.16732025146484 -60.35964584350586 153.4935455322266
v 16.61336326599121 -60.00185775756836 153.4935455322266
v 18.0598087310791 -59.60673522949219 153.4935455322266
v 19.50529289245605 -59.17393112182617 153.4935455322266
v 20.94841957092285 -58.70315551757812 153.4935455322266
v 22.38776397705078 -58.19418716430664 153.4935455322266
v 23.82187271118164 -57.64687347412109 153.4935455322266
v 25.2492733001709 -57.06113052368164 153.4935455322266
v 26.66847610473633 -56.43695068359375 153.4935455322266
v 28.07797813415527 -55.77439498901367 153.4935455322266
v 29.47626495361328 -55.0736083984375 153.4935455322266
v 30.8618221282959 -54.33480834960938 153.4935455322266
v 32.23313522338867 -53.55829620361328 153.4935455322266
v 33.58869552612305 -52.74444961547852 153.4935455322266
v 34.92700576782227 -51.89372253417969 153.4935455322266
v 36.24658203125 -51.00664901733398 153.4935455322266
v 37.54597091674805 -50.08384704589844 153.4935455322266
v 38.82373809814453 -49.12600708007812 153.4935455322266
v 40.07848358154297 -48.13389587402344 153.4935455322266
v 41.30884170532227 -47.10835647583008 153.4935455322266
v 42.51349258422852 -46.05029678344727 153.4935455322266
v 43.691162109375 -44.96070098876953 153.4935455322266
v 44.84062194824219 -43.84062194824219 153.4935455322266
v 45.96070098876953 -42.691162109375 153.4935455322266
v 47.05029678344727 -41.51349258422852 153.4935455322266
v 48.10835647583008 -40.30884170532227 153.4935455322266
v 49.13389587402344 -39.07848358154297 153.4935455322266
v 50.12600708007812 -37.82373809814453 153.4935455322266
v 52.00664901733398 -35.24658203125 153.4935455322266
v 52.89372253417969 -33.92700576782227 153.4935455322266
v 53.74444961547852 -32.58869552612305 153.4935455322266
v 54.55829620361328 -31.23313522338867 153.4935455322266
v 55.33480834960938 -29.8618221282959 153.4935455322266
v 56.0736083984375 -28.47626495361328 153.4935455322266
v 56.77439498901367 -27.07797813415527 153.4935455322266
v 57.43695068359375 -25.66847610473633 153.4935455322266
v 58.06113052368164 -24.2492733001709 153.4935455322266
v 59.19418716430664 -21.38776397705078 153.4935455322266
v 59.70315551757812 -19.94841957092285 153.4935455322266
v 60.17393112182617 -18.50529289245605 153.4935455322266
v 60.60673522949219 -17.0598087310791 153.4935455322266
v 61.00185775756836 -15.61336326599121 153.4935455322266
v 61.68051528930664 -12.7230052947998 153.4935455322266
v 61.96493148803711 -11.28170967102051 153.4935455322266
v 62.21341705322266 -9.844677925109863 153.4935455322266
v 62.60491180419922 -6.988176822662354 153.4935455322266
v 62.860107421875 -4.162570953369141 153.4935455322266
v 62.93835830688477 -2.763975143432617 153.4935455322266
v 62.98472595214844 -1.376148462295532 153.4935455322266
v 63 -3.796405057725563e-15 153.4935455322266
v 62.98472595214844 1.376148462295532 153.4935455322266
v 62.93835830688477 2.763975143432617 153.4935455322266
v 62.860107421875 4.162570953369141 153.4935455322266
v 62.74920272827148 5.570975303649902 153.4935455322266
v 62.60491180419922 6.988176822662354 153.4935455322266
v 62.42653656005859 8.413114547729492 153.4935455322266
v 62.21341705322266 9.844677925109863 153.4935455322266
v 61.96493148803711 11.28170967102051 153.4935455322266
v 61.68051528930664 12.7230052947998 153.4935455322266
v 61.00185775756836 15.61336326599121 153.4935455322266
v 60.17393112182617 18.50529289245605 153.4935455322266
v 59.70315551757812 19.94841957092285 153.4935455322266
v 59.19418716430664 21.38776397705078 153.4935455322266
v 58.06113052368164 24.2492733001709 153.4935455322266
v 57.43695068359375 25.66847610473633 153.4935455322266
v 56.77439498901367 27.07797813415527 153.4935455322266
v 56.0736083984375 28.47626495361328 153.4935455322266
v 55.33480834960938 29.8618221282959 153.4935455322266
v 53.74444961547852 32.58869552612305 153.4935455322266
v 52.89372253417969 33.92700576782227 153.4935455322266
v 52.00664901733398 35.24658203125 153.4935455322266
v 51.08384704589844 36.54597091674805 153.4935455322266
v 50.12600708007812 37.82373809814453 153.4935455322266
v 49.13389587402344 39.07848358154297 153.4935455322266
v 48.10835647583008 40.30884170532227 153.4935455322266
v 45.96070098876953 42.691162109375 153.4935455322266
v 44.84062194824219 43.84062194824219 153.4935455322266
v 43.691162109375 44.96070098876953 153.4935455322266
v 41.30884170532227 47.10835647583008 153.4935455322266
v 40.07848358154297 48.13389587402344 153.4935455322266
v 38.82373809814453 49.12600708007812 153.4935455322266
v 37.54597091674805 50.08384704589844 153.4935455322266
v 36.24658203125 51.00664901733398 153.4935455322266
v 34.92700576782227 51.89372253417969 153.4935455322266
v 33.58869552612305 52.74444961547852 153.4935455322266
v 30.8618221282959 54.33480834960938 153.4935455322266
v 28.07797813415527 55.77439498901367 153.4935455322266
v 26.66847610473633 56.43695068359375 153.4935455322266
v 25.2492733001709 57.06113052368164 153.4935455322266
v 23.82187271118164 57.64687347412109 153.4935455322266
v 22.38776397705078 58.19418716430664 153.4935455322266
v 20.94841957092285 58.70315551757812 153.4935455322266
v 19.50529289245605 59.17393112182617 153.4935455322266
v 16.61336326599121 60.00185775756836 153.4935455322266
v 15.16732025146484 60.35964584350586 153.4935455322266
v 13.7230052947998 60.68051528930664 153.4935455322266
v 12.28170967102051 60.96493148803711 153.4935455322266
v 10.84467792510986 61.21341705322266 153.4935455322266
v 9.413114547729492 61.42653656005859 153.4935455322266
v 7.988176822662354 61.60491180419922 153.4935455322266
v 5.162570953369141 61.860107421875 153.4935455322266
v 2.376148462295532 61.98472595214844 153.4935455322266
v -0.376148521900177 61.98472595214844 153.4935455322266
v -1.763975143432617 61.93835830688477 153.4935455322266
v -3.162570953369141 61.860107421875 153.4935455322266
v -5.988176822662354 61.60491180419922 153.4935455322266
v -8.844677925109863 61.21341705322266 153.4935455322266
v -11.7230052947998 60.68051528930664 153.4935455322266
v -13.16732025146484 60.35964584350586 153.4935455322266
v -14.61336326599121 60.00185775756836 153.4935455322266
v -17.50529289245605 59.17393112182617 153.4935455322266
v -20.38776397705078 58.19418716430664 153.4935455322266
v -21.82187271118164 57.64687347412109 153.4935455322266
v -23.2492733001709 57.06113052368164 153.4935455322266
v -24.66847610473633 56.43695068359375 153.4935455322266
v -26.07797813415527 55.77439498901367 153.4935455322266
v -28.8618221282959 54.33480834960938 153.4935455322266
v -30.23313522338867 53.55829620361328 153.4935455322266
v -31.58869552612305 52.74444961547852 153.4935455322266
v -32.92700576782227 51.89372253417969 153.4935455322266
v -34.24658203125 51.00664901733398 153.4935455322266
v -35.54597091674805 50.08384704589844 153.4935455322266
v -36.82373809814453 49.12600708007812 153.4935455322266
v -38.07848358154297 48.13389587402344 153.4935455322266
v -39.30884170532227 47.10835647583008 153.4935455322266
v -40.51349258422852 46.05029678344727 153.4935455322266
v -41.691162109375 44.96070098876953 153.4935455322266
v -42.84062194824219 43.84062194824219 153.4935455322266
v -43.96070098876953 42.691162109375 153.4935455322266
v -46.10835647583008 40.30884170532227 153.4935455322266
v -48.12600708007812 37.82373809814453 153.4935455322266
v -49.08384704589844 36.54597091674805 153.4935455322266
v -50.00664901733398 35.24658203125 153.4935455322266
v -50.89372253417969 33.92700576782227 153.4935455322266
v -51.74444961547852 32.58869552612305 153.4935455322266
v -53.33480834960938 29.8618221282959 153.4935455322266
v -54.0736083984375 28.47626495361328 153.4935455322266
v -54.77439498901367 27.07797813415527 153.4935455322266
v -56.06113052368164 24.2492733001709 153.4935455322266
v -57.19418716430664 21.38776397705078 153.4935455322266
v -58.17393112182617 18.50529289245605 153.4935455322266
v -59.00185775756836 15.61336326599121 153.4935455322266
v -59.68051528930664 12.7230052947998 153.4935455322266
v -59.96493148803711 11.28170967102051 153.4935455322266
v -60.21341705322266 9.844677925109863 153.4935455322266
v -60.60491180419922 6.988176822662354 153.4935455322266
v -60.74920272827148 5.570975303649902 153.4935455322266
v -60.860107421875 4.162570953369141 153.4935455322266
v -60.93835830688477 2.763975143432617 153.4935455322266
v -60.98472595214844 1.376148462295532 153.4935455322266
v -60.98472595214844 -1.376148462295532 153.4935455322266
v -60.93835830688477 -2.763975143432617 153.4935455322266
v -60.860107421875 -4.162570953369141 153.4935455322266
v -60.74920272827148 -5.570975303649902 153.4935455322266
v -60.60491180419922 -6.988176822662354 153.4935455322266
v -60.21341705322266 -9.844677925109863 153.4935455322266
v -59.96493148803711 -11.28170967102051 153.4935455322266
v -59.68051528930664 -12.7230052947998 153.4935455322266
v -59.00185775756836 -15.61336326599121 153.4935455322266
v -58.17393112182617 -18.50529289245605 153.4935455322266
v -57.19418716430664 -21.38776397705078 153.4935455322266
v -56.06113052368164 -24.2492733001709 153.4935455322266
v -54.77439498901367 -27.07797813415527 153.4935455322266
v -54.0736083984375 -28.47626495361328 153.4935455322266
v -53.33480834960938 -29.8618221282959 153.4935455322266
v -51.74444961547852 -32.58869552612305 153.4935455322266
v -50.00664901733398 -35.24658203125 153.4935455322266
v -49.08384704589844 -36.54597091674805 153.4935455322266
v -48.12600708007812 -37.82373809814453 153.4935455322266
v -46.10835647583008 -40.30884170532227 153.4935455322266
v -45.05029678344727 -41.51349258422852 153.4935455322266
v -43.96070098876953 -42.691162109375 153.4935455322266
v -41.691162109375 -44.96070098876953 153.4935455322266
v -39.30884170532227 -47.10835647583008 153.4935455322266
v -38.07848358154297 -48.13389587402344 153.4935455322266
v -36.82373809814453 -49.12600708007812 153.4935455322266
v -34.24658203125 -51.00664901733398 153.4935455322266
v -32.92700576782227 -51.89372253417969 153.4935455322266
v -31.58869552612305 -52.74444961547852 153.4935455322266
v -30.23313522338867 -53.55829620361328 153.4935455322266
v -28.8618221282959 -54.33480834960938 153.4935455322266
v -26.07797813415527 -55.77439498901367 153.4935455322266
v -24.66847610473633 -56.43695068359375 153.4935455322266
v -23.2492733001709 -57.06113052368164 153.4935455322266
v -21.82187271118164 -57.64687347412109 153.4935455322266
v -20.38776397705078 -58.19418716430664 153.4935455322266
v -17.50529289245605 -59.17393112182617 153.4935455322266
v -16.0598087310791 -59.60673522949219 153.4935455322266
v -14.61336326599121 -60.00185775756836 153.4935455322266
v -11.7230052947998 -60.68051528930664 153.4935455322266
v -8.844677925109863 -61.21341705322266 153.4935455322266
v -7.413114070892334 -61.42653656005859 153.4935455322266
v -5.988176822662354 -61.60491180419922 153.4935455322266
v -3.162570953369141 -61.860107421875 153.4935455322266
v -0.376148521900177 -61.98472595214844 153.4935455322266
vt 0.003836139338091016 0
vt 0.003836139338091016 0.3925484120845795
vt 0.02661886811256409 0
vt 0.0342131108045578 0
vt 0.04940159991383553 0
vt 0.06459008157253265 0
vt 0.08737281709909439 0
vt 0.08737281709909439 0.3925484120845795
vt 0.1253440231084824 0
vt 0.1329382658004761 0
vt 0.1709094941616058 0
vt 0.1709094941616058 0.3925484120845795
vt 0.1860979795455933 0
vt 0.2012864649295807 0
vt 0.2088807076215744 0
vt 0.2088807076215744 0.3925484120845795
vt 0.2164749503135681 0
vt 0.2392576783895493 0
vt 0.246851921081543 0
vt 0.2544461488723755 0
vt 0.2544461488723755 0.3925484120845795
vt 0.2620404064655304 0
vt 0.2696346640586853 0
vt 0.2848231494426727 0
vt 0.3152001202106476 0
vt 0.3152001202106476 0.3925484120845795
vt 0.3379828333854675 0
vt 0.3379828333854675 0.3925484120845795
vt 0.3455770909786224 0
vt 0.3455770909786224 0.3925484120845795
vt 0.3683598041534424 0
vt 0.3683598041534424 0.3925484120845795
vt 0.3911425471305847 0
vt 0.3911425471305847 0.3925484120845795
vt 0.3987367749214172 0
vt 0.3987367749214172 0.3925484120845795
vt 0.4139252603054047 0
vt 0.4139252603054047 0.3925484120845795
vt 0.4215195178985596 0
vt 0.4215195178985596 0.3925484120845795
vt 0.4291137456893921 0
vt 0.4291137456893921 0.3925484120845795
vt 0.4518964886665344 0
vt 0.4518964886665344 0.3925484120845795
vt 0.4746792018413544 0
vt 0.4746792018413544 0.3925484120845795
vt 0.4822734594345093 0
vt 0.4822734594345093 0.3925484120845795
vt 0.4898676872253418 0
vt 0.4898676872253418 0.3925484120845795
vt 0.5050562024116516 0
vt 0.5050562024116516 0.3925484120845795
vt 0.5126504302024841 0
vt 0.5126504302024841 0.3925484120845795
vt 0.5202446579933167 0
vt 0.5202446579933167 0.3925484120845795
vt 0.5354331731796265 0
vt 0.5354331731796265 0.3925484120845795
vt 0.543027400970459 0
vt 0.543027400970459 0.3925484120845795
vt 0.5658101439476013 0
vt 0.5658101439476013 0.3925484120845795
vt 0.5734043717384338 0.3925484120845795
vt 0.6189698576927185 0
vt 0.6189698576927185 0.3925484120845795
vt 0.626564085483551 0
vt 0.626564085483551 0.3925484120845795
vt 0.6493468284606934 0
vt 0.6493468284606934 0.3925484120845795
vt 0.6645352840423584 0
vt 0.6645352840423584 0.3925484120845795
vt 0.6721295118331909 0
vt 0.6721295118331909 0.3925484120845795
vt 0.6797237992286682 0
vt 0.6797237992286682 0.3925484120845795
vt 0.6873180270195007 0
vt 0.6873180270195007 0.3925484120845795
vt 0.6949122548103333 0
vt 0.6949122548103333 0.3925484120845795
vt 0.7101007699966431 0
vt 0.7101007699966431 0.3925484120845795
vt 0.7328834533691406 0
vt 0.7328834533691406 0.3925484120845795
vt 0.755666196346283 0
vt 0.755666196346283 0.3925484120845795
vt 0.7708547115325928 0
vt 0.7708547115325928 0.3925484120845795
vt 0.7784489393234253 0
vt 0.7784489393234253 0.3925484120845795
vt 0.7860431671142578 0
vt 0.7860431671142578 0.3925484120845795
vt 0.7936374545097351 0
vt 0.7936374545097351 0.3925484120845795
vt 0.8012316823005676 0
vt 0.8012316823005676 0.3925484120845795
vt 0.8164201378822327 0
vt 0.8164201378822327 0.3925484120845795
vt 0.82401442527771 0
vt 0.82401442527771 0.3925484120845795
vt 0.839202880859375 0
vt 0.839202880859375 0.3925484120845795
vt 0.8543913960456848 0
vt 0.8543913960456848 0.3925484120845795
vt 0.8619856238365173 0
vt 0.8619856238365173 0.3925484120845795
vt 0.8771740794181824 0
vt 0.8771740794181824 0.3925484120845795
vt 0.8999568223953247 0
vt 0.8999568223953247 0.3925484120845795
vt 0.922739565372467 0
vt 0.922739565372467 0.3925484120845795
vt 0.9379280209541321 0
vt 0.9379280209541321 0.3925484120845795
vt 0.9455223083496094 0
vt 0.9455223083496094 0.3925484120845795
vt 0.9607107639312744 0
vt 0.9607107639312744 0.3925484120845795
vt 0.9683049917221069 0
vt 0.9683049917221069 0.3925484120845795
vt 0.9758992791175842 0
vt 0.9758992791175842 0.3925484120845795
vt 0.007633260916918516 0
vt 0.01143038272857666 0
vt 0.01522750407457352 0
vt 0.01902462542057037 0
vt 0.02282174676656723 0
vt 0.03041598945856094 0
vt 0.03801023215055466 0
vt 0.04180735349655151 0
vt 0.04560447484254837 0
vt 0.05319872125983238 0
vt 0.05699584260582924 0
vt 0.0607929639518261 0
vt 0.06838720291852951 0
vt 0.07218432426452637 0
vt 0.07598144561052322 0
vt 0.07977857440710068 0
vt 0.08357569575309753 0
vt 0.09116993844509125 0
vt 0.0949670597910881 0
vt 0.09876418113708496 0
vt 0.1025613024830818 0
vt 0.1063584238290787 0
vt 0.1101555451750755 0
vt 0.1139526665210724 0
vt 0.1177497878670692 0
vt 0.1215469092130661 0
vt 0.1291411519050598 0
vt 0.1367353945970535 0
vt 0.1405325084924698 0
vt 0.1443296372890472 0
vt 0.1481267660856247 0
vt 0.151923879981041 0
vt 0.1557210087776184 0
vt 0.1595181226730347 0
vt 0.1633152514696121 0
vt 0.1671123653650284 0
vt 0.1747066080570221 0
vt 0.1785037368535995 0
vt 0.1823008507490158 0
vt 0.1898950934410095 0
vt 0.193692222237587 0
vt 0.1974893361330032 0
vt 0.2050835788249969 0
vt 0.2126778215169907 0
vt 0.2202720642089844 0
vt 0.2240691930055618 0
vt 0.2278663069009781 0
vt 0.2316634356975555 0
vt 0.2354605495929718 0
vt 0.2430547922849655 0
vt 0.2506490349769592 0
vt 0.2582432925701141 0
vt 0.2658375203609467 0
vt 0.2734317779541016 0
vt 0.2772288918495178 0
vt 0.2810260057449341 0
vt 0.288620263338089 0
vt 0.2924173772335052 0
vt 0.2962144911289215 0
vt 0.3000116348266602 0
vt 0.3038087487220764 0
vt 0.3076058626174927 0
vt 0.3114029765129089 0
vt 0.3189972341060638 0
vt 0.3227943480014801 0
vt 0.3265914618968964 0
vt 0.330388605594635 0
vt 0.3341857194900513 0
vt 0.3417799472808838 0
vt 0.3493742048740387 0
vt 0.353171318769455 0
vt 0.3569684326648712 0
vt 0.3607655763626099 0
vt 0.3645626902580261 0
vt 0.3721569180488586 0
vt 0.3759540617465973 0
vt 0.3797511756420135 0
vt 0.3835482895374298 0
vt 0.3873454034328461 0
vt 0.394939661026001 0
vt 0.4025339186191559 0
vt 0.4063310325145721 0
vt 0.4101281464099884 0
vt 0.4177224040031433 0
vt 0.4253166317939758 0
vt 0.4329108893871307 0
vt 0.436708003282547 0
vt 0.4405051171779633 0
vt 0.4443022310733795 0
vt 0.4480993747711182 0
vt 0.4556936025619507 0
vt 0.4594907164573669 0
vt 0.4632878601551056 0
vt 0.4670849740505219 0
vt 0.4708820879459381 0
vt 0.478476345539093 0
vt 0.4860705733299255 0
vt 0.4936648309230804 0
vt 0.4974619448184967 0
vt 0.5012590885162354 0
vt 0.5088533163070679 0
vt 0.5164475440979004 0
vt 0.5240417718887329 0
vt 0.5278389453887939 0
vt 0.5316360592842102 0
vt 0.5392302870750427 0
vt 0.5468245148658752 0
vt 0.5506216287612915 0
vt 0.5544187426567078 0
vt 0.5582159161567688 0
vt 0.5620130300521851 0
vt 0.5696072578430176 0
vt 0.5734043717384338 0
vt 0.5772014856338501 0
vt 0.5809985995292664 0
vt 0.5847957134246826 0
vt 0.5885928869247437 0
vt 0.5923900008201599 0
vt 0.5961871147155762 0
vt 0.5999842286109924 0
vt 0.6037813425064087 0
vt 0.607578456401825 0
vt 0.6113755702972412 0
vt 0.6151726841926575 0
vt 0.6227669715881348 0
vt 0.6303611993789673 0
vt 0.6341583132743835 0
vt 0.6379554271697998 0
vt 0.6417525410652161 0
vt 0.6455497145652771 0
vt 0.6531439423561096 0
vt 0.6569410562515259 0
vt 0.6607381701469421 0
vt 0.6683323979377747 0
vt 0.675926685333252 0
vt 0.6835209131240845 0
vt 0.691115140914917 0
vt 0.6987093687057495 0
vt 0.7025064826011658 0
vt 0.7063036561012268 0
vt 0.7138978838920593 0
vt 0.7176949977874756 0
vt 0.7214921116828918 0
vt 0.7252892255783081 0
vt 0.7290863394737244 0
vt 0.7366806268692017 0
vt 0.7404777407646179 0
vt 0.7442748546600342 0
vt 0.7480719685554504 0
vt 0.7518690824508667 0
vt 0.7594633102416992 0
vt 0.7632604241371155 0
vt 0.7670575976371765 0
vt 0.774651825428009 0
vt 0.7822460532188416 0
vt 0.7898402810096741 0
vt 0.7974345684051514 0
vt 0.8050287961959839 0
vt 0.8088259100914001 0
vt 0.8126230239868164 0
vt 0.8202172517776489 0
vt 0.8278115391731262 0
vt 0.8316086530685425 0
vt 0.8354057669639587 0
vt 0.8429999947547913 0
vt 0.8467971086502075 0
vt 0.8505942225456238 0
vt 0.8581885099411011 0
vt 0.8657827377319336 0
vt 0.8695798516273499 0
vt 0.8733769655227661 0
vt 0.8809711933135986 0
vt 0.8847683668136597 0
vt 0.8885654807090759 0
vt 0.8923625946044922 0
vt 0.8961597084999084 0
vt 0.903753936290741 0
vt 0.9075510501861572 0
vt 0.9113482236862183 0
vt 0.9151453375816345 0
vt 0.9189424514770508 0
vt 0.9265366792678833 0
vt 0.9303337931632996 0
vt 0.9341309070587158 0
vt 0.9417251944541931 0
vt 0.9493194222450256 0
vt 0.9531165361404419 0
vt 0.9569136500358582 0
vt 0.9645078778266907 0
vt 0.972102165222168 0
vt 0.972102165222168 0.3925484120845795
vt 0.9645078778266907 0.3925484120845795
vt 0.9569136500358582 0.3925484120845795
vt 0.9531165361404419 0.3925484120845795
vt 0.9493194222450256 0.3925484120845795
vt 0.9417251944541931 0.3925484120845795
vt 0.9341309070587158 0.3925484120845795
vt 0.9303337931632996 0.3925484120845795
vt 0.9265366792678833 0.3925484120845795
vt 0.9189424514770508 0.3925484120845795
vt 0.9151453375816345 0.3925484120845795
vt 0.9113482236862183 0.3925484120845795
vt 0.9075510501861572 0.3925484120845795
vt 0.903753936290741 0.3925484120845795
vt 0.8961597084999084 0.3925484120845795
vt 0.8923625946044922 0.3925484120845795
vt 0.8885654807090759 0.3925484120845795
vt 0.8847683668136597 0.3925484120845795
vt 0.8809711933135986 0.3925484120845795
vt 0.8733769655227661 0.3925484120845795
vt 0.8695798516273499 0.3925484120845795
vt 0.8657827377319336 0.3925484120845795
vt 0.8581885099411011 0.3925484120845795
vt 0.8505942225456238 0.3925484120845795
vt 0.8467971086502075 0.3925484120845795
vt 0.8429999947547913 0.3925484120845795
vt 0.8354057669639587 0.3925484120845795
vt 0.8316086530685425 0.3925484120845795
vt 0.8278115391731262 0.3925484120845795
vt 0.8202172517776489 0.3925484120845795
vt 0.8126230239868164 0.3925484120845795
vt 0.8088259100914001 0.3925484120845795
vt 0.8050287961959839 0.3925484120845795
vt 0.7974345684051514 0.3925484120845795
vt 0.7898402810096741 0.3925484120845795
vt 0.7822460532188416 0.3925484120845795
vt 0.774651825428009 0.3925484120845795
vt 0.7670575976371765 0.3925484120845795
vt 0.7632604241371155 0.3925484120845795
vt 0.7594633102416992 0.3925484120845795
vt 0.7518690824508667 0.3925484120845795
vt 0.7480719685554504 0.3925484120845795
vt 0.7442748546600342 0.3925484120845795
vt 0.7404777407646179 0.3925484120845795
vt 0.7366806268692017 0.3925484120845795
vt 0.7290863394737244 0.3925484120845795
vt 0.7252892255783081 0.3925484120845795
vt 0.7214921116828918 0.3925484120845795
vt 0.7176949977874756 0.3925484120845795
vt 0.7138978838920593 0.3925484120845795
vt 0.7063036561012268 0.3925484120845795
vt 0.7025064826011658 0.3925484120845795
vt 0.6987093687057495 0.3925484120845795
vt 0.691115140914917 0.3925484120845795
vt 0.6835209131240845 0.3925484120845795
vt 0.675926685333252 0.3925484120845795
vt 0.6683323979377747 0.3925484120845795
vt 0.6607381701469421 0.3925484120845795
vt 0.6569410562515259 0.3925484120845795
vt 0.6531439423561096 0.3925484120845795
vt 0.6455497145652771 0.3925484120845795
vt 0.6417525410652161 0.3925484120845795
vt 0.6379554271697998 0.3925484120845795
vt 0.6341583132743835 0.3925484120845795
vt 0.6303611993789673 0.3925484120845795
vt 0.6227669715881348 0.3925484120845795
vt 0.6151726841926575 0.3925484120845795
vt 0.6113755702972412 0.3925484120845795
vt 0.607578456401825 0.3925484120845795
vt 0.6037813425064087 0.3925484120845795
vt 0.5999842286109924 0.3925484120845795
vt 0.5961871147155762 0.3925484120845795
vt 0.5923900008201599 0.3925484120845795
vt 0.5885928869247437 0.3925484120845795
vt 0.5847957134246826 0.3925484120845795
vt 0.5809985995292664 0.3925484120845795
vt 0.5772014856338501 0.3925484120845795
vt 0.5696072578430176 0.3925484120845795
vt 0.5620130300521851 0.3925484120845795
vt 0.5582159161567688 0.3925484120845795
vt 0.5544187426567078 0.3925484120845795
vt 0.5506216287612915 0.3925484120845795
vt 0.5468245148658752 0.3925484120845795
vt 0.5392302870750427 0.3925484120845795
vt 0.5316360592842102 0.3925484120845795
vt 0.5278389453887939 0.3925484120845795
vt 0.5240417718887329 0.3925484120845795
vt 0.5164475440979004 0.3925484120845795
vt 0.5088533163070679 0.3925484120845795
vt 0.5012590885162354 0.3925484120845795
vt 0.4974619448184967 0.3925484120845795
vt 0.4936648309230804 0.3925484120845795
vt 0.4860705733299255 0.3925484120845795
vt 0.478476345539093 0.3925484120845795
vt 0.4708820879459381 0.3925484120845795
vt 0.4670849740505219 0.3925484120845795
vt 0.4632878601551056 0.3925484120845795
vt 0.4594907164573669 0.3925484120845795
vt 0.4556936025619507 0.3925484120845795
vt 0.4480993747711182 0.3925484120845795
vt 0.4443022310733795 0.3925484120845795
vt 0.4405051171779633 0.3925484120845795
vt 0.436708003282547 0.3925484120845795
vt 0.4329108893871307 0.3925484120845795
vt 0.4253166317939758 0.3925484120845795
vt 0.4177224040031433 0.3925484120845795
vt 0.4101281464099884 0.3925484120845795
vt 0.4063310325145721 0.3925484120845795
vt 0.4025339186191559 0.3925484120845795
vt 0.394939661026001 0.3925484120845795
vt 0.3873454034328461 0.3925484120845795
vt 0.3835482895374298 0.3925484120845795
vt 0.3797511756420135 0.3925484120845795
vt 0.3759540617465973 0.3925484120845795
vt 0.3721569180488586 0.3925484120845795
vt 0.3645626902580261 0.3925484120845795
vt 0.3607655763626099 0.3925484120845795
vt 0.3569684326648712 0.3925484120845795
vt 0.353171318769455 0.3925484120845795
vt 0.3493742048740387 0.3925484120845795
vt 0.3417799472808838 0.3925484120845795
vt 0.3341857194900513 0.3925484120845795
vt 0.330388605594635 0.3925484120845795
vt 0.3265914618968964 0.3925484120845795
vt 0.3227943480014801 0.3925484120845795
vt 0.3189972341060638 0.3925484120845795
vt 0.3114029765129089 0.3925484120845795
vt 0.3076058626174927 0.3925484120845795
vt 0.3038087487220764 0.3925484120845795
vt 0.3000116348266602 0.3925484120845795
vt 0.2962144911289215 0.3925484120845795
vt 0.2924173772335052 0.3925484120845795
vt 0.288620263338089 0.3925484120845795
vt 0.2848231494426727 0.3925484120845795
vt 0.2810260057449341 0.3925484120845795
vt 0.2772288918495178 0.3925484120845795
vt 0.2734317779541016 0.3925484120845795
vt 0.2696346640586853 0.3925484120845795
vt 0.2658375203609467 0.3925484120845795
vt 0.2620404064655304 0.3925484120845795
vt 0.2582432925701141 0.3925484120845795
vt 0.2506490349769592 0.3925484120845795
vt 0.246851921081543 0.3925484120845795
vt 0.2430547922849655 0.3925484120845795
vt 0.2392576783895493 0.3925484120845795
vt 0.2354605495929718 0.3925484120845795
vt 0.2316634356975555 0.3925484120845795
vt 0.2278663069009781 0.3925484120845795
vt 0.2240691930055618 0.3925484120845795
vt 0.2202720642089844 0.3925484120845795
vt 0.2164749503135681 0.3925484120845795
vt 0.2126778215169907 0.3925484120845795
vt 0.2050835788249969 0.3925484120845795
vt 0.2012864649295807 0.3925484120845795
vt 0.1974893361330032 0.3925484120845795
vt 0.193692222237587 0.3925484120845795
vt 0.1898950934410095 0.3925484120845795
vt 0.1860979795455933 0.3925484120845795
vt 0.1823008507490158 0.3925484120845795
vt 0.1785037368535995 0.3925484120845795
vt 0.1747066080570221 0.3925484120845795
vt 0.1671123653650284 0.3925484120845795
vt 0.1633152514696121 0.3925484120845795
vt 0.1595181226730347 0.3925484120845795
vt 0.1557210087776184 0.3925484120845795
vt 0.151923879981041 0.3925484120845795
vt 0.1481267660856247 0.3925484120845795
vt 0.1443296372890472 0.3925484120845795
vt 0.1405325084924698 0.3925484120845795
vt 0.1367353945970535 0.3925484120845795
vt 0.1329382658004761 0.3925484120845795
vt 0.1291411519050598 0.3925484120845795
vt 0.1253440231084824 0.3925484120845795
vt 0.1215469092130661 0.3925484120845795
vt 0.1177497878670692 0.3925484120845795
vt 0.1139526665210724 0.3925484120845795
vt 0.1101555451750755 0.3925484120845795
vt 0.1063584238290787 0.3925484120845795
vt 0.1025613024830818 0.3925484120845795
vt 0.09876418113708496 0.3925484120845795
vt 0.0949670597910881 0.3925484120845795
vt 0.09116993844509125 0.3925484120845795
vt 0.08357569575309753 0.3925484120845795
vt 0.07977857440710068 0.3925484120845795
vt 0.07598144561052322 0.3925484120845795
vt 0.07218432426452637 0.3925484120845795
vt 0.06838720291852951 0.3925484120845795
vt 0.06459008157253265 0.3925484120845795
vt 0.0607929639518261 0.3925484120845795
vt 0.05699584260582924 0.3925484120845795
vt 0.05319872125983238 0.3925484120845795
vt 0.04940159991383553 0.3925484120845795
vt 0.04560447484254837 0.3925484120845795
vt 0.04180735349655151 0.3925484120845795
vt 0.03801023215055466 0.3925484120845795
vt 0.0342131108045578 0.3925484120845795
vt 0.03041598945856094 0.3925484120845795
vt 0.02661886811256409 0.3925484120845795
vt 0.02282174676656723 0.3925484120845795
vt 0.01902462542057037 0.3925484120845795
vt 0.01522750407457352 0.3925484120845795
vt 0.01143038272857666 0.3925484120845795
vt 0.007633260916918516 0.3925484120845795
vt 0.003836139338091016 0.5005038380622864
vt 0.003836139338091016 0.8930522203445435
vt 0.01937831193208694 0.5005038380622864
vt 0.03492048382759094 0.5005038380622864
vt 0.05046265572309494 0.5005038380622864
vt 0.06600482761859894 0.5005038380622864
vt 0.08931808918714523 0.5005038380622864
vt 0.08931808918714523 0.8930522203445435
vt 0.1126313433051109 0.5005038380622864
vt 0.1281735152006149 0.5005038380622864
vt 0.1359446048736572 0.5005038380622864
vt 0.1748000383377075 0.5005038380622864
vt 0.1748000383377075 0.8930522203445435
vt 0.1903422027826309 0.5005038380622864
vt 0.2058843821287155 0.5005038380622864
vt 0.2136554569005966 0.5005038380622864
vt 0.2136554569005966 0.8930522203445435
vt 0.2214265465736389 0.5005038380622864
vt 0.2447398006916046 0.5005038380622864
vt 0.2525109052658081 0.5005038380622864
vt 0.2602819800376892 0.5005038380622864
vt 0.2602819800376892 0.8930522203445435
vt 0.2680530548095703 0.5005038380622864
vt 0.2758241593837738 0.5005038380622864
vt 0.2913663387298584 0.5005038380622864
vt 0.3224506676197052 0.5005038380622864
vt 0.3224506676197052 0.8930522203445435
vt 0.3457639217376709 0.5005038380622864
vt 0.3457639217376709 0.8930522203445435
vt 0.3535350263118744 0.5005038380622864
vt 0.3535350263118744 0.8930522203445435
vt 0.3768482804298401 0.5005038380622864
vt 0.3768482804298401 0.8930522203445435
vt 0.4001615345478058 0.5005038380622864
vt 0.4001615345478058 0.8930522203445435
vt 0.4079326093196869 0.5005038380622864
vt 0.4079326093196869 0.8930522203445435
vt 0.4234747886657715 0.5005038380622864
vt 0.4234747886657715 0.8930522203445435
vt 0.4312458634376526 0.5005038380622864
vt 0.4312458634376526 0.8930522203445435
vt 0.4390169680118561 0.5005038380622864
vt 0.4390169680118561 0.8930522203445435
vt 0.4623302221298218 0.5005038380622864
vt 0.4623302221298218 0.8930522203445435
vt 0.4856434762477875 0.5005038380622864
vt 0.4856434762477875 0.8930522203445435
vt 0.4934145510196686 0.5005038380622864
vt 0.4934145510196686 0.8930522203445435
vt 0.5011856555938721 0.5005038380622864
vt 0.5011856555938721 0.8930522203445435
vt 0.5167278051376343 0.5005038380622864
vt 0.5167278051376343 0.8930522203445435
vt 0.5244988799095154 0.5005038380622864
vt 0.5244988799095154 0.8930522203445435
vt 0.5322700142860413 0.5005038380622864
vt 0.5322700142860413 0.8930522203445435
vt 0.5478121638298035 0.5005038380622864
vt 0.5478121638298035 0.8930522203445435
vt 0.5555832386016846 0.5005038380622864
vt 0.5555832386016846 0.8930522203445435
vt 0.5788965225219727 0.5005038380622864
vt 0.5788965225219727 0.8930522203445435
vt 0.6332941055297852 0.5005038380622864
vt 0.6332941055297852 0.8930522203445435
vt 0.6410651803016663 0.5005038380622864
vt 0.6410651803016663 0.8930522203445435
vt 0.6643784642219543 0.5005038380622864
vt 0.6643784642219543 0.8930522203445435
vt 0.6799206137657166 0.5005038380622864
vt 0.6799206137657166 0.8930522203445435
vt 0.6876916885375977 0.5005038380622864
vt 0.6876916885375977 0.8930522203445435
vt 0.6954628229141235 0.5005038380622864
vt 0.6954628229141235 0.8930522203445435
vt 0.7032338976860046 0.5005038380622864
vt 0.7032338976860046 0.8930522203445435
vt 0.7110049724578857 0.5005038380622864
vt 0.7110049724578857 0.8930522203445435
vt 0.7265471220016479 0.5005038380622864
vt 0.7265471220016479 0.8930522203445435
vt 0.749860405921936 0.5005038380622864
vt 0.749860405921936 0.8930522203445435
vt 0.7731736898422241 0.5005038380622864
vt 0.7731736898422241 0.8930522203445435
vt 0.7887158393859863 0.5005038380622864
vt 0.7887158393859863 0.8930522203445435
vt 0.7964869141578674 0.5005038380622864
vt 0.7964869141578674 0.8930522203445435
vt 0.8042579889297485 0.5005038380622864
vt 0.8042579889297485 0.8930522203445435
vt 0.8120290637016296 0.5005038380622864
vt 0.8120290637016296 0.8930522203445435
vt 0.8198001980781555 0.5005038380622864
vt 0.8198001980781555 0.8930522203445435
vt 0.8353423476219177 0.5005038380622864
vt 0.8353423476219177 0.8930522203445435
vt 0.8431134223937988 0.5005038380622864
vt 0.8431134223937988 0.8930522203445435
vt 0.8586556315422058 0.5005038380622864
vt 0.8586556315422058 0.8930522203445435
vt 0.874197781085968 0.5005038380622864
vt 0.874197781085968 0.8930522203445435
vt 0.8819688558578491 0.5005038380622864
vt 0.8819688558578491 0.8930522203445435
vt 0.8975110650062561 0.5005038380622864
vt 0.8975110650062561 0.8930522203445435
vt 0.9208242893218994 0.5005038380622864
vt 0.9208242893218994 0.8930522203445435
vt 0.9441375732421875 0.5005038380622864
vt 0.9441375732421875 0.8930522203445435
vt 0.9596797227859497 0.5005038380622864
vt 0.9596797227859497 0.8930522203445435
vt 0.9674507975578308 0.5005038380622864
vt 0.9674507975578308 0.8930522203445435
vt 0.9829930067062378 0.5005038380622864
vt 0.9829930067062378 0.8930522203445435
vt 0.9907640814781189 0.5005038380622864
vt 0.9907640814781189 0.8930522203445435
vt 0.99853515625 0.5005038380622864
vt 0.99853515625 0.8930522203445435
vt 0.007721682544797659 0.5005038380622864
vt 0.01160722505301237 0.5005038380622864
vt 0.01549276802688837 0.5005038380622864
vt 0.02326385490596294 0.5005038380622864
vt 0.02714939787983894 0.5005038380622864
vt 0.03103494085371494 0.5005038380622864
vt 0.03880602493882179 0.5005038380622864
vt 0.04269156977534294 0.5005038380622864
vt 0.04657711088657379 0.5005038380622864
vt 0.05434820055961609 0.5005038380622864
vt 0.05823374167084694 0.5005038380622864
vt 0.06211928650736809 0.5005038380622864
vt 0.06989037245512009 0.5005038380622864
vt 0.07377591729164124 0.5005038380622864
vt 0.07766145467758179 0.5005038380622864
vt 0.08154699951410294 0.5005038380622864
vt 0.08543254435062408 0.5005038380622864
vt 0.09320362657308578 0.5005038380622864
vt 0.09708917140960693 0.5005038380622864
vt 0.1009747162461281 0.5005038380622864
vt 0.1048602610826492 0.5005038380622864
vt 0.1087457984685898 0.5005038380622864
vt 0.1165168881416321 0.5005038380622864
vt 0.1204024329781532 0.5005038380622864
vt 0.1242879703640938 0.5005038380622864
vt 0.1320590525865555 0.5005038380622864
vt 0.1398301422595978 0.5005038380622864
vt 0.1437156945466995 0.5005038380622864
vt 0.1476012319326401 0.5005038380622864
vt 0.1514867693185806 0.5005038380622864
vt 0.1553723216056824 0.5005038380622864
vt 0.1592578589916229 0.5005038380622864
vt 0.1631433963775635 0.5005038380622864
vt 0.1670289486646652 0.5005038380622864
vt 0.1709144860506058 0.5005038380622864
vt 0.1786855757236481 0.5005038380622864
vt 0.1825711131095886 0.5005038380622864
vt 0.1864566653966904 0.5005038380622864
vt 0.1942277550697327 0.5005038380622864
vt 0.1981132924556732 0.5005038380622864
vt 0.2019988298416138 0.5005038380622864
vt 0.2097699195146561 0.5005038380622864
vt 0.2175410091876984 0.5005038380622864
vt 0.2253120988607407 0.5005038380622864
vt 0.2291976362466812 0.5005038380622864
vt 0.2330831736326218 0.5005038380622864
vt 0.2369687259197235 0.5005038380622864
vt 0.2408542633056641 0.5005038380622864
vt 0.2486253529787064 0.5005038380622864
vt 0.2563964426517487 0.5005038380622864
vt 0.2641675174236298 0.5005038380622864
vt 0.2719386219978333 0.5005038380622864
vt 0.2797096967697144 0.5005038380622864
vt 0.2835952341556549 0.5005038380622864
vt 0.2874807715415955 0.5005038380622864
vt 0.295251876115799 0.5005038380622864
vt 0.2991374135017395 0.5005038380622864
vt 0.3030229508876801 0.5005038380622864
vt 0.3069084882736206 0.5005038380622864
vt 0.3107940256595612 0.5005038380622864
vt 0.3146795928478241 0.5005038380622864
vt 0.3185651302337646 0.5005038380622864
vt 0.3263362050056458 0.5005038380622864
vt 0.3302217423915863 0.5005038380622864
vt 0.3341073095798492 0.5005038380622864
vt 0.3379928469657898 0.5005038380622864
vt 0.3418783843517303 0.5005038380622864
vt 0.3496494591236115 0.5005038380622864
vt 0.3574205636978149 0.5005038380622864
vt 0.3613061010837555 0.5005038380622864
vt 0.365191638469696 0.5005038380622864
vt 0.3690771758556366 0.5005038380622864
vt 0.3729627132415771 0.5005038380622864
vt 0.3807338178157806 0.5005038380622864
vt 0.3846193552017212 0.5005038380622864
vt 0.3885048925876617 0.5005038380622864
vt 0.3923904299736023 0.5005038380622864
vt 0.3962759971618652 0.5005038380622864
vt 0.4040470719337463 0.5005038380622864
vt 0.4118181467056274 0.5005038380622864
vt 0.4157037138938904 0.5005038380622864
vt 0.4195892512798309 0.5005038380622864
vt 0.427360326051712 0.5005038380622864
vt 0.4351314306259155 0.5005038380622864
vt 0.4429025053977966 0.5005038380622864
vt 0.4467880427837372 0.5005038380622864
vt 0.4506735801696777 0.5005038380622864
vt 0.4545591175556183 0.5005038380622864
vt 0.4584446847438812 0.5005038380622864
vt 0.4662157595157623 0.5005038380622864
vt 0.4701012969017029 0.5005038380622864
vt 0.4739868342876434 0.5005038380622864
vt 0.4778724014759064 0.5005038380622864
vt 0.4817579388618469 0.5005038380622864
vt 0.489529013633728 0.5005038380622864
vt 0.4973001182079315 0.5005038380622864
vt 0.5050711631774902 0.5005038380622864
vt 0.5089567303657532 0.5005038380622864
vt 0.5128422975540161 0.5005038380622864
vt 0.5206133723258972 0.5005038380622864
vt 0.5283844470977783 0.5005038380622864
vt 0.5361555218696594 0.5005038380622864
vt 0.5400410890579224 0.5005038380622864
vt 0.5439265966415405 0.5005038380622864
vt 0.5516977310180664 0.5005038380622864
vt 0.5594688057899475 0.5005038380622864
vt 0.5633543133735657 0.5005038380622864
vt 0.5672398805618286 0.5005038380622864
vt 0.5711254477500916 0.5005038380622864
vt 0.5750109553337097 0.5005038380622864
vt 0.5827820301055908 0.5005038380622864
vt 0.5866675972938538 0.5005038380622864
vt 0.5905531644821167 0.5005038380622864
vt 0.5944386720657349 0.5005038380622864
vt 0.5983242392539978 0.5005038380622864
vt 0.602209746837616 0.5005038380622864
vt 0.6060953140258789 0.5005038380622864
vt 0.6099808812141418 0.5005038380622864
vt 0.61386638879776 0.5005038380622864
vt 0.6177519559860229 0.5005038380622864
vt 0.6216374635696411 0.5005038380622864
vt 0.6255230307579041 0.5005038380622864
vt 0.6294085383415222 0.5005038380622864
vt 0.6371796727180481 0.5005038380622864
vt 0.6449507474899292 0.5005038380622864
vt 0.6488362550735474 0.5005038380622864
vt 0.6527218222618103 0.5005038380622864
vt 0.6566073894500732 0.5005038380622864
vt 0.6604928970336914 0.5005038380622864
vt 0.6682639718055725 0.5005038380622864
vt 0.6721495389938354 0.5005038380622864
vt 0.6760351061820984 0.5005038380622864
vt 0.6838061809539795 0.5005038380622864
vt 0.6915772557258606 0.5005038380622864
vt 0.6993483304977417 0.5005038380622864
vt 0.7071194052696228 0.5005038380622864
vt 0.7148905396461487 0.5005038380622864
vt 0.7187760472297668 0.5005038380622864
vt 0.7226616144180298 0.5005038380622864
vt 0.7304326891899109 0.5005038380622864
vt 0.7343182563781738 0.5005038380622864
vt 0.738203763961792 0.5005038380622864
vt 0.7420893311500549 0.5005038380622864
vt 0.7459748387336731 0.5005038380622864
vt 0.753745973110199 0.5005038380622864
vt 0.7576314806938171 0.5005038380622864
vt 0.7615170478820801 0.5005038380622864
vt 0.7654025554656982 0.5005038380622864
vt 0.7692881226539612 0.5005038380622864
vt 0.7770591974258423 0.5005038380622864
vt 0.7809447646141052 0.5005038380622864
vt 0.7848302721977234 0.5005038380622864
vt 0.7926013469696045 0.5005038380622864
vt 0.8003724813461304 0.5005038380622864
vt 0.8081435561180115 0.5005038380622864
vt 0.8159146308898926 0.5005038380622864
vt 0.8236857056617737 0.5005038380622864
vt 0.8275712728500366 0.5005038380622864
vt 0.8314567804336548 0.5005038380622864
vt 0.8392279148101807 0.5005038380622864
vt 0.8469989895820618 0.5005038380622864
vt 0.8508844971656799 0.5005038380622864
vt 0.8547700643539429 0.5005038380622864
vt 0.862541139125824 0.5005038380622864
vt 0.8664267063140869 0.5005038380622864
vt 0.8703122138977051 0.5005038380622864
vt 0.878083348274231 0.5005038380622864
vt 0.8858544230461121 0.5005038380622864
vt 0.8897399306297302 0.5005038380622864
vt 0.8936254978179932 0.5005038380622864
vt 0.9013965725898743 0.5005038380622864
vt 0.9052821397781372 0.5005038380622864
vt 0.9091676473617554 0.5005038380622864
vt 0.9130532145500183 0.5005038380622864
vt 0.9169387817382812 0.5005038380622864
vt 0.9247098565101624 0.5005038380622864
vt 0.9285953640937805 0.5005038380622864
vt 0.9324809312820435 0.5005038380622864
vt 0.9363664388656616 0.5005038380622864
vt 0.9402520060539246 0.5005038380622864
vt 0.9480230808258057 0.5005038380622864
vt 0.9519086480140686 0.5005038380622864
vt 0.9557941555976868 0.5005038380622864
vt 0.9635652899742126 0.5005038380622864
vt 0.9713363647460938 0.5005038380622864
vt 0.9752218723297119 0.5005038380622864
vt 0.9791074395179749 0.5005038380622864
vt 0.986878514289856 0.5005038380622864
vt 0.9946495890617371 0.5005038380622864
vt 0.9946495890617371 0.8930522203445435
vt 0.986878514289856 0.8930522203445435
vt 0.9791074395179749 0.8930522203445435
vt 0.9752218723297119 0.8930522203445435
vt 0.9713363647460938 0.8930522203445435
vt 0.9635652899742126 0.8930522203445435
vt 0.9557941555976868 0.8930522203445435
vt 0.9519086480140686 0.8930522203445435
vt 0.9480230808258057 0.8930522203445435
vt 0.9402520060539246 0.8930522203445435
vt 0.9363664388656616 0.8930522203445435
vt 0.9324809312820435 0.8930522203445435
vt 0.9285953640937805 0.8930522203445435
vt 0.9247098565101624 0.8930522203445435
vt 0.9169387817382812 0.8930522203445435
vt 0.9130532145500183 0.8930522203445435
vt 0.9091676473617554 0.8930522203445435
vt 0.9052821397781372 0.8930522203445435
vt 0.9013965725898743 0.8930522203445435
vt 0.8936254978179932 0.8930522203445435
vt 0.8897399306297302 0.8930522203445435
vt 0.8858544230461121 0.8930522203445435
vt 0.878083348274231 0.8930522203445435
vt 0.8703122138977051 0.8930522203445435
vt 0.8664267063140869 0.8930522203445435
vt 0.862541139125824 0.8930522203445435
vt 0.8547700643539429 0.8930522203445435
vt 0.8508844971656799 0.8930522203445435
vt 0.8469989895820618 0.8930522203445435
vt 0.8392279148101807 0.8930522203445435
vt 0.8314567804336548 0.8930522203445435
vt 0.8275712728500366 0.8930522203445435
vt 0.8236857056617737 0.8930522203445435
vt 0.8159146308898926 0.8930522203445435
vt 0.8081435561180115 0.8930522203445435
vt 0.8003724813461304 0.8930522203445435
vt 0.7926013469696045 0.8930522203445435
vt 0.7848302721977234 0.8930522203445435
vt 0.7809447646141052 0.8930522203445435
vt 0.7770591974258423 0.8930522203445435
vt 0.7692881226539612 0.8930522203445435
vt 0.7654025554656982 0.8930522203445435
vt 0.7615170478820801 0.8930522203445435
vt 0.7576314806938171 0.8930522203445435
vt 0.753745973110199 0.8930522203445435
vt 0.7459748387336731 0.8930522203445435
vt 0.7420893311500549 0.8930522203445435
vt 0.738203763961792 0.8930522203445435
vt 0.7343182563781738 0.8930522203445435
vt 0.7304326891899109 0.8930522203445435
vt 0.7226616144180298 0.8930522203445435
vt 0.7187760472297668 0.8930522203445435
vt 0.7148905396461487 0.8930522203445435
vt 0.7071194052696228 0.8930522203445435
vt 0.6993483304977417 0.8930522203445435
vt 0.6915772557258606 0.8930522203445435
vt 0.6838061809539795 0.8930522203445435
vt 0.6760351061820984 0.8930522203445435
vt 0.6721495389938354 0.8930522203445435
vt 0.6682639718055725 0.8930522203445435
vt 0.6604928970336914 0.8930522203445435
vt 0.6566073894500732 0.8930522203445435
vt 0.6527218222618103 0.8930522203445435
vt 0.6488362550735474 0.8930522203445435
vt 0.6449507474899292 0.8930522203445435
vt 0.6371796727180481 0.8930522203445435
vt 0.6294085383415222 0.8930522203445435
vt 0.6255230307579041 0.8930522203445435
vt 0.6216374635696411 0.8930522203445435
vt 0.6177519559860229 0.8930522203445435
vt 0.61386638879776 0.8930522203445435
vt 0.6099808812141418 0.8930522203445435
vt 0.6060953140258789 0.8930522203445435
vt 0.602209746837616 0.8930522203445435
vt 0.5983242392539978 0.8930522203445435
vt 0.5944386720657349 0.8930522203445435
vt 0.5905531644821167 0.8930522203445435
vt 0.5866675972938538 0.8930522203445435
vt 0.5827820301055908 0.8930522203445435
vt 0.5750109553337097 0.8930522203445435
vt 0.5711254477500916 0.8930522203445435
vt 0.5672398805618286 0.8930522203445435
vt 0.5633543133735657 0.8930522203445435
vt 0.5594688057899475 0.8930522203445435
vt 0.5516977310180664 0.8930522203445435
vt 0.5439265966415405 0.8930522203445435
vt 0.5400410890579224 0.8930522203445435
vt 0.5361555218696594 0.8930522203445435
vt 0.5283844470977783 0.8930522203445435
vt 0.5206133723258972 0.8930522203445435
vt 0.5128422975540161 0.8930522203445435
vt 0.5089567303657532 0.8930522203445435
vt 0.5050711631774902 0.8930522203445435
vt 0.4973001182079315 0.8930522203445435
vt 0.489529013633728 0.8930522203445435
vt 0.4817579388618469 0.8930522203445435
vt 0.4778724014759064 0.8930522203445435
vt 0.4739868342876434 0.8930522203445435
vt 0.4701012969017029 0.8930522203445435
vt 0.4662157595157623 0.8930522203445435
vt 0.4584446847438812 0.8930522203445435
vt 0.4545591175556183 0.8930522203445435
vt 0.4506735801696777 0.8930522203445435
vt 0.4467880427837372 0.8930522203445435
vt 0.4429025053977966 0.8930522203445435
vt 0.4351314306259155 0.8930522203445435
vt 0.427360326051712 0.8930522203445435
vt 0.4195892512798309 0.8930522203445435
vt 0.4157037138938904 0.8930522203445435
vt 0.4118181467056274 0.8930522203445435
vt 0.4040470719337463 0.8930522203445435
vt 0.3962759971618652 0.8930522203445435
vt 0.3923904299736023 0.8930522203445435
vt 0.3885048925876617 0.8930522203445435
vt 0.3846193552017212 0.8930522203445435
vt 0.3807338178157806 0.8930522203445435
vt 0.3729627132415771 0.8930522203445435
vt 0.3690771758556366 0.8930522203445435
vt 0.365191638469696 0.8930522203445435
vt 0.3613061010837555 0.8930522203445435
vt 0.3574205636978149 0.8930522203445435
vt 0.3496494591236115 0.8930522203445435
vt 0.3418783843517303 0.8930522203445435
vt 0.3379928469657898 0.8930522203445435
vt 0.3341073095798492 0.8930522203445435
vt 0.3302217423915863 0.8930522203445435
vt 0.3263362050056458 0.8930522203445435
vt 0.3185651302337646 0.8930522203445435
vt 0.3146795928478241 0.8930522203445435
vt 0.3107940256595612 0.8930522203445435
vt 0.3069084882736206 0.8930522203445435
vt 0.3030229508876801 0.8930522203445435
vt 0.2991374135017395 0.8930522203445435
vt 0.295251876115799 0.8930522203445435
vt 0.2913663387298584 0.8930522203445435
vt 0.2874807715415955 0.8930522203445435
vt 0.2835952341556549 0.8930522203445435
vt 0.2797096967697144 0.8930522203445435
vt 0.2758241593837738 0.8930522203445435
vt 0.2719386219978333 0.8930522203445435
vt 0.2680530548095703 0.8930522203445435
vt 0.2641675174236298 0.8930522203445435
vt 0.2563964426517487 0.8930522203445435
vt 0.2525109052658081 0.8930522203445435
vt 0.2486253529787064 0.8930522203445435
vt 0.2447398006916046 0.8930522203445435
vt 0.2408542633056641 0.8930522203445435
vt 0.2369687259197235 0.8930522203445435
vt 0.2330831736326218 0.8930522203445435
vt 0.2291976362466812 0.8930522203445435
vt 0.2253120988607407 0.8930522203445435
vt 0.2214265465736389 0.8930522203445435
vt 0.2175410091876984 0.8930522203445435
vt 0.2097699195146561 0.8930522203445435
vt 0.2058843821287155 0.8930522203445435
vt 0.2019988298416138 0.8930522203445435
vt 0.1981132924556732 0.8930522203445435
vt 0.1942277550697327 0.8930522203445435
vt 0.1903422027826309 0.8930522203445435
vt 0.1864566653966904 0.8930522203445435
vt 0.1825711131095886 0.8930522203445435
vt 0.1786855757236481 0.8930522203445435
vt 0.1709144860506058 0.8930522203445435
vt 0.1670289486646652 0.8930522203445435
vt 0.1631433963775635 0.8930522203445435
vt 0.1592578589916229 0.8930522203445435
vt 0.1553723216056824 0.8930522203445435
vt 0.1514867693185806 0.8930522203445435
vt 0.1476012319326401 0.8930522203445435
vt 0.1437156945466995 0.8930522203445435
vt 0.1398301422595978 0.8930522203445435
vt 0.1359446048736572 0.8930522203445435
vt 0.1320590525865555 0.8930522203445435
vt 0.1281735152006149 0.8930522203445435
vt 0.1242879703640938 0.8930522203445435
vt 0.1204024329781532 0.8930522203445435
vt 0.1165168881416321 0.8930522203445435
vt 0.1126313433051109 0.8930522203445435
vt 0.1087457984685898 0.8930522203445435
vt 0.1048602610826492 0.8930522203445435
vt 0.1009747162461281 0.8930522203445435
vt 0.09708917140960693 0.8930522203445435
vt 0.09320362657308578 0.8930522203445435
vt 0.08543254435062408 0.8930522203445435
vt 0.08154699951410294 0.8930522203445435
vt 0.07766145467758179 0.8930522203445435
vt 0.07377591729164124 0.8930522203445435
vt 0.06989037245512009 0.8930522203445435
vt 0.06600482761859894 0.8930522203445435
vt 0.06211928650736809 0.8930522203445435
vt 0.05823374167084694 0.8930522203445435
vt 0.05434820055961609 0.8930522203445435
vt 0.05046265572309494 0.8930522203445435
vt 0.04657711088657379 0.8930522203445435
vt 0.04269156977534294 0.8930522203445435
vt 0.03880602493882179 0.8930522203445435
vt 0.03492048382759094 0.8930522203445435
vt 0.03103494085371494 0.8930522203445435
vt 0.02714939787983894 0.8930522203445435
vt 0.02326385490596294 0.8930522203445435
vt 0.01937831193208694 0.8930522203445435
vt 0.01549276802688837 0.8930522203445435
vt 0.01160722505301237 0.8930522203445435
vt 0.007721682544797659 0.8930522203445435
vt 0.003836139338091016 0
vt 0 0
vt 0.003836139338091016 0.015542171895504
vt 0.003836139338091016 0.023313257843256
vt 0.003836139338091016 0.031084343791008
vt 0.003836139338091016 0.04662651568651199
vt 0.003836139338091016 0.05439760163426399
vt 0.003836139338091016 0.06216868758201599
vt 0.003836139338091016 0.08548194915056229
vt 0 0.08548194915056229
vt 0.003836139338091016 0.124337375164032
vt 0.003836139338091016 0.1321084648370743
vt 0.003836139338091016 0.1709638983011246
vt 0 0.1709638983011246
vt 0.003836139338091016 0.186506062746048
vt 0.003836139338091016 0.2020482420921326
vt 0.003836139338091016 0.2098193168640137
vt 0 0.2098193168640137
vt 0.003836139338091016 0.217590406537056
vt 0.003836139338091016 0.2409036755561829
vt 0.003836139338091016 0.248674750328064
vt 0.003836139338091016 0.2564458549022675
vt 0 0.2564458549022675
vt 0.003836139338091016 0.2642169296741486
vt 0.003836139338091016 0.2719880044460297
vt 0.003836139338091016 0.2875301837921143
vt 0.003836139338091016 0.3186145424842834
vt 0 0.3186145424842834
vt 0.003836139338091016 0.3419277966022491
vt 0 0.3419277966022491
vt 0.003836139338091016 0.3496988713741302
vt 0 0.3496988713741302
vt 0.003836139338091016 0.3730121254920959
vt 0 0.3730121254920959
vt 0.003836139338091016 0.3963253796100616
vt 0 0.3963253796100616
vt 0.003836139338091016 0.4040964841842651
vt 0 0.4040964841842651
vt 0.003836139338091016 0.4196386337280273
vt 0 0.4196386337280273
vt 0.003836139338091016 0.4274097383022308
vt 0 0.4274097383022308
vt 0.003836139338091016 0.4351808130741119
vt 0 0.4351808130741119
vt 0.003836139338091016 0.4507229924201965
vt 0.003836139338091016 0.4584940671920776
vt 0 0.4584940671920776
vt 0.003836139338091016 0.4818073511123657
vt 0 0.4818073511123657
vt 0.003836139338091016 0.4895784258842468
vt 0 0.4895784258842468
vt 0.003836139338091016 0.4973495006561279
vt 0 0.4973495006561279
vt 0.003836139338091016 0.5128917098045349
vt 0 0.5128917098045349
vt 0.003836139338091016 0.520662784576416
vt 0 0.520662784576416
vt 0.003836139338091016 0.5284338593482971
vt 0 0.5284338593482971
vt 0.003836139338091016 0.5439760088920593
vt 0 0.5439760088920593
vt 0.003836139338091016 0.5517470836639404
vt 0 0.5517470836639404
vt 0.003836139338091016 0.5750603675842285
vt 0 0.5750603675842285
vt 0.003836139338091016 0.629457950592041
vt 0 0.629457950592041
vt 0.003836139338091016 0.6372290849685669
vt 0 0.6372290849685669
vt 0.003836139338091016 0.6605423092842102
vt 0 0.6605423092842102
vt 0.003836139338091016 0.6760844588279724
vt 0 0.6760844588279724
vt 0.003836139338091016 0.6838555932044983
vt 0 0.6838555932044983
vt 0.003836139338091016 0.6916266679763794
vt 0 0.6916266679763794
vt 0.003836139338091016 0.6993977427482605
vt 0 0.6993977427482605
vt 0.003836139338091016 0.7071688175201416
vt 0 0.7071688175201416
vt 0.003836139338091016 0.7227110266685486
vt 0 0.7227110266685486
vt 0.003836139338091016 0.7460242509841919
vt 0 0.7460242509841919
vt 0.003836139338091016 0.76933753490448
vt 0 0.76933753490448
vt 0.003836139338091016 0.7848796844482422
vt 0 0.7848796844482422
vt 0.003836139338091016 0.7926507592201233
vt 0 0.7926507592201233
vt 0.003836139338091016 0.8004218935966492
vt 0 0.8004218935966492
vt 0.003836139338091016 0.8081929683685303
vt 0 0.8081929683685303
vt 0.003836139338091016 0.8159640431404114
vt 0 0.8159640431404114
vt 0.003836139338091016 0.8315061926841736
vt 0 0.8315061926841736
vt 0.003836139338091016 0.8392772674560547
vt 0 0.8392772674560547
vt 0.003836139338091016 0.8548194766044617
vt 0 0.8548194766044617
vt 0.003836139338091016 0.8703616261482239
vt 0 0.8703616261482239
vt 0.003836139338091016 0.878132700920105
vt 0 0.878132700920105
vt 0.003836139338091016 0.893674910068512
vt 0 0.893674910068512
vt 0.003836139338091016 0.9169881343841553
vt 0 0.9169881343841553
vt 0.003836139338091016 0.9403014183044434
vt 0 0.9403014183044434
vt 0.003836139338091016 0.9558435678482056
vt 0 0.9558435678482056
vt 0.003836139338091016 0.9636147022247314
vt 0 0.9636147022247314
vt 0.003836139338091016 0.9791568517684937
vt 0 0.9791568517684937
vt 0.003836139338091016 0.9869279265403748
vt 0 0.9869279265403748
vt 0.003836139338091016 0.9946990013122559
vt 0 0.9946990013122559
vt 0.003836139338091016 0.003885542973875999
vt 0.003836139338091016 0.007771085947751999
vt 0.003836139338091016 0.011656628921628
vt 0.003836139338091016 0.01942771486938
vt 0.003836139338091016 0.027198800817132
vt 0.003836139338091016 0.03496988862752914
vt 0.003836139338091016 0.03885542973875999
vt 0.003836139338091016 0.04274097457528114
vt 0.003836139338091016 0.05051206052303314
vt 0.003836139338091016 0.05828314647078514
vt 0.003836139338091016 0.06605423241853714
vt 0.003836139338091016 0.06993977725505829
vt 0.003836139338091016 0.07382531464099884
vt 0.003836139338091016 0.07771085947751999
vt 0.003836139338091016 0.08159640431404114
vt 0.003836139338091016 0.08936748653650284
vt 0.003836139338091016 0.09325303137302399
vt 0.003836139338091016 0.09713857620954514
vt 0.003836139338091016 0.1010241210460663
vt 0.003836139338091016 0.1049096584320068
vt 0.003836139338091016 0.108795203268528
vt 0.003836139338091016 0.1126807481050491
vt 0.003836139338091016 0.1165662929415703
vt 0.003836139338091016 0.1204518377780914
vt 0.003836139338091016 0.1282229274511337
vt 0.003836139338091016 0.1359940022230148
vt 0.003836139338091016 0.1398795545101166
vt 0.003836139338091016 0.1437650918960571
vt 0.003836139338091016 0.1476506292819977
vt 0.003836139338091016 0.1515361815690994
vt 0.003836139338091016 0.15542171895504
vt 0.003836139338091016 0.1593072712421417
vt 0.003836139338091016 0.1631928086280823
vt 0.003836139338091016 0.1670783460140228
vt 0.003836139338091016 0.1748494356870651
vt 0.003836139338091016 0.1787349730730057
vt 0.003836139338091016 0.1826205253601074
vt 0.003836139338091016 0.1903916150331497
vt 0.003836139338091016 0.1942771524190903
vt 0.003836139338091016 0.1981626898050308
vt 0.003836139338091016 0.2059337794780731
vt 0.003836139338091016 0.2137048691511154
vt 0.003836139338091016 0.2214759588241577
vt 0.003836139338091016 0.2253614962100983
vt 0.003836139338091016 0.2292470335960388
vt 0.003836139338091016 0.2331325858831406
vt 0.003836139338091016 0.2370181232690811
vt 0.003836139338091016 0.2447892129421234
vt 0.003836139338091016 0.2525602877140045
vt 0.003836139338091016 0.260331392288208
vt 0.003836139338091016 0.2681024670600891
vt 0.003836139338091016 0.2758735418319702
vt 0.003836139338091016 0.2797591090202332
vt 0.003836139338091016 0.2836446464061737
vt 0.003836139338091016 0.2914157211780548
vt 0.003836139338091016 0.2953012585639954
vt 0.003836139338091016 0.2991868257522583
vt 0.003836139338091016 0.3030723631381989
vt 0.003836139338091016 0.3069579005241394
vt 0.003836139338091016 0.31084343791008
vt 0.003836139338091016 0.3147289752960205
vt 0.003836139338091016 0.322500079870224
vt 0.003836139338091016 0.3263856172561646
vt 0.003836139338091016 0.3302711546421051
vt 0.003836139338091016 0.3341566920280457
vt 0.003836139338091016 0.3380422294139862
vt 0.003836139338091016 0.3458133339881897
vt 0.003836139338091016 0.3535844087600708
vt 0.003836139338091016 0.3574699461460114
vt 0.003836139338091016 0.3613555133342743
vt 0.003836139338091016 0.3652410507202148
vt 0.003836139338091016 0.3691265881061554
vt 0.003836139338091016 0.3768976628780365
vt 0.003836139338091016 0.3807832300662994
vt 0.003836139338091016 0.38466876745224
vt 0.003836139338091016 0.3885543048381805
vt 0.003836139338091016 0.3924398422241211
vt 0.003836139338091016 0.4002109467983246
vt 0.003836139338091016 0.4079820215702057
vt 0.003836139338091016 0.4118675589561462
vt 0.003836139338091016 0.4157530963420868
vt 0.003836139338091016 0.4235242009162903
vt 0.003836139338091016 0.4312952756881714
vt 0.003836139338091016 0.4390663504600525
vt 0.003836139338091016 0.4429519176483154
vt 0.003836139338091016 0.446837455034256
vt 0.003836139338091016 0.4546085298061371
vt 0.003836139338091016 0.4623796343803406
vt 0.003836139338091016 0.4662651717662811
vt 0.003836139338091016 0.4701507091522217
vt 0.003836139338091016 0.4740362465381622
vt 0.003836139338091016 0.4779217839241028
vt 0.003836139338091016 0.4856928884983063
vt 0.003836139338091016 0.4934639632701874
vt 0.003836139338091016 0.5012350678443909
vt 0.003836139338091016 0.505120575428009
vt 0.003836139338091016 0.509006142616272
vt 0.003836139338091016 0.5167772173881531
vt 0.003836139338091016 0.5245482921600342
vt 0.003836139338091016 0.5323193669319153
vt 0.003836139338091016 0.5362049341201782
vt 0.003836139338091016 0.5400905013084412
vt 0.003836139338091016 0.5478615760803223
vt 0.003836139338091016 0.5556326508522034
vt 0.003836139338091016 0.5595182180404663
vt 0.003836139338091016 0.5634037256240845
vt 0.003836139338091016 0.5672892928123474
vt 0.003836139338091016 0.5711748003959656
vt 0.003836139338091016 0.5789459347724915
vt 0.003836139338091016 0.5828314423561096
vt 0.003836139338091016 0.5867170095443726
vt 0.003836139338091016 0.5906025171279907
vt 0.003836139338091016 0.5944880843162537
vt 0.003836139338091016 0.5983736515045166
vt 0.003836139338091016 0.6022591590881348
vt 0.003836139338091016 0.6061447262763977
vt 0.003836139338091016 0.6100302338600159
vt 0.003836139338091016 0.6139158010482788
vt 0.003836139338091016 0.6178013682365417
vt 0.003836139338091016 0.6216868758201599
vt 0.003836139338091016 0.6255724430084229
vt 0.003836139338091016 0.633343517780304
vt 0.003836139338091016 0.6411145925521851
vt 0.003836139338091016 0.645000159740448
vt 0.003836139338091016 0.6488856673240662
vt 0.003836139338091016 0.6527712345123291
vt 0.003836139338091016 0.656656801700592
vt 0.003836139338091016 0.6644278764724731
vt 0.003836139338091016 0.6683133840560913
vt 0.003836139338091016 0.6721989512443542
vt 0.003836139338091016 0.6799700260162354
vt 0.003836139338091016 0.6877411007881165
vt 0.003836139338091016 0.6955121755599976
vt 0.003836139338091016 0.7032833099365234
vt 0.003836139338091016 0.7110543847084045
vt 0.003836139338091016 0.7149398922920227
vt 0.003836139338091016 0.7188254594802856
vt 0.003836139338091016 0.7265965342521667
vt 0.003836139338091016 0.7304821014404297
vt 0.003836139338091016 0.7343676090240479
vt 0.003836139338091016 0.7382531762123108
vt 0.003836139338091016 0.7421387434005737
vt 0.003836139338091016 0.7499098181724548
vt 0.003836139338091016 0.753795325756073
vt 0.003836139338091016 0.7576808929443359
vt 0.003836139338091016 0.7615664601325989
vt 0.003836139338091016 0.765451967716217
vt 0.003836139338091016 0.7732230424880981
vt 0.003836139338091016 0.7771086096763611
vt 0.003836139338091016 0.780994176864624
vt 0.003836139338091016 0.7887652516365051
vt 0.003836139338091016 0.7965363264083862
vt 0.003836139338091016 0.8043074011802673
vt 0.003836139338091016 0.8120784759521484
vt 0.003836139338091016 0.8198495507240295
vt 0.003836139338091016 0.8237351179122925
vt 0.003836139338091016 0.8276206851005554
vt 0.003836139338091016 0.8353917598724365
vt 0.003836139338091016 0.8431628346443176
vt 0.003836139338091016 0.8470484018325806
vt 0.003836139338091016 0.8509339094161987
vt 0.003836139338091016 0.8587049841880798
vt 0.003836139338091016 0.8625905513763428
vt 0.003836139338091016 0.8664761185646057
vt 0.003836139338091016 0.8742471933364868
vt 0.003836139338091016 0.8820182681083679
vt 0.003836139338091016 0.8859038352966309
vt 0.003836139338091016 0.889789342880249
vt 0.003836139338091016 0.8975604176521301
vt 0.003836139338091016 0.9014459848403931
vt 0.003836139338091016 0.905331552028656
vt 0.003836139338091016 0.9092170596122742
vt 0.003836139338091016 0.9131026268005371
vt 0.003836139338091016 0.9208737015724182
vt 0.003836139338091016 0.9247592687606812
vt 0.003836139338091016 0.9286447763442993
vt 0.003836139338091016 0.9325303435325623
vt 0.003836139338091016 0.9364158511161804
vt 0.003836139338091016 0.9441869854927063
vt 0.003836139338091016 0.9480724930763245
vt 0.003836139338091016 0.9519580602645874
vt 0.003836139338091016 0.9597291350364685
vt 0.003836139338091016 0.9675002098083496
vt 0.003836139338091016 0.9713857769966125
vt 0.003836139338091016 0.9752712845802307
vt 0.003836139338091016 0.9830423593521118
vt 0.003836139338091016 0.9908134937286377
vt 0 0.9908134937286377
vt 0 0.9830423593521118
vt 0 0.9752712845802307
vt 0 0.9713857769966125
vt 0 0.9675002098083496
vt 0 0.9597291350364685
vt 0 0.9519580602645874
vt 0 0.9480724930763245
vt 0 0.9441869854927063
vt 0 0.9364158511161804
vt 0 0.9325303435325623
vt 0 0.9286447763442993
vt 0 0.9247592687606812
vt 0 0.9208737015724182
vt 0 0.9131026268005371
vt 0 0.9092170596122742
vt 0 0.905331552028656
vt 0 0.9014459848403931
vt 0 0.8975604176521301
vt 0 0.889789342880249
vt 0 0.8859038352966309
vt 0 0.8820182681083679
vt 0 0.8742471933364868
vt 0 0.8664761185646057
vt 0 0.8625905513763428
vt 0 0.8587049841880798
vt 0 0.8509339094161987
vt 0 0.8470484018325806
vt 0 0.8431628346443176
vt 0 0.8353917598724365
vt 0 0.8276206851005554
vt 0 0.8237351179122925
vt 0 0.8198495507240295
vt 0 0.8120784759521484
vt 0 0.8043074011802673
vt 0 0.7965363264083862
vt 0 0.7887652516365051
vt 0 0.780994176864624
vt 0 0.7771086096763611
vt 0 0.7732230424880981
vt 0 0.765451967716217
vt 0 0.7615664601325989
vt 0 0.7576808929443359
vt 0 0.753795325756073
vt 0 0.7499098181724548
vt 0 0.7421387434005737
vt 0 0.7382531762123108
vt 0 0.7343676090240479
vt 0 0.7304821014404297
vt 0 0.7265965342521667
vt 0 0.7188254594802856
vt 0 0.7149398922920227
vt 0 0.7110543847084045
vt 0 0.7032833099365234
vt 0 0.6955121755599976
vt 0 0.6877411007881165
vt 0 0.6799700260162354
vt 0 0.6721989512443542
vt 0 0.6683133840560913
vt 0 0.6644278764724731
vt 0 0.656656801700592
vt 0 0.6527712345123291
vt 0 0.6488856673240662
vt 0 0.645000159740448
vt 0 0.6411145925521851
vt 0 0.633343517780304
vt 0 0.6255724430084229
vt 0 0.6216868758201599
vt 0 0.6178013682365417
vt 0 0.6139158010482788
vt 0 0.6100302338600159
vt 0 0.6061447262763977
vt 0 0.6022591590881348
vt 0 0.5983736515045166
vt 0 0.5944880843162537
vt 0 0.5906025171279907
vt 0 0.5867170095443726
vt 0 0.5828314423561096
vt 0 0.5789459347724915
vt 0 0.5711748003959656
vt 0 0.5672892928123474
vt 0 0.5634037256240845
vt 0 0.5595182180404663
vt 0 0.5556326508522034
vt 0 0.5478615760803223
vt 0 0.5400905013084412
vt 0 0.5362049341201782
vt 0 0.5323193669319153
vt 0 0.5245482921600342
vt 0 0.5167772173881531
vt 0 0.509006142616272
vt 0 0.505120575428009
vt 0 0.5012350678443909
vt 0 0.4934639632701874
vt 0 0.4856928884983063
vt 0 0.4779217839241028
vt 0 0.4740362465381622
vt 0 0.4701507091522217
vt 0 0.4662651717662811
vt 0 0.4623796343803406
vt 0 0.4546085298061371
vt 0 0.4507229924201965
vt 0 0.446837455034256
vt 0 0.4429519176483154
vt 0 0.4390663504600525
vt 0 0.4312952756881714
vt 0 0.4235242009162903
vt 0 0.4157530963420868
vt 0 0.4118675589561462
vt 0 0.4079820215702057
vt 0 0.4002109467983246
vt 0 0.3924398422241211
vt 0 0.3885543048381805
vt 0 0.38466876745224
vt 0 0.3807832300662994
vt 0 0.3768976628780365
vt 0 0.3691265881061554
vt 0 0.3652410507202148
vt 0 0.3613555133342743
vt 0 0.3574699461460114
vt 0 0.3535844087600708
vt 0 0.3458133339881897
vt 0 0.3380422294139862
vt 0 0.3341566920280457
vt 0 0.3302711546421051
vt 0 0.3263856172561646
vt 0 0.322500079870224
vt 0 0.3147289752960205
vt 0 0.31084343791008
vt 0 0.3069579005241394
vt 0 0.3030723631381989
vt 0 0.2991868257522583
vt 0 0.2953012585639954
vt 0 0.2914157211780548
vt 0 0.2875301837921143
vt 0 0.2836446464061737
vt 0 0.2797591090202332
vt 0 0.2758735418319702
vt 0 0.2719880044460297
vt 0 0.2681024670600891
vt 0 0.2642169296741486
vt 0 0.260331392288208
vt 0 0.2525602877140045
vt 0 0.248674750328064
vt 0 0.2447892129421234
vt 0 0.2409036755561829
vt 0 0.2370181232690811
vt 0 0.2331325858831406
vt 0 0.2292470335960388
vt 0 0.2253614962100983
vt 0 0.2214759588241577
vt 0 0.217590406537056
vt 0 0.2137048691511154
vt 0 0.2059337794780731
vt 0 0.2020482420921326
vt 0 0.1981626898050308
vt 0 0.1942771524190903
vt 0 0.1903916150331497
vt 0 0.186506062746048
vt 0 0.1826205253601074
vt 0 0.1787349730730057
vt 0 0.1748494356870651
vt 0 0.1670783460140228
vt 0 0.1631928086280823
vt 0 0.1593072712421417
vt 0 0.15542171895504
vt 0 0.1515361815690994
vt 0 0.1476506292819977
vt 0 0.1437650918960571
vt 0 0.1398795545101166
vt 0 0.1359940022230148
vt 0 0.1321084648370743
vt 0 0.1282229274511337
vt 0 0.124337375164032
vt 0 0.1204518377780914
vt 0 0.1165662929415703
vt 0 0.1126807481050491
vt 0 0.108795203268528
vt 0 0.1049096584320068
vt 0 0.1010241210460663
vt 0 0.09713857620954514
vt 0 0.09325303137302399
vt 0 0.08936748653650284
vt 0 0.08159640431404114
vt 0 0.07771085947751999
vt 0 0.07382531464099884
vt 0 0.06993977725505829
vt 0 0.06605423241853714
vt 0 0.06216868758201599
vt 0 0.05828314647078514
vt 0 0.05439760163426399
vt 0 0.05051206052303314
vt 0 0.04662651568651199
vt 0 0.04274097457528114
vt 0 0.03885542973875999
vt 0 0.03496988862752914
vt 0 0.031084343791008
vt 0 0.027198800817132
vt 0 0.023313257843256
vt 0 0.01942771486938
vt 0 0.015542171895504
vt 0 0.011656628921628
vt 0 0.007771085947751999
vt 0 0.003885542973875999
vt 0.003836139338091016 0.4956600368022919
vt 0.003836139338091016 0.4994961619377136
vt 0.01160722505301237 0.4956600368022919
vt 0.01160722505301237 0.4994961619377136
vt 0.01937831193208694 0.4956600368022919
vt 0.01937831193208694 0.4994961619377136
vt 0.03492048382759094 0.4956600368022919
vt 0.03492048382759094 0.4994961619377136
vt 0.04269156977534294 0.4956600368022919
vt 0.04269156977534294 0.4994961619377136
vt 0.05046265572309494 0.4956600368022919
vt 0.05823374167084694 0.4994961619377136
vt 0.08154699951410294 0.4956600368022919
vt 0.08154699951410294 0.4994961619377136
vt 0.1048602610826492 0.4956600368022919
vt 0.1048602610826492 0.4994961619377136
vt 0.1204024329781532 0.4956600368022919
vt 0.1204024329781532 0.4994961619377136
vt 0.1281735152006149 0.4956600368022919
vt 0.1281735152006149 0.4994961619377136
vt 0.1437156945466995 0.4956600368022919
vt 0.1437156945466995 0.4994961619377136
vt 0.1592578589916229 0.4956600368022919
vt 0.1592578589916229 0.4994961619377136
vt 0.1670289486646652 0.4956600368022919
vt 0.1670289486646652 0.4994961619377136
vt 0.1825711131095886 0.4956600368022919
vt 0.1825711131095886 0.4994961619377136
vt 0.1903422027826309 0.4956600368022919
vt 0.1903422027826309 0.4994961619377136
vt 0.1981132924556732 0.4956600368022919
vt 0.1981132924556732 0.4994961619377136
vt 0.2058843821287155 0.4956600368022919
vt 0.2058843821287155 0.4994961619377136
vt 0.2136554569005966 0.4956600368022919
vt 0.2136554569005966 0.4994961619377136
vt 0.2291976362466812 0.4956600368022919
vt 0.2291976362466812 0.4994961619377136
vt 0.2525109052658081 0.4956600368022919
vt 0.2525109052658081 0.4994961619377136
vt 0.2758241593837738 0.4956600368022919
vt 0.2758241593837738 0.4994961619377136
vt 0.2913663387298584 0.4956600368022919
vt 0.2913663387298584 0.4994961619377136
vt 0.2991374135017395 0.4956600368022919
vt 0.2991374135017395 0.4994961619377136
vt 0.3069084882736206 0.4956600368022919
vt 0.3069084882736206 0.4994961619377136
vt 0.3146795928478241 0.4956600368022919
vt 0.3146795928478241 0.4994961619377136
vt 0.3224506676197052 0.4956600368022919
vt 0.3224506676197052 0.4994961619377136
vt 0.3379928469657898 0.4956600368022919
vt 0.3379928469657898 0.4994961619377136
vt 0.3613061010837555 0.4956600368022919
vt 0.3613061010837555 0.4994961619377136
vt 0.3690771758556366 0.4956600368022919
vt 0.3690771758556366 0.4994961619377136
vt 0.4234747886657715 0.4956600368022919
vt 0.4234747886657715 0.4994961619377136
vt 0.4467880427837372 0.4956600368022919
vt 0.4467880427837372 0.4994961619377136
vt 0.4545591175556183 0.4956600368022919
vt 0.4545591175556183 0.4994961619377136
vt 0.4701012969017029 0.4956600368022919
vt 0.4701012969017029 0.4994961619377136
vt 0.4778724014759064 0.4956600368022919
vt 0.4778724014759064 0.4994961619377136
vt 0.4856434762477875 0.4956600368022919
vt 0.4856434762477875 0.4994961619377136
vt 0.5011856555938721 0.4956600368022919
vt 0.5011856555938721 0.4994961619377136
vt 0.5089567303657532 0.4956600368022919
vt 0.5089567303657532 0.4994961619377136
vt 0.5167278051376343 0.4956600368022919
vt 0.5167278051376343 0.4994961619377136
vt 0.5478121638298035 0.4956600368022919
vt 0.5478121638298035 0.4994961619377136
vt 0.5788965225219727 0.4956600368022919
vt 0.5788965225219727 0.4994961619377136
vt 0.5866675972938538 0.4956600368022919
vt 0.5866675972938538 0.4994961619377136
vt 0.6099808812141418 0.4956600368022919
vt 0.6177519559860229 0.4956600368022919
vt 0.6177519559860229 0.4994961619377136
vt 0.6332941055297852 0.4956600368022919
vt 0.6332941055297852 0.4994961619377136
vt 0.6643784642219543 0.4956600368022919
vt 0.6643784642219543 0.4994961619377136
vt 0.6721495389938354 0.4956600368022919
vt 0.6876916885375977 0.4956600368022919
vt 0.6876916885375977 0.4994961619377136
vt 0.7032338976860046 0.4956600368022919
vt 0.7032338976860046 0.4994961619377136
vt 0.7110049724578857 0.4994961619377136
vt 0.7576314806938171 0.4956600368022919
vt 0.7654025554656982 0.4956600368022919
vt 0.7654025554656982 0.4994961619377136
vt 0.7731736898422241 0.4994961619377136
vt 0.7887158393859863 0.4956600368022919
vt 0.7887158393859863 0.4994961619377136
vt 0.8120290637016296 0.4994961619377136
vt 0.8353423476219177 0.4956600368022919
vt 0.8431134223937988 0.4956600368022919
vt 0.8508844971656799 0.4956600368022919
vt 0.8508844971656799 0.4994961619377136
vt 0.8819688558578491 0.4956600368022919
vt 0.9208242893218994 0.4956600368022919
vt 0.9596797227859497 0.4956600368022919
vt 0.99853515625 0.4956600368022919
vt 0.99853515625 0.4994961619377136
vt 0.007721682544797659 0.4956600368022919
vt 0.01549276802688837 0.4956600368022919
vt 0.02326385490596294 0.4956600368022919
vt 0.02714939787983894 0.4956600368022919
vt 0.03103494085371494 0.4956600368022919
vt 0.03880602493882179 0.4956600368022919
vt 0.04657711088657379 0.4956600368022919
vt 0.05434820055961609 0.4956600368022919
vt 0.05823374167084694 0.4956600368022919
vt 0.06211928650736809 0.4956600368022919
vt 0.06600482761859894 0.4956600368022919
vt 0.06989037245512009 0.4956600368022919
vt 0.07377591729164124 0.4956600368022919
vt 0.07766145467758179 0.4956600368022919
vt 0.08543254435062408 0.4956600368022919
vt 0.08931808918714523 0.4956600368022919
vt 0.09320362657308578 0.4956600368022919
vt 0.09708917140960693 0.4956600368022919
vt 0.1009747162461281 0.4956600368022919
vt 0.1087457984685898 0.4956600368022919
vt 0.1126313433051109 0.4956600368022919
vt 0.1165168881416321 0.4956600368022919
vt 0.1242879703640938 0.4956600368022919
vt 0.1320590525865555 0.4956600368022919
vt 0.1359446048736572 0.4956600368022919
vt 0.1398301422595978 0.4956600368022919
vt 0.1476012319326401 0.4956600368022919
vt 0.1514867693185806 0.4956600368022919
vt 0.1553723216056824 0.4956600368022919
vt 0.1631433963775635 0.4956600368022919
vt 0.1709144860506058 0.4956600368022919
vt 0.1748000383377075 0.4956600368022919
vt 0.1786855757236481 0.4956600368022919
vt 0.1864566653966904 0.4956600368022919
vt 0.1942277550697327 0.4956600368022919
vt 0.2019988298416138 0.4956600368022919
vt 0.2097699195146561 0.4956600368022919
vt 0.2175410091876984 0.4956600368022919
vt 0.2214265465736389 0.4956600368022919
vt 0.2253120988607407 0.4956600368022919
vt 0.2330831736326218 0.4956600368022919
vt 0.2369687259197235 0.4956600368022919
vt 0.2408542633056641 0.4956600368022919
vt 0.2447398006916046 0.4956600368022919
vt 0.2486253529787064 0.4956600368022919
vt 0.2563964426517487 0.4956600368022919
vt 0.2602819800376892 0.4956600368022919
vt 0.2641675174236298 0.4956600368022919
vt 0.2680530548095703 0.4956600368022919
vt 0.2719386219978333 0.4956600368022919
vt 0.2797096967697144 0.4956600368022919
vt 0.2835952341556549 0.4956600368022919
vt 0.2874807715415955 0.4956600368022919
vt 0.295251876115799 0.4956600368022919
vt 0.3030229508876801 0.4956600368022919
vt 0.3107940256595612 0.4956600368022919
vt 0.3185651302337646 0.4956600368022919
vt 0.3263362050056458 0.4956600368022919
vt 0.3302217423915863 0.4956600368022919
vt 0.3341073095798492 0.4956600368022919
vt 0.3418783843517303 0.4956600368022919
vt 0.3457639217376709 0.4956600368022919
vt 0.3496494591236115 0.4956600368022919
vt 0.3535350263118744 0.4956600368022919
vt 0.3574205636978149 0.4956600368022919
vt 0.365191638469696 0.4956600368022919
vt 0.3729627132415771 0.4956600368022919
vt 0.3768482804298401 0.4956600368022919
vt 0.3807338178157806 0.4956600368022919
vt 0.3846193552017212 0.4956600368022919
vt 0.3885048925876617 0.4956600368022919
vt 0.3923904299736023 0.4956600368022919
vt 0.3962759971618652 0.4956600368022919
vt 0.4001615345478058 0.4956600368022919
vt 0.4040470719337463 0.4956600368022919
vt 0.4079326093196869 0.4956600368022919
vt 0.4118181467056274 0.4956600368022919
vt 0.4157037138938904 0.4956600368022919
vt 0.4195892512798309 0.4956600368022919
vt 0.427360326051712 0.4956600368022919
vt 0.4312458634376526 0.4956600368022919
vt 0.4351314306259155 0.4956600368022919
vt 0.4390169680118561 0.4956600368022919
vt 0.4429025053977966 0.4956600368022919
vt 0.4506735801696777 0.4956600368022919
vt 0.4584446847438812 0.4956600368022919
vt 0.4623302221298218 0.4956600368022919
vt 0.4662157595157623 0.4956600368022919
vt 0.4739868342876434 0.4956600368022919
vt 0.4817579388618469 0.4956600368022919
vt 0.489529013633728 0.4956600368022919
vt 0.4934145510196686 0.4956600368022919
vt 0.4973001182079315 0.4956600368022919
vt 0.5050711631774902 0.4956600368022919
vt 0.5128422975540161 0.4956600368022919
vt 0.5206133723258972 0.4956600368022919
vt 0.5244988799095154 0.4956600368022919
vt 0.5283844470977783 0.4956600368022919
vt 0.5322700142860413 0.4956600368022919
vt 0.5361555218696594 0.4956600368022919
vt 0.5400410890579224 0.4956600368022919
vt 0.5439265966415405 0.4956600368022919
vt 0.5516977310180664 0.4956600368022919
vt 0.5555832386016846 0.4956600368022919
vt 0.5594688057899475 0.4956600368022919
vt 0.5633543133735657 0.4956600368022919
vt 0.5672398805618286 0.4956600368022919
vt 0.5711254477500916 0.4956600368022919
vt 0.5750109553337097 0.4956600368022919
vt 0.5827820301055908 0.4956600368022919
vt 0.5905531644821167 0.4956600368022919
vt 0.5944386720657349 0.4956600368022919
vt 0.5983242392539978 0.4956600368022919
vt 0.602209746837616 0.4956600368022919
vt 0.6060953140258789 0.4956600368022919
vt 0.61386638879776 0.4956600368022919
vt 0.6216374635696411 0.4956600368022919
vt 0.6255230307579041 0.4956600368022919
vt 0.6294085383415222 0.4956600368022919
vt 0.6371796727180481 0.4956600368022919
vt 0.6410651803016663 0.4956600368022919
vt 0.6449507474899292 0.4956600368022919
vt 0.6488362550735474 0.4956600368022919
vt 0.6527218222618103 0.4956600368022919
vt 0.6566073894500732 0.4956600368022919
vt 0.6604928970336914 0.4956600368022919
vt 0.6682639718055725 0.4956600368022919
vt 0.6760351061820984 0.4956600368022919
vt 0.6799206137657166 0.4956600368022919
vt 0.6838061809539795 0.4956600368022919
vt 0.6915772557258606 0.4956600368022919
vt 0.6954628229141235 0.4956600368022919
vt 0.6993483304977417 0.4956600368022919
vt 0.7071194052696228 0.4956600368022919
vt 0.7110049724578857 0.4956600368022919
vt 0.7148905396461487 0.4956600368022919
vt 0.7187760472297668 0.4956600368022919
vt 0.7226616144180298 0.4956600368022919
vt 0.7265471220016479 0.4956600368022919
vt 0.7304326891899109 0.4956600368022919
vt 0.7343182563781738 0.4956600368022919
vt 0.738203763961792 0.4956600368022919
vt 0.7420893311500549 0.4956600368022919
vt 0.7459748387336731 0.4956600368022919
vt 0.749860405921936 0.4956600368022919
vt 0.753745973110199 0.4956600368022919
vt 0.7615170478820801 0.4956600368022919
vt 0.7692881226539612 0.4956600368022919
vt 0.7731736898422241 0.4956600368022919
vt 0.7770591974258423 0.4956600368022919
vt 0.7809447646141052 0.4956600368022919
vt 0.7848302721977234 0.4956600368022919
vt 0.7926013469696045 0.4956600368022919
vt 0.7964869141578674 0.4956600368022919
vt 0.8003724813461304 0.4956600368022919
vt 0.8042579889297485 0.4956600368022919
vt 0.8081435561180115 0.4956600368022919
vt 0.8120290637016296 0.4956600368022919
vt 0.8159146308898926 0.4956600368022919
vt 0.8198001980781555 0.4956600368022919
vt 0.8236857056617737 0.4956600368022919
vt 0.8275712728500366 0.4956600368022919
vt 0.8314567804336548 0.4956600368022919
vt 0.8392279148101807 0.4956600368022919
vt 0.8469989895820618 0.4956600368022919
vt 0.8547700643539429 0.4956600368022919
vt 0.8586556315422058 0.4956600368022919
vt 0.862541139125824 0.4956600368022919
vt 0.8664267063140869 0.4956600368022919
vt 0.8703122138977051 0.4956600368022919
vt 0.874197781085968 0.4956600368022919
vt 0.878083348274231 0.4956600368022919
vt 0.8858544230461121 0.4956600368022919
vt 0.8897399306297302 0.4956600368022919
vt 0.8936254978179932 0.4956600368022919
vt 0.8975110650062561 0.4956600368022919
vt 0.9013965725898743 0.4956600368022919
vt 0.9052821397781372 0.4956600368022919
vt 0.9091676473617554 0.4956600368022919
vt 0.9130532145500183 0.4956600368022919
vt 0.9169387817382812 0.4956600368022919
vt 0.9247098565101624 0.4956600368022919
vt 0.9285953640937805 0.4956600368022919
vt 0.9324809312820435 0.4956600368022919
vt 0.9363664388656616 0.4956600368022919
vt 0.9402520060539246 0.4956600368022919
vt 0.9441375732421875 0.4956600368022919
vt 0.9480230808258057 0.4956600368022919
vt 0.9519086480140686 0.4956600368022919
vt 0.9557941555976868 0.4956600368022919
vt 0.9635652899742126 0.4956600368022919
vt 0.9674507975578308 0.4956600368022919
vt 0.9713363647460938 0.4956600368022919
vt 0.9752218723297119 0.4956600368022919
vt 0.9791074395179749 0.4956600368022919
vt 0.9829930067062378 0.4956600368022919
vt 0.986878514289856 0.4956600368022919
vt 0.9907640814781189 0.4956600368022919
vt 0.9946495890617371 0.4956600368022919
vt 0.9946495890617371 0.4994961619377136
vt 0.9907640814781189 0.4994961619377136
vt 0.986878514289856 0.4994961619377136
vt 0.9829930067062378 0.4994961619377136
vt 0.9791074395179749 0.4994961619377136
vt 0.9752218723297119 0.4994961619377136
vt 0.9713363647460938 0.4994961619377136
vt 0.9674507975578308 0.4994961619377136
vt 0.9635652899742126 0.4994961619377136
vt 0.9596797227859497 0.4994961619377136
vt 0.9557941555976868 0.4994961619377136
vt 0.9519086480140686 0.4994961619377136
vt 0.9480230808258057 0.4994961619377136
vt 0.9441375732421875 0.4994961619377136
vt 0.9402520060539246 0.4994961619377136
vt 0.9363664388656616 0.4994961619377136
vt 0.9324809312820435 0.4994961619377136
vt 0.9285953640937805 0.4994961619377136
vt 0.9247098565101624 0.4994961619377136
vt 0.9208242893218994 0.4994961619377136
vt 0.9169387817382812 0.4994961619377136
vt 0.9130532145500183 0.4994961619377136
vt 0.9091676473617554 0.4994961619377136
vt 0.9052821397781372 0.4994961619377136
vt 0.9013965725898743 0.4994961619377136
vt 0.8975110650062561 0.4994961619377136
vt 0.8936254978179932 0.4994961619377136
vt 0.8897399306297302 0.4994961619377136
vt 0.8858544230461121 0.4994961619377136
vt 0.8819688558578491 0.4994961619377136
vt 0.878083348274231 0.4994961619377136
vt 0.874197781085968 0.4994961619377136
vt 0.8703122138977051 0.4994961619377136
vt 0.8664267063140869 0.4994961619377136
vt 0.862541139125824 0.4994961619377136
vt 0.8586556315422058 0.4994961619377136
vt 0.8547700643539429 0.4994961619377136
vt 0.8469989895820618 0.4994961619377136
vt 0.8431134223937988 0.4994961619377136
vt 0.8392279148101807 0.4994961619377136
vt 0.8353423476219177 0.4994961619377136
vt 0.8314567804336548 0.4994961619377136
vt 0.8275712728500366 0.4994961619377136
vt 0.8236857056617737 0.4994961619377136
vt 0.8198001980781555 0.4994961619377136
vt 0.8159146308898926 0.4994961619377136
vt 0.8081435561180115 0.4994961619377136
vt 0.8042579889297485 0.4994961619377136
vt 0.8003724813461304 0.4994961619377136
vt 0.7964869141578674 0.4994961619377136
vt 0.7926013469696045 0.4994961619377136
vt 0.7848302721977234 0.4994961619377136
vt 0.7809447646141052 0.4994961619377136
vt 0.7770591974258423 0.4994961619377136
vt 0.7692881226539612 0.4994961619377136
vt 0.7615170478820801 0.4994961619377136
vt 0.7576314806938171 0.4994961619377136
vt 0.753745973110199 0.4994961619377136
vt 0.749860405921936 0.4994961619377136
vt 0.7459748387336731 0.4994961619377136
vt 0.7420893311500549 0.4994961619377136
vt 0.738203763961792 0.4994961619377136
vt 0.7343182563781738 0.4994961619377136
vt 0.7304326891899109 0.4994961619377136
vt 0.7265471220016479 0.4994961619377136
vt 0.7226616144180298 0.4994961619377136
vt 0.7187760472297668 0.4994961619377136
vt 0.7148905396461487 0.4994961619377136
vt 0.7071194052696228 0.4994961619377136
vt 0.6993483304977417 0.4994961619377136
vt 0.6954628229141235 0.4994961619377136
vt 0.6915772557258606 0.4994961619377136
vt 0.6838061809539795 0.4994961619377136
vt 0.6799206137657166 0.4994961619377136
vt 0.6760351061820984 0.4994961619377136
vt 0.6721495389938354 0.4994961619377136
vt 0.6682639718055725 0.4994961619377136
vt 0.6604928970336914 0.4994961619377136
vt 0.6566073894500732 0.4994961619377136
vt 0.6527218222618103 0.4994961619377136
vt 0.6488362550735474 0.4994961619377136
vt 0.6449507474899292 0.4994961619377136
vt 0.6410651803016663 0.4994961619377136
vt 0.6371796727180481 0.4994961619377136
vt 0.6294085383415222 0.4994961619377136
vt 0.6255230307579041 0.4994961619377136
vt 0.6216374635696411 0.4994961619377136
vt 0.61386638879776 0.4994961619377136
vt 0.6099808812141418 0.4994961619377136
vt 0.6060953140258789 0.4994961619377136
vt 0.602209746837616 0.4994961619377136
vt 0.5983242392539978 0.4994961619377136
vt 0.5944386720657349 0.4994961619377136
vt 0.5905531644821167 0.4994961619377136
vt 0.5827820301055908 0.4994961619377136
vt 0.5750109553337097 0.4994961619377136
vt 0.5711254477500916 0.4994961619377136
vt 0.5672398805618286 0.4994961619377136
vt 0.5633543133735657 0.4994961619377136
vt 0.5594688057899475 0.4994961619377136
vt 0.5555832386016846 0.4994961619377136
vt 0.5516977310180664 0.4994961619377136
vt 0.5439265966415405 0.4994961619377136
vt 0.5400410890579224 0.4994961619377136
vt 0.5361555218696594 0.4994961619377136
vt 0.5322700142860413 0.4994961619377136
vt 0.5283844470977783 0.4994961619377136
vt 0.5244988799095154 0.4994961619377136
vt 0.5206133723258972 0.4994961619377136
vt 0.5128422975540161 0.4994961619377136
vt 0.5050711631774902 0.4994961619377136
vt 0.4973001182079315 0.4994961619377136
vt 0.4934145510196686 0.4994961619377136
vt 0.489529013633728 0.4994961619377136
vt 0.4817579388618469 0.4994961619377136
vt 0.4739868342876434 0.4994961619377136
vt 0.4662157595157623 0.4994961619377136
vt 0.4623302221298218 0.4994961619377136
vt 0.4584446847438812 0.4994961619377136
vt 0.4506735801696777 0.4994961619377136
vt 0.4429025053977966 0.4994961619377136
vt 0.4390169680118561 0.4994961619377136
vt 0.4351314306259155 0.4994961619377136
vt 0.4312458634376526 0.4994961619377136
vt 0.427360326051712 0.4994961619377136
vt 0.4195892512798309 0.4994961619377136
vt 0.4157037138938904 0.4994961619377136
vt 0.4118181467056274 0.4994961619377136
vt 0.4079326093196869 0.4994961619377136
vt 0.4040470719337463 0.4994961619377136
vt 0.4001615345478058 0.4994961619377136
vt 0.3962759971618652 0.4994961619377136
vt 0.3923904299736023 0.4994961619377136
vt 0.3885048925876617 0.4994961619377136
vt 0.3846193552017212 0.4994961619377136
vt 0.3807338178157806 0.4994961619377136
vt 0.3768482804298401 0.4994961619377136
vt 0.3729627132415771 0.4994961619377136
vt 0.365191638469696 0.4994961619377136
vt 0.3574205636978149 0.4994961619377136
vt 0.3535350263118744 0.4994961619377136
vt 0.3496494591236115 0.4994961619377136
vt 0.3457639217376709 0.4994961619377136
vt 0.3418783843517303 0.4994961619377136
vt 0.3341073095798492 0.4994961619377136
vt 0.3302217423915863 0.4994961619377136
vt 0.3263362050056458 0.4994961619377136
vt 0.3185651302337646 0.4994961619377136
vt 0.3107940256595612 0.4994961619377136
vt 0.3030229508876801 0.4994961619377136
vt 0.295251876115799 0.4994961619377136
vt 0.2874807715415955 0.4994961619377136
vt 0.2835952341556549 0.4994961619377136
vt 0.2797096967697144 0.4994961619377136
vt 0.2719386219978333 0.4994961619377136
vt 0.2680530548095703 0.4994961619377136
vt 0.2641675174236298 0.4994961619377136
vt 0.2602819800376892 0.4994961619377136
vt 0.2563964426517487 0.4994961619377136
vt 0.2486253529787064 0.4994961619377136
vt 0.2447398006916046 0.4994961619377136
vt 0.2408542633056641 0.4994961619377136
vt 0.2369687259197235 0.4994961619377136
vt 0.2330831736326218 0.4994961619377136
vt 0.2253120988607407 0.4994961619377136
vt 0.2214265465736389 0.4994961619377136
vt 0.2175410091876984 0.4994961619377136
vt 0.2097699195146561 0.4994961619377136
vt 0.2019988298416138 0.4994961619377136
vt 0.1942277550697327 0.4994961619377136
vt 0.1864566653966904 0.4994961619377136
vt 0.1786855757236481 0.4994961619377136
vt 0.1748000383377075 0.4994961619377136
vt 0.1709144860506058 0.4994961619377136
vt 0.1631433963775635 0.4994961619377136
vt 0.1553723216056824 0.4994961619377136
vt 0.1514867693185806 0.4994961619377136
vt 0.1476012319326401 0.4994961619377136
vt 0.1398301422595978 0.4994961619377136
vt 0.1359446048736572 0.4994961619377136
vt 0.1320590525865555 0.4994961619377136
vt 0.1242879703640938 0.4994961619377136
vt 0.1165168881416321 0.4994961619377136
vt 0.1126313433051109 0.4994961619377136
vt 0.1087457984685898 0.4994961619377136
vt 0.1009747162461281 0.4994961619377136
vt 0.09708917140960693 0.4994961619377136
vt 0.09320362657308578 0.4994961619377136
vt 0.08931808918714523 0.4994961619377136
vt 0.08543254435062408 0.4994961619377136
vt 0.07766145467758179 0.4994961619377136
vt 0.07377591729164124 0.4994961619377136
vt 0.06989037245512009 0.4994961619377136
vt 0.06600482761859894 0.4994961619377136
vt 0.06211928650736809 0.4994961619377136
vt 0.05434820055961609 0.4994961619377136
vt 0.05046265572309494 0.4994961619377136
vt 0.04657711088657379 0.4994961619377136
vt 0.03880602493882179 0.4994961619377136
vt 0.03103494085371494 0.4994961619377136
vt 0.02714939787983894 0.4994961619377136
vt 0.02326385490596294 0.4994961619377136
vt 0.01549276802688837 0.4994961619377136
vt 0.007721682544797659 0.4994961619377136
vn 1.263721673582091e-16 1 0
vn -1.263721673582091e-16 1 0
vn -0.1356953978538513 0.9907506108283997 0
vn -0.1819630563259125 0.9833053946495056 0
vn -0.2751582264900208 0.9613989591598511 0
vn -0.3680947124958038 0.9297882914543152 0
vn -0.5037602186203003 0.8638435006141663 0
vn -0.5037602186203003 0.8638435006141663 0
vn -0.7071067690849304 0.7071067690849304 0
vn -0.7427467107772827 0.6695724725723267 0
vn -0.8882840275764465 0.4592945873737335 0
vn -0.8882840275764465 0.4592945873737335 0
vn -0.9297882914543152 0.3680947124958038 0
vn -0.9613989591598511 0.2751582264900208 0
vn -0.9735426902770996 0.2285051643848419 0
vn -0.9735426902770996 0.2285051643848419 0
vn -0.9833053946495056 0.1819630563259125 0
vn -0.9990057945251465 0.04458024352788925 0
vn -1 2.527443347164182e-16 0
vn -0.9990057945251465 -0.04458024352788925 0
vn -0.9990057945251465 -0.04458024352788925 0
vn -0.9959549307823181 -0.08985444158315659 0
vn -0.9907506108283997 -0.1356953978538513 0
vn -0.9735426902770996 -0.2285051643848419 0
vn -0.9102733731269836 -0.414007693529129 0
vn -0.9102733731269836 -0.414007693529129 0
vn -0.8369954824447632 -0.5472097396850586 0
vn -0.8369954824447632 -0.5472097396850586 0
vn -0.8078039884567261 -0.5894511938095093 0
vn -0.8078039884567261 -0.5894511938095093 0
vn -0.7071067690849304 -0.7071067690849304 0
vn -0.7071067690849304 -0.7071067690849304 0
vn -0.5894511938095093 -0.8078039884567261 0
vn -0.5894511938095093 -0.8078039884567261 0
vn -0.5472097396850586 -0.8369954824447632 0
vn -0.5472097396850586 -0.8369954824447632 0
vn -0.4592945873737335 -0.8882840275764465 0
vn -0.4592945873737335 -0.8882840275764465 0
vn -0.414007693529129 -0.9102733731269836 0
vn -0.414007693529129 -0.9102733731269836 0
vn -0.3680947124958038 -0.9297882914543152 0
vn -0.3680947124958038 -0.9297882914543152 0
vn -0.2285051643848419 -0.9735426902770996 0
vn -0.2285051643848419 -0.9735426902770996 0
vn -0.08985444158315659 -0.9959549307823181 0
vn -0.08985444158315659 -0.9959549307823181 0
vn -0.04458024352788925 -0.9990057945251465 0
vn -0.04458024352788925 -0.9990057945251465 0
vn -6.318608367910454e-17 -1 0
vn -6.318608367910454e-17 -1 0
vn 0.08985444158315659 -0.9959549307823181 0
vn 0.08985444158315659 -0.9959549307823181 0
vn 0.1356953978538513 -0.9907506108283997 0
vn 0.1356953978538513 -0.9907506108283997 0
vn 0.1819630563259125 -0.9833053946495056 0
vn 0.1819630563259125 -0.9833053946495056 0
vn 0.2751582264900208 -0.9613989591598511 0
vn 0.2751582264900208 -0.9613989591598511 0
vn 0.3217487037181854 -0.9468250870704651 0
vn 0.3217487037181854 -0.9468250870704651 0
vn 0.4592945873737335 -0.8882840275764465 0
vn 0.4592945873737335 -0.8882840275764465 0
vn 0.5037602186203003 -0.8638435006141663 0
vn 0.7427467107772827 -0.6695724725723267 0
vn 0.7427467107772827 -0.6695724725723267 0
vn 0.7763531804084778 -0.6302981376647949 0
vn 0.7763531804084778 -0.6302981376647949 0
vn 0.8638435006141663 -0.5037602186203003 0
vn 0.8638435006141663 -0.5037602186203003 0
vn 0.9102733731269836 -0.414007693529129 0
vn 0.9102733731269836 -0.414007693529129 0
vn 0.9297882914543152 -0.3680947124958038 0
vn 0.9297882914543152 -0.3680947124958038 0
vn 0.9468250870704651 -0.3217487037181854 0
vn 0.9468250870704651 -0.3217487037181854 0
vn 0.9613989591598511 -0.2751582264900208 0
vn 0.9613989591598511 -0.2751582264900208 0
vn 0.9735426902770996 -0.2285051643848419 0
vn 0.9735426902770996 -0.2285051643848419 0
vn 0.9907506108283997 -0.1356953978538513 0
vn 0.9907506108283997 -0.1356953978538513 0
vn 1 6.318608367910454e-17 0
vn 1 6.318608367910454e-17 0
vn 0.9907506108283997 0.1356953978538513 0
vn 0.9907506108283997 0.1356953978538513 0
vn 0.9735426902770996 0.2285051643848419 0
vn 0.9735426902770996 0.2285051643848419 0
vn 0.9613989591598511 0.2751582264900208 0
vn 0.9613989591598511 0.2751582264900208 0
vn 0.9468250870704651 0.3217487037181854 0
vn 0.9468250870704651 0.3217487037181854 0
vn 0.9297882914543152 0.3680947124958038 0
vn 0.9297882914543152 0.3680947124958038 0
vn 0.9102733731269836 0.414007693529129 0
vn 0.9102733731269836 0.414007693529129 0
vn 0.8638435006141663 0.5037602186203003 0
vn 0.8638435006141663 0.5037602186203003 0
vn 0.8369954824447632 0.5472097396850586 0
vn 0.8369954824447632 0.5472097396850586 0
vn 0.7763531804084778 0.6302981376647949 0
vn 0.7763531804084778 0.6302981376647949 0
vn 0.7071067690849304 0.7071067690849304 0
vn 0.7071067690849304 0.7071067690849304 0
vn 0.6695724725723267 0.7427467107772827 0
vn 0.6695724725723267 0.7427467107772827 0
vn 0.5894511938095093 0.8078039884567261 0
vn 0.5894511938095093 0.8078039884567261 0
vn 0.4592945873737335 0.8882840275764465 0
vn 0.4592945873737335 0.8882840275764465 0
vn 0.3217487037181854 0.9468250870704651 0
vn 0.3217487037181854 0.9468250870704651 0
vn 0.2285051643848419 0.9735426902770996 0
vn 0.2285051643848419 0.9735426902770996 0
vn 0.1819630563259125 0.9833053946495056 0
vn 0.1819630563259125 0.9833053946495056 0
vn 0.08985444158315659 0.9959549307823181 0
vn 0.08985444158315659 0.9959549307823181 0
vn 0.04458024352788925 0.9990057945251465 0
vn 0.04458024352788925 0.9990057945251465 0
vn 1.263721673582091e-16 1 0
vn -1.263721673582091e-16 1 0
vn -0.02219594456255436 0.9997536540031433 0
vn -0.04458024352788925 0.9990057945251465 0
vn -0.06713823974132538 0.9977436661720276 0
vn -0.08985444158315659 0.9959549307823181 0
vn -0.112712524831295 0.993627667427063 0
vn -0.1587851196527481 0.9873131513595581 0
vn -0.2052097767591476 0.9787180423736572 0
vn -0.2285051643848419 0.9735426902770996 0
vn -0.2518284618854523 0.9677718877792358 0
vn -0.2984724640846252 0.9544182419776917 0
vn -0.3217487037181854 0.9468250870704651 0
vn -0.344963937997818 0.9386159181594849 0
vn -0.3911173045635223 0.9203408360481262 0
vn -0.414007693529129 0.9102733731269836 0
vn -0.4367415606975555 0.8995870351791382 0
vn -0.4592945873737335 0.8882840275764465 0
vn -0.4816423058509827 0.8763679265975952 0
vn -0.5256240963935852 0.8507169485092163 0
vn -0.5472097396850586 0.8369954824447632 0
vn -0.5684933066368103 0.8226879239082336 0
vn -0.5894511938095093 0.8078039884567261 0
vn -0.6100603342056274 0.7923550009727478 0
vn -0.6302981376647949 0.7763531804084778 0
vn -0.6501426100730896 0.7598121762275696 0
vn -0.6695724725723267 0.7427467107772827 0
vn -0.6885671019554138 0.7251726388931274 0
vn -0.7251726388931274 0.6885671019554138 0
vn -0.7598121762275696 0.6501426100730896 0
vn -0.7763531804084778 0.6302981376647949 0
vn -0.7923550009727478 0.6100603342056274 0
vn -0.8078039884567261 0.5894511938095093 0
vn -0.8226879239082336 0.5684933066368103 0
vn -0.8369954824447632 0.5472097396850586 0
vn -0.8507169485092163 0.5256240963935852 0
vn -0.8638435006141663 0.5037602186203003 0
vn -0.8763679265975952 0.4816423058509827 0
vn -0.8995870351791382 0.4367415606975555 0
vn -0.9102733731269836 0.414007693529129 0
vn -0.9203408360481262 0.3911173045635223 0
vn -0.9386159181594849 0.344963937997818 0
vn -0.9468250870704651 0.3217487037181854 0
vn -0.9544182419776917 0.2984724640846252 0
vn -0.9677718877792358 0.2518284618854523 0
vn -0.9787180423736572 0.2052097767591476 0
vn -0.9873131513595581 0.1587851196527481 0
vn -0.9907506108283997 0.1356953978538513 0
vn -0.993627667427063 0.112712524831295 0
vn -0.9959549307823181 0.08985444158315659 0
vn -0.9977436661720276 0.06713823974132538 0
vn -0.9997536540031433 0.02219594456255436 0
vn -0.9997536540031433 -0.02219594456255436 0
vn -0.9977436661720276 -0.06713823974132538 0
vn -0.993627667427063 -0.112712524831295 0
vn -0.9873131513595581 -0.1587851196527481 0
vn -0.9833053946495056 -0.1819630563259125 0
vn -0.9787180423736572 -0.2052097767591476 0
vn -0.9677718877792358 -0.2518284618854523 0
vn -0.9613989591598511 -0.2751582264900208 0
vn -0.9544182419776917 -0.2984724640846252 0
vn -0.9468250870704651 -0.3217487037181854 0
vn -0.9386159181594849 -0.344963937997818 0
vn -0.9297882914543152 -0.3680947124958038 0
vn -0.9203408360481262 -0.3911173045635223 0
vn -0.8995870351791382 -0.4367415606975555 0
vn -0.8882840275764465 -0.4592945873737335 0
vn -0.8763679265975952 -0.4816423058509827 0
vn -0.8638435006141663 -0.5037602186203003 0
vn -0.8507169485092163 -0.5256240963935852 0
vn -0.8226879239082336 -0.5684933066368103 0
vn -0.7923550009727478 -0.6100603342056274 0
vn -0.7763531804084778 -0.6302981376647949 0
vn -0.7598121762275696 -0.6501426100730896 0
vn -0.7427467107772827 -0.6695724725723267 0
vn -0.7251726388931274 -0.6885671019554138 0
vn -0.6885671019554138 -0.7251726388931274 0
vn -0.6695724725723267 -0.7427467107772827 0
vn -0.6501426100730896 -0.7598121762275696 0
vn -0.6302981376647949 -0.7763531804084778 0
vn -0.6100603342056274 -0.7923550009727478 0
vn -0.5684933066368103 -0.8226879239082336 0
vn -0.5256240963935852 -0.8507169485092163 0
vn -0.5037602186203003 -0.8638435006141663 0
vn -0.4816423058509827 -0.8763679265975952 0
vn -0.4367415606975555 -0.8995870351791382 0
vn -0.3911173045635223 -0.9203408360481262 0
vn -0.344963937997818 -0.9386159181594849 0
vn -0.3217487037181854 -0.9468250870704651 0
vn -0.2984724640846252 -0.9544182419776917 0
vn -0.2751582264900208 -0.9613989591598511 0
vn -0.2518284618854523 -0.9677718877792358 0
vn -0.2052097767591476 -0.9787180423736572 0
vn -0.1819630563259125 -0.9833053946495056 0
vn -0.1587851196527481 -0.9873131513595581 0
vn -0.1356953978538513 -0.9907506108283997 0
vn -0.112712524831295 -0.993627667427063 0
vn -0.06713823974132538 -0.9977436661720276 0
vn -0.02219594456255436 -0.9997536540031433 0
vn 0.02219594456255436 -0.9997536540031433 0
vn 0.04458024352788925 -0.9990057945251465 0
vn 0.06713823974132538 -0.9977436661720276 0
vn 0.112712524831295 -0.993627667427063 0
vn 0.1587851196527481 -0.9873131513595581 0
vn 0.2052097767591476 -0.9787180423736572 0
vn 0.2285051643848419 -0.9735426902770996 0
vn 0.2518284618854523 -0.9677718877792358 0
vn 0.2984724640846252 -0.9544182419776917 0
vn 0.344963937997818 -0.9386159181594849 0
vn 0.3680947124958038 -0.9297882914543152 0
vn 0.3911173045635223 -0.9203408360481262 0
vn 0.414007693529129 -0.9102733731269836 0
vn 0.4367415606975555 -0.8995870351791382 0
vn 0.4816423058509827 -0.8763679265975952 0
vn 0.5037602186203003 -0.8638435006141663 0
vn 0.5256240963935852 -0.8507169485092163 0
vn 0.5472097396850586 -0.8369954824447632 0
vn 0.5684933066368103 -0.8226879239082336 0
vn 0.5894511938095093 -0.8078039884567261 0
vn 0.6100603342056274 -0.7923550009727478 0
vn 0.6302981376647949 -0.7763531804084778 0
vn 0.6501426100730896 -0.7598121762275696 0
vn 0.6695724725723267 -0.7427467107772827 0
vn 0.6885671019554138 -0.7251726388931274 0
vn 0.7071067690849304 -0.7071067690849304 0
vn 0.7251726388931274 -0.6885671019554138 0
vn 0.7598121762275696 -0.6501426100730896 0
vn 0.7923550009727478 -0.6100603342056274 0
vn 0.8078039884567261 -0.5894511938095093 0
vn 0.8226879239082336 -0.5684933066368103 0
vn 0.8369954824447632 -0.5472097396850586 0
vn 0.8507169485092163 -0.5256240963935852 0
vn 0.8763679265975952 -0.4816423058509827 0
vn 0.8882840275764465 -0.4592945873737335 0
vn 0.8995870351791382 -0.4367415606975555 0
vn 0.9203408360481262 -0.3911173045635223 0
vn 0.9386159181594849 -0.344963937997818 0
vn 0.9544182419776917 -0.2984724640846252 0
vn 0.9677718877792358 -0.2518284618854523 0
vn 0.9787180423736572 -0.2052097767591476 0
vn 0.9833053946495056 -0.1819630563259125 0
vn 0.9873131513595581 -0.1587851196527481 0
vn 0.993627667427063 -0.112712524831295 0
vn 0.9959549307823181 -0.08985444158315659 0
vn 0.9977436661720276 -0.06713823974132538 0
vn 0.9990057945251465 -0.04458024352788925 0
vn 0.9997536540031433 -0.02219594456255436 0
vn 0.9997536540031433 0.02219594456255436 0
vn 0.9990057945251465 0.04458024352788925 0
vn 0.9977436661720276 0.06713823974132538 0
vn 0.9959549307823181 0.08985444158315659 0
vn 0.993627667427063 0.112712524831295 0
vn 0.9873131513595581 0.1587851196527481 0
vn 0.9833053946495056 0.1819630563259125 0
vn 0.9787180423736572 0.2052097767591476 0
vn 0.9677718877792358 0.2518284618854523 0
vn 0.9544182419776917 0.2984724640846252 0
vn 0.9386159181594849 0.344963937997818 0
vn 0.9203408360481262 0.3911173045635223 0
vn 0.8995870351791382 0.4367415606975555 0
vn 0.8882840275764465 0.4592945873737335 0
vn 0.8763679265975952 0.4816423058509827 0
vn 0.8507169485092163 0.5256240963935852 0
vn 0.8226879239082336 0.5684933066368103 0
vn 0.8078039884567261 0.5894511938095093 0
vn 0.7923550009727478 0.6100603342056274 0
vn 0.7598121762275696 0.6501426100730896 0
vn 0.7427467107772827 0.6695724725723267 0
vn 0.7251726388931274 0.6885671019554138 0
vn 0.6885671019554138 0.7251726388931274 0
vn 0.6501426100730896 0.7598121762275696 0
vn 0.6302981376647949 0.7763531804084778 0
vn 0.6100603342056274 0.7923550009727478 0
vn 0.5684933066368103 0.8226879239082336 0
vn 0.5472097396850586 0.8369954824447632 0
vn 0.5256240963935852 0.8507169485092163 0
vn 0.5037602186203003 0.8638435006141663 0
vn 0.4816423058509827 0.8763679265975952 0
vn 0.4367415606975555 0.8995870351791382 0
vn 0.414007693529129 0.9102733731269836 0
vn 0.3911173045635223 0.9203408360481262 0
vn 0.3680947124958038 0.9297882914543152 0
vn 0.344963937997818 0.9386159181594849 0
vn 0.2984724640846252 0.9544182419776917 0
vn 0.2751582264900208 0.9613989591598511 0
vn 0.2518284618854523 0.9677718877792358 0
vn 0.2052097767591476 0.9787180423736572 0
vn 0.1587851196527481 0.9873131513595581 0
vn 0.1356953978538513 0.9907506108283997 0
vn 0.112712524831295 0.993627667427063 0
vn 0.06713823974132538 0.9977436661720276 0
vn 0.02219594456255436 0.9997536540031433 0
vn 0.02219594456255436 0.9997536540031433 0
vn 0.06713823974132538 0.9977436661720276 0
vn 0.112712524831295 0.993627667427063 0
vn 0.1356953978538513 0.9907506108283997 0
vn 0.1587851196527481 0.9873131513595581 0
vn 0.2052097767591476 0.9787180423736572 0
vn 0.2518284618854523 0.9677718877792358 0
vn 0.2751582264900208 0.9613989591598511 0
vn 0.2984724640846252 0.9544182419776917 0
vn 0.344963937997818 0.9386159181594849 0
vn 0.3680947124958038 0.9297882914543152 0
vn 0.3911173045635223 0.9203408360481262 0
vn 0.414007693529129 0.9102733731269836 0
vn 0.4367415606975555 0.8995870351791382 0
vn 0.4816423058509827 0.8763679265975952 0
vn 0.5037602186203003 0.8638435006141663 0
vn 0.5256240963935852 0.8507169485092163 0
vn 0.5472097396850586 0.8369954824447632 0
vn 0.5684933066368103 0.8226879239082336 0
vn 0.6100603342056274 0.7923550009727478 0
vn 0.6302981376647949 0.7763531804084778 0
vn 0.6501426100730896 0.7598121762275696 0
vn 0.6885671019554138 0.7251726388931274 0
vn 0.7251726388931274 0.6885671019554138 0
vn 0.7427467107772827 0.6695724725723267 0
vn 0.7598121762275696 0.6501426100730896 0
vn 0.7923550009727478 0.6100603342056274 0
vn 0.8078039884567261 0.5894511938095093 0
vn 0.8226879239082336 0.5684933066368103 0
vn 0.8507169485092163 0.5256240963935852 0
vn 0.8763679265975952 0.4816423058509827 0
vn 0.8882840275764465 0.4592945873737335 0
vn 0.8995870351791382 0.4367415606975555 0
vn 0.9203408360481262 0.3911173045635223 0
vn 0.9386159181594849 0.344963937997818 0
vn 0.9544182419776917 0.2984724640846252 0
vn 0.9677718877792358 0.2518284618854523 0
vn 0.9787180423736572 0.2052097767591476 0
vn 0.9833053946495056 0.1819630563259125 0
vn 0.9873131513595581 0.1587851196527481 0
vn 0.993627667427063 0.112712524831295 0
vn 0.9959549307823181 0.08985444158315659 0
vn 0.9977436661720276 0.06713823974132538 0
vn 0.9990057945251465 0.04458024352788925 0
vn 0.9997536540031433 0.02219594456255436 0
vn 0.9997536540031433 -0.02219594456255436 0
vn 0.9990057945251465 -0.04458024352788925 0
vn 0.9977436661720276 -0.06713823974132538 0
vn 0.9959549307823181 -0.08985444158315659 0
vn 0.993627667427063 -0.112712524831295 0
vn 0.9873131513595581 -0.1587851196527481 0
vn 0.9833053946495056 -0.1819630563259125 0
vn 0.9787180423736572 -0.2052097767591476 0
vn 0.9677718877792358 -0.2518284618854523 0
vn 0.9544182419776917 -0.2984724640846252 0
vn 0.9386159181594849 -0.344963937997818 0
vn 0.9203408360481262 -0.3911173045635223 0
vn 0.8995870351791382 -0.4367415606975555 0
vn 0.8882840275764465 -0.4592945873737335 0
vn 0.8763679265975952 -0.4816423058509827 0
vn 0.8507169485092163 -0.5256240963935852 0
vn 0.8369954824447632 -0.5472097396850586 0
vn 0.8226879239082336 -0.5684933066368103 0
vn 0.8078039884567261 -0.5894511938095093 0
vn 0.7923550009727478 -0.6100603342056274 0
vn 0.7598121762275696 -0.6501426100730896 0
vn 0.7251726388931274 -0.6885671019554138 0
vn 0.7071067690849304 -0.7071067690849304 0
vn 0.6885671019554138 -0.7251726388931274 0
vn 0.6695724725723267 -0.7427467107772827 0
vn 0.6501426100730896 -0.7598121762275696 0
vn 0.6302981376647949 -0.7763531804084778 0
vn 0.6100603342056274 -0.7923550009727478 0
vn 0.5894511938095093 -0.8078039884567261 0
vn 0.5684933066368103 -0.8226879239082336 0
vn 0.5472097396850586 -0.8369954824447632 0
vn 0.5256240963935852 -0.8507169485092163 0
vn 0.4816423058509827 -0.8763679265975952 0
vn 0.4367415606975555 -0.8995870351791382 0
vn 0.414007693529129 -0.9102733731269836 0
vn 0.3911173045635223 -0.9203408360481262 0
vn 0.3680947124958038 -0.9297882914543152 0
vn 0.344963937997818 -0.9386159181594849 0
vn 0.2984724640846252 -0.9544182419776917 0
vn 0.2518284618854523 -0.9677718877792358 0
vn 0.2285051643848419 -0.9735426902770996 0
vn 0.2052097767591476 -0.9787180423736572 0
vn 0.1587851196527481 -0.9873131513595581 0
vn 0.112712524831295 -0.993627667427063 0
vn 0.06713823974132538 -0.9977436661720276 0
vn 0.04458024352788925 -0.9990057945251465 0
vn 0.02219594456255436 -0.9997536540031433 0
vn -0.02219594456255436 -0.9997536540031433 0
vn -0.06713823974132538 -0.9977436661720276 0
vn -0.112712524831295 -0.993627667427063 0
vn -0.1356953978538513 -0.9907506108283997 0
vn -0.1587851196527481 -0.9873131513595581 0
vn -0.1819630563259125 -0.9833053946495056 0
vn -0.2052097767591476 -0.9787180423736572 0
vn -0.2518284618854523 -0.9677718877792358 0
vn -0.2751582264900208 -0.9613989591598511 0
vn -0.2984724640846252 -0.9544182419776917 0
vn -0.3217487037181854 -0.9468250870704651 0
vn -0.344963937997818 -0.9386159181594849 0
vn -0.3911173045635223 -0.9203408360481262 0
vn -0.4367415606975555 -0.8995870351791382 0
vn -0.4816423058509827 -0.8763679265975952 0
vn -0.5037602186203003 -0.8638435006141663 0
vn -0.5256240963935852 -0.8507169485092163 0
vn -0.5684933066368103 -0.8226879239082336 0
vn -0.6100603342056274 -0.7923550009727478 0
vn -0.6302981376647949 -0.7763531804084778 0
vn -0.6501426100730896 -0.7598121762275696 0
vn -0.6695724725723267 -0.7427467107772827 0
vn -0.6885671019554138 -0.7251726388931274 0
vn -0.7251726388931274 -0.6885671019554138 0
vn -0.7427467107772827 -0.6695724725723267 0
vn -0.7598121762275696 -0.6501426100730896 0
vn -0.7763531804084778 -0.6302981376647949 0
vn -0.7923550009727478 -0.6100603342056274 0
vn -0.8226879239082336 -0.5684933066368103 0
vn -0.8507169485092163 -0.5256240963935852 0
vn -0.8638435006141663 -0.5037602186203003 0
vn -0.8763679265975952 -0.4816423058509827 0
vn -0.8882840275764465 -0.4592945873737335 0
vn -0.8995870351791382 -0.4367415606975555 0
vn -0.9203408360481262 -0.3911173045635223 0
vn -0.9297882914543152 -0.3680947124958038 0
vn -0.9386159181594849 -0.344963937997818 0
vn -0.9468250870704651 -0.3217487037181854 0
vn -0.9544182419776917 -0.2984724640846252 0
vn -0.9613989591598511 -0.2751582264900208 0
vn -0.9677718877792358 -0.2518284618854523 0
vn -0.9735426902770996 -0.2285051643848419 0
vn -0.9787180423736572 -0.2052097767591476 0
vn -0.9833053946495056 -0.1819630563259125 0
vn -0.9873131513595581 -0.1587851196527481 0
vn -0.9907506108283997 -0.1356953978538513 0
vn -0.993627667427063 -0.112712524831295 0
vn -0.9959549307823181 -0.08985444158315659 0
vn -0.9977436661720276 -0.06713823974132538 0
vn -0.9997536540031433 -0.02219594456255436 0
vn -1 6.318608367910454e-17 0
vn -0.9997536540031433 0.02219594456255436 0
vn -0.9990057945251465 0.04458024352788925 0
vn -0.9977436661720276 0.06713823974132538 0
vn -0.9959549307823181 0.08985444158315659 0
vn -0.993627667427063 0.112712524831295 0
vn -0.9907506108283997 0.1356953978538513 0
vn -0.9873131513595581 0.1587851196527481 0
vn -0.9833053946495056 0.1819630563259125 0
vn -0.9787180423736572 0.2052097767591476 0
vn -0.9677718877792358 0.2518284618854523 0
vn -0.9613989591598511 0.2751582264900208 0
vn -0.9544182419776917 0.2984724640846252 0
vn -0.9468250870704651 0.3217487037181854 0
vn -0.9386159181594849 0.344963937997818 0
vn -0.9297882914543152 0.3680947124958038 0
vn -0.9203408360481262 0.3911173045635223 0
vn -0.9102733731269836 0.414007693529129 0
vn -0.8995870351791382 0.4367415606975555 0
vn -0.8763679265975952 0.4816423058509827 0
vn -0.8638435006141663 0.5037602186203003 0
vn -0.8507169485092163 0.5256240963935852 0
vn -0.8369954824447632 0.5472097396850586 0
vn -0.8226879239082336 0.5684933066368103 0
vn -0.8078039884567261 0.5894511938095093 0
vn -0.7923550009727478 0.6100603342056274 0
vn -0.7763531804084778 0.6302981376647949 0
vn -0.7598121762275696 0.6501426100730896 0
vn -0.7427467107772827 0.6695724725723267 0
vn -0.7251726388931274 0.6885671019554138 0
vn -0.7071067690849304 0.7071067690849304 0
vn -0.6885671019554138 0.7251726388931274 0
vn -0.6695724725723267 0.7427467107772827 0
vn -0.6501426100730896 0.7598121762275696 0
vn -0.6302981376647949 0.7763531804084778 0
vn -0.6100603342056274 0.7923550009727478 0
vn -0.5894511938095093 0.8078039884567261 0
vn -0.5684933066368103 0.8226879239082336 0
vn -0.5472097396850586 0.8369954824447632 0
vn -0.5256240963935852 0.8507169485092163 0
vn -0.4816423058509827 0.8763679265975952 0
vn -0.4592945873737335 0.8882840275764465 0
vn -0.4367415606975555 0.8995870351791382 0
vn -0.414007693529129 0.9102733731269836 0
vn -0.3911173045635223 0.9203408360481262 0
vn -0.3680947124958038 0.9297882914543152 0
vn -0.344963937997818 0.9386159181594849 0
vn -0.3217487037181854 0.9468250870704651 0
vn -0.2984724640846252 0.9544182419776917 0
vn -0.2751582264900208 0.9613989591598511 0
vn -0.2518284618854523 0.9677718877792358 0
vn -0.2285051643848419 0.9735426902770996 0
vn -0.2052097767591476 0.9787180423736572 0
vn -0.1819630563259125 0.9833053946495056 0
vn -0.1587851196527481 0.9873131513595581 0
vn -0.1356953978538513 0.9907506108283997 0
vn -0.112712524831295 0.993627667427063 0
vn -0.08985444158315659 0.9959549307823181 0
vn -0.06713823974132538 0.9977436661720276 0
vn -0.04458024352788925 0.9990057945251465 0
vn -0.02219594456255436 0.9997536540031433 0
vn 1.849721565805277e-16 -1 0
vn -1.849721565805277e-16 -1 0
vn 0.08985444158315659 -0.9959549307823181 0
vn 0.1819630563259125 -0.9833053946495056 0
vn 0.2751582264900208 -0.9613989591598511 0
vn 0.3680947124958038 -0.9297882914543152 0
vn 0.5037602186203003 -0.8638435006141663 0
vn 0.5037602186203003 -0.8638435006141663 0
vn 0.6302981376647949 -0.7763531804084778 0
vn 0.7071067690849304 -0.7071067690849304 0
vn 0.7427467107772827 -0.6695724725723267 0
vn 0.8882840275764465 -0.4592945873737335 0
vn 0.8882840275764465 -0.4592945873737335 0
vn 0.9297882914543152 -0.3680947124958038 0
vn 0.9613989591598511 -0.2751582264900208 0
vn 0.9735426902770996 -0.2285051643848419 0
vn 0.9735426902770996 -0.2285051643848419 0
vn 0.9833053946495056 -0.1819630563259125 0
vn 0.9990057945251465 -0.04458024352788925 0
vn 1 1.233147754653151e-16 0
vn 0.9990057945251465 0.04458024352788925 0
vn 0.9990057945251465 0.04458024352788925 0
vn 0.9959549307823181 0.08985444158315659 0
vn 0.9907506108283997 0.1356953978538513 0
vn 0.9735426902770996 0.2285051643848419 0
vn 0.9102733731269836 0.414007693529129 0
vn 0.9102733731269836 0.414007693529129 0
vn 0.8369954824447632 0.5472097396850586 0
vn 0.8369954824447632 0.5472097396850586 0
vn 0.8078039884567261 0.5894511938095093 0
vn 0.8078039884567261 0.5894511938095093 0
vn 0.7071067690849304 0.7071067690849304 0
vn 0.7071067690849304 0.7071067690849304 0
vn 0.5894511938095093 0.8078039884567261 0
vn 0.5894511938095093 0.8078039884567261 0
vn 0.5472097396850586 0.8369954824447632 0
vn 0.5472097396850586 0.8369954824447632 0
vn 0.4592945873737335 0.8882840275764465 0
vn 0.4592945873737335 0.8882840275764465 0
vn 0.414007693529129 0.9102733731269836 0
vn 0.414007693529129 0.9102733731269836 0
vn 0.3680947124958038 0.9297882914543152 0
vn 0.3680947124958038 0.9297882914543152 0
vn 0.2285051643848419 0.9735426902770996 0
vn 0.2285051643848419 0.9735426902770996 0
vn 0.08985444158315659 0.9959549307823181 0
vn 0.08985444158315659 0.9959549307823181 0
vn 0.04458024352788925 0.9990057945251465 0
vn 0.04458024352788925 0.9990057945251465 0
vn 1.233147754653151e-16 1 0
vn 1.233147754653151e-16 1 0
vn -0.08985444158315659 0.9959549307823181 0
vn -0.08985444158315659 0.9959549307823181 0
vn -0.1356953978538513 0.9907506108283997 0
vn -0.1356953978538513 0.9907506108283997 0
vn -0.1819630563259125 0.9833053946495056 0
vn -0.1819630563259125 0.9833053946495056 0
vn -0.2751582264900208 0.9613989591598511 0
vn -0.2751582264900208 0.9613989591598511 0
vn -0.3217487037181854 0.9468250870704651 0
vn -0.3217487037181854 0.9468250870704651 0
vn -0.4592945873737335 0.8882840275764465 0
vn -0.4592945873737335 0.8882840275764465 0
vn -0.7427467107772827 0.6695724725723267 0
vn -0.7427467107772827 0.6695724725723267 0
vn -0.7763531804084778 0.6302981376647949 0
vn -0.7763531804084778 0.6302981376647949 0
vn -0.8638435006141663 0.5037602186203003 0
vn -0.8638435006141663 0.5037602186203003 0
vn -0.9102733731269836 0.414007693529129 0
vn -0.9102733731269836 0.414007693529129 0
vn -0.9297882914543152 0.3680947124958038 0
vn -0.9297882914543152 0.3680947124958038 0
vn -0.9468250870704651 0.3217487037181854 0
vn -0.9468250870704651 0.3217487037181854 0
vn -0.9613989591598511 0.2751582264900208 0
vn -0.9613989591598511 0.2751582264900208 0
vn -0.9735426902770996 0.2285051643848419 0
vn -0.9735426902770996 0.2285051643848419 0
vn -0.9907506108283997 0.1356953978538513 0
vn -0.9907506108283997 0.1356953978538513 0
vn -1 1.849721565805277e-16 0
vn -1 1.849721565805277e-16 0
vn -0.9907506108283997 -0.1356953978538513 0
vn -0.9907506108283997 -0.1356953978538513 0
vn -0.9735426902770996 -0.2285051643848419 0
vn -0.9735426902770996 -0.2285051643848419 0
vn -0.9613989591598511 -0.2751582264900208 0
vn -0.9613989591598511 -0.2751582264900208 0
vn -0.9468250870704651 -0.3217487037181854 0
vn -0.9468250870704651 -0.3217487037181854 0
vn -0.9297882914543152 -0.3680947124958038 0
vn -0.9297882914543152 -0.3680947124958038 0
vn -0.9102733731269836 -0.414007693529129 0
vn -0.9102733731269836 -0.414007693529129 0
vn -0.8638435006141663 -0.5037602186203003 0
vn -0.8638435006141663 -0.5037602186203003 0
vn -0.8369954824447632 -0.5472097396850586 0
vn -0.8369954824447632 -0.5472097396850586 0
vn -0.7763531804084778 -0.6302981376647949 0
vn -0.7763531804084778 -0.6302981376647949 0
vn -0.7071067690849304 -0.7071067690849304 0
vn -0.7071067690849304 -0.7071067690849304 0
vn -0.6695724725723267 -0.7427467107772827 0
vn -0.6695724725723267 -0.7427467107772827 0
vn -0.5894511938095093 -0.8078039884567261 0
vn -0.5894511938095093 -0.8078039884567261 0
vn -0.4592945873737335 -0.8882840275764465 0
vn -0.4592945873737335 -0.8882840275764465 0
vn -0.3217487037181854 -0.9468250870704651 0
vn -0.3217487037181854 -0.9468250870704651 0
vn -0.2285051643848419 -0.9735426902770996 0
vn -0.2285051643848419 -0.9735426902770996 0
vn -0.1819630563259125 -0.9833053946495056 0
vn -0.1819630563259125 -0.9833053946495056 0
vn -0.08985444158315659 -0.9959549307823181 0
vn -0.08985444158315659 -0.9959549307823181 0
vn -0.04458024352788925 -0.9990057945251465 0
vn -0.04458024352788925 -0.9990057945251465 0
vn 1.849721565805277e-16 -1 0
vn -1.849721565805277e-16 -1 0
vn 0.02219594456255436 -0.9997536540031433 0
vn 0.04458024352788925 -0.9990057945251465 0
vn 0.06713823974132538 -0.9977436661720276 0
vn 0.112712524831295 -0.993627667427063 0
vn 0.1356953978538513 -0.9907506108283997 0
vn 0.1587851196527481 -0.9873131513595581 0
vn 0.2052097767591476 -0.9787180423736572 0
vn 0.2285051643848419 -0.9735426902770996 0
vn 0.2518284618854523 -0.9677718877792358 0
vn 0.2984724640846252 -0.9544182419776917 0
vn 0.3217487037181854 -0.9468250870704651 0
vn 0.344963937997818 -0.9386159181594849 0
vn 0.3911173045635223 -0.9203408360481262 0
vn 0.414007693529129 -0.9102733731269836 0
vn 0.4367415606975555 -0.8995870351791382 0
vn 0.4592945873737335 -0.8882840275764465 0
vn 0.4816423058509827 -0.8763679265975952 0
vn 0.5256240963935852 -0.8507169485092163 0
vn 0.5472097396850586 -0.8369954824447632 0
vn 0.5684933066368103 -0.8226879239082336 0
vn 0.5894511938095093 -0.8078039884567261 0
vn 0.6100603342056274 -0.7923550009727478 0
vn 0.6501426100730896 -0.7598121762275696 0
vn 0.6695724725723267 -0.7427467107772827 0
vn 0.6885671019554138 -0.7251726388931274 0
vn 0.7251726388931274 -0.6885671019554138 0
vn 0.7598121762275696 -0.6501426100730896 0
vn 0.7763531804084778 -0.6302981376647949 0
vn 0.7923550009727478 -0.6100603342056274 0
vn 0.8078039884567261 -0.5894511938095093 0
vn 0.8226879239082336 -0.5684933066368103 0
vn 0.8369954824447632 -0.5472097396850586 0
vn 0.8507169485092163 -0.5256240963935852 0
vn 0.8638435006141663 -0.5037602186203003 0
vn 0.8763679265975952 -0.4816423058509827 0
vn 0.8995870351791382 -0.4367415606975555 0
vn 0.9102733731269836 -0.414007693529129 0
vn 0.9203408360481262 -0.3911173045635223 0
vn 0.9386159181594849 -0.344963937997818 0
vn 0.9468250870704651 -0.3217487037181854 0
vn 0.9544182419776917 -0.2984724640846252 0
vn 0.9677718877792358 -0.2518284618854523 0
vn 0.9787180423736572 -0.2052097767591476 0
vn 0.9873131513595581 -0.1587851196527481 0
vn 0.9907506108283997 -0.1356953978538513 0
vn 0.993627667427063 -0.112712524831295 0
vn 0.9959549307823181 -0.08985444158315659 0
vn 0.9977436661720276 -0.06713823974132538 0
vn 0.9997536540031433 -0.02219594456255436 0
vn 0.9997536540031433 0.02219594456255436 0
vn 0.9977436661720276 0.06713823974132538 0
vn 0.993627667427063 0.112712524831295 0
vn 0.9873131513595581 0.1587851196527481 0
vn 0.9833053946495056 0.1819630563259125 0
vn 0.9787180423736572 0.2052097767591476 0
vn 0.9677718877792358 0.2518284618854523 0
vn 0.9613989591598511 0.2751582264900208 0
vn 0.9544182419776917 0.2984724640846252 0
vn 0.9468250870704651 0.3217487037181854 0
vn 0.9386159181594849 0.344963937997818 0
vn 0.9297882914543152 0.3680947124958038 0
vn 0.9203408360481262 0.3911173045635223 0
vn 0.8995870351791382 0.4367415606975555 0
vn 0.8882840275764465 0.4592945873737335 0
vn 0.8763679265975952 0.4816423058509827 0
vn 0.8638435006141663 0.5037602186203003 0
vn 0.8507169485092163 0.5256240963935852 0
vn 0.8226879239082336 0.5684933066368103 0
vn 0.7923550009727478 0.6100603342056274 0
vn 0.7763531804084778 0.6302981376647949 0
vn 0.7598121762275696 0.6501426100730896 0
vn 0.7427467107772827 0.6695724725723267 0
vn 0.7251726388931274 0.6885671019554138 0
vn 0.6885671019554138 0.7251726388931274 0
vn 0.6695724725723267 0.7427467107772827 0
vn 0.6501426100730896 0.7598121762275696 0
vn 0.6302981376647949 0.7763531804084778 0
vn 0.6100603342056274 0.7923550009727478 0
vn 0.5684933066368103 0.8226879239082336 0
vn 0.5256240963935852 0.8507169485092163 0
vn 0.5037602186203003 0.8638435006141663 0
vn 0.4816423058509827 0.8763679265975952 0
vn 0.4367415606975555 0.8995870351791382 0
vn 0.3911173045635223 0.9203408360481262 0
vn 0.344963937997818 0.9386159181594849 0
vn 0.3217487037181854 0.9468250870704651 0
vn 0.2984724640846252 0.9544182419776917 0
vn 0.2751582264900208 0.9613989591598511 0
vn 0.2518284618854523 0.9677718877792358 0
vn 0.2052097767591476 0.9787180423736572 0
vn 0.1819630563259125 0.9833053946495056 0
vn 0.1587851196527481 0.9873131513595581 0
vn 0.1356953978538513 0.9907506108283997 0
vn 0.112712524831295 0.993627667427063 0
vn 0.06713823974132538 0.9977436661720276 0
vn 0.02219594456255436 0.9997536540031433 0
vn -0.02219594456255436 0.9997536540031433 0
vn -0.04458024352788925 0.9990057945251465 0
vn -0.06713823974132538 0.9977436661720276 0
vn -0.112712524831295 0.993627667427063 0
vn -0.1587851196527481 0.9873131513595581 0
vn -0.2052097767591476 0.9787180423736572 0
vn -0.2285051643848419 0.9735426902770996 0
vn -0.2518284618854523 0.9677718877792358 0
vn -0.2984724640846252 0.9544182419776917 0
vn -0.344963937997818 0.9386159181594849 0
vn -0.3680947124958038 0.9297882914543152 0
vn -0.3911173045635223 0.9203408360481262 0
vn -0.414007693529129 0.9102733731269836 0
vn -0.4367415606975555 0.8995870351791382 0
vn -0.4816423058509827 0.8763679265975952 0
vn -0.5037602186203003 0.8638435006141663 0
vn -0.5256240963935852 0.8507169485092163 0
vn -0.5472097396850586 0.8369954824447632 0
vn -0.5684933066368103 0.8226879239082336 0
vn -0.5894511938095093 0.8078039884567261 0
vn -0.6100603342056274 0.7923550009727478 0
vn -0.6302981376647949 0.7763531804084778 0
vn -0.6501426100730896 0.7598121762275696 0
vn -0.6695724725723267 0.7427467107772827 0
vn -0.6885671019554138 0.7251726388931274 0
vn -0.7071067690849304 0.7071067690849304 0
vn -0.7251726388931274 0.6885671019554138 0
vn -0.7598121762275696 0.6501426100730896 0
vn -0.7923550009727478 0.6100603342056274 0
vn -0.8078039884567261 0.5894511938095093 0
vn -0.8226879239082336 0.5684933066368103 0
vn -0.8369954824447632 0.5472097396850586 0
vn -0.8507169485092163 0.5256240963935852 0
vn -0.8763679265975952 0.4816423058509827 0
vn -0.8882840275764465 0.4592945873737335 0
vn -0.8995870351791382 0.4367415606975555 0
vn -0.9203408360481262 0.3911173045635223 0
vn -0.9386159181594849 0.344963937997818 0
vn -0.9544182419776917 0.2984724640846252 0
vn -0.9677718877792358 0.2518284618854523 0
vn -0.9787180423736572 0.2052097767591476 0
vn -0.9833053946495056 0.1819630563259125 0
vn -0.9873131513595581 0.1587851196527481 0
vn -0.993627667427063 0.112712524831295 0
vn -0.9959549307823181 0.08985444158315659 0
vn -0.9977436661720276 0.06713823974132538 0
vn -0.9990057945251465 0.04458024352788925 0
vn -0.9997536540031433 0.02219594456255436 0
vn -0.9997536540031433 -0.02219594456255436 0
vn -0.9990057945251465 -0.04458024352788925 0
vn -0.9977436661720276 -0.06713823974132538 0
vn -0.9959549307823181 -0.08985444158315659 0
vn -0.993627667427063 -0.112712524831295 0
vn -0.9873131513595581 -0.1587851196527481 0
vn -0.9833053946495056 -0.1819630563259125 0
vn -0.9787180423736572 -0.2052097767591476 0
vn -0.9677718877792358 -0.2518284618854523 0
vn -0.9544182419776917 -0.2984724640846252 0
vn -0.9386159181594849 -0.344963937997818 0
vn -0.9203408360481262 -0.3911173045635223 0
vn -0.8995870351791382 -0.4367415606975555 0
vn -0.8882840275764465 -0.4592945873737335 0
vn -0.8763679265975952 -0.4816423058509827 0
vn -0.8507169485092163 -0.5256240963935852 0
vn -0.8226879239082336 -0.5684933066368103 0
vn -0.8078039884567261 -0.5894511938095093 0
vn -0.7923550009727478 -0.6100603342056274 0
vn -0.7598121762275696 -0.6501426100730896 0
vn -0.7427467107772827 -0.6695724725723267 0
vn -0.7251726388931274 -0.6885671019554138 0
vn -0.6885671019554138 -0.7251726388931274 0
vn -0.6501426100730896 -0.7598121762275696 0
vn -0.6302981376647949 -0.7763531804084778 0
vn -0.6100603342056274 -0.7923550009727478 0
vn -0.5684933066368103 -0.8226879239082336 0
vn -0.5472097396850586 -0.8369954824447632 0
vn -0.5256240963935852 -0.8507169485092163 0
vn -0.5037602186203003 -0.8638435006141663 0
vn -0.4816423058509827 -0.8763679265975952 0
vn -0.4367415606975555 -0.8995870351791382 0
vn -0.414007693529129 -0.9102733731269836 0
vn -0.3911173045635223 -0.9203408360481262 0
vn -0.3680947124958038 -0.9297882914543152 0
vn -0.344963937997818 -0.9386159181594849 0
vn -0.2984724640846252 -0.9544182419776917 0
vn -0.2751582264900208 -0.9613989591598511 0
vn -0.2518284618854523 -0.9677718877792358 0
vn -0.2052097767591476 -0.9787180423736572 0
vn -0.1587851196527481 -0.9873131513595581 0
vn -0.1356953978538513 -0.9907506108283997 0
vn -0.112712524831295 -0.993627667427063 0
vn -0.06713823974132538 -0.9977436661720276 0
vn -0.02219594456255436 -0.9997536540031433 0
vn -0.02219594456255436 -0.9997536540031433 0
vn -0.06713823974132538 -0.9977436661720276 0
vn -0.112712524831295 -0.993627667427063 0
vn -0.1356953978538513 -0.9907506108283997 0
vn -0.1587851196527481 -0.9873131513595581 0
vn -0.2052097767591476 -0.9787180423736572 0
vn -0.2518284618854523 -0.9677718877792358 0
vn -0.2751582264900208 -0.9613989591598511 0
vn -0.2984724640846252 -0.9544182419776917 0
vn -0.344963937997818 -0.9386159181594849 0
vn -0.3680947124958038 -0.9297882914543152 0
vn -0.3911173045635223 -0.9203408360481262 0
vn -0.414007693529129 -0.9102733731269836 0
vn -0.4367415606975555 -0.8995870351791382 0
vn -0.4816423058509827 -0.8763679265975952 0
vn -0.5037602186203003 -0.8638435006141663 0
vn -0.5256240963935852 -0.8507169485092163 0
vn -0.5472097396850586 -0.8369954824447632 0
vn -0.5684933066368103 -0.8226879239082336 0
vn -0.6100603342056274 -0.7923550009727478 0
vn -0.6302981376647949 -0.7763531804084778 0
vn -0.6501426100730896 -0.7598121762275696 0
vn -0.6885671019554138 -0.7251726388931274 0
vn -0.7251726388931274 -0.6885671019554138 0
vn -0.7427467107772827 -0.6695724725723267 0
vn -0.7598121762275696 -0.6501426100730896 0
vn -0.7923550009727478 -0.6100603342056274 0
vn -0.8078039884567261 -0.5894511938095093 0
vn -0.8226879239082336 -0.5684933066368103 0
vn -0.8507169485092163 -0.5256240963935852 0
vn -0.8763679265975952 -0.4816423058509827 0
vn -0.8882840275764465 -0.4592945873737335 0
vn -0.8995870351791382 -0.4367415606975555 0
vn -0.9203408360481262 -0.3911173045635223 0
vn -0.9386159181594849 -0.344963937997818 0
vn -0.9544182419776917 -0.2984724640846252 0
vn -0.9677718877792358 -0.2518284618854523 0
vn -0.9787180423736572 -0.2052097767591476 0
vn -0.9833053946495056 -0.1819630563259125 0
vn -0.9873131513595581 -0.1587851196527481 0
vn -0.993627667427063 -0.112712524831295 0
vn -0.9959549307823181 -0.08985444158315659 0
vn -0.9977436661720276 -0.06713823974132538 0
vn -0.9990057945251465 -0.04458024352788925 0
vn -0.9997536540031433 -0.02219594456255436 0
vn -0.9997536540031433 0.02219594456255436 0
vn -0.9990057945251465 0.04458024352788925 0
vn -0.9977436661720276 0.06713823974132538 0
vn -0.9959549307823181 0.08985444158315659 0
vn -0.993627667427063 0.112712524831295 0
vn -0.9873131513595581 0.1587851196527481 0
vn -0.9833053946495056 0.1819630563259125 0
vn -0.9787180423736572 0.2052097767591476 0
vn -0.9677718877792358 0.2518284618854523 0
vn -0.9544182419776917 0.2984724640846252 0
vn -0.9386159181594849 0.344963937997818 0
vn -0.9203408360481262 0.3911173045635223 0
vn -0.8995870351791382 0.4367415606975555 0
vn -0.8882840275764465 0.4592945873737335 0
vn -0.8763679265975952 0.4816423058509827 0
vn -0.8507169485092163 0.5256240963935852 0
vn -0.8369954824447632 0.5472097396850586 0
vn -0.8226879239082336 0.5684933066368103 0
vn -0.8078039884567261 0.5894511938095093 0
vn -0.7923550009727478 0.6100603342056274 0
vn -0.7598121762275696 0.6501426100730896 0
vn -0.7251726388931274 0.6885671019554138 0
vn -0.7071067690849304 0.7071067690849304 0
vn -0.6885671019554138 0.7251726388931274 0
vn -0.6695724725723267 0.7427467107772827 0
vn -0.6501426100730896 0.7598121762275696 0
vn -0.6302981376647949 0.7763531804084778 0
vn -0.6100603342056274 0.7923550009727478 0
vn -0.5894511938095093 0.8078039884567261 0
vn -0.5684933066368103 0.8226879239082336 0
vn -0.5472097396850586 0.8369954824447632 0
vn -0.5256240963935852 0.8507169485092163 0
vn -0.5037602186203003 0.8638435006141663 0
vn -0.4816423058509827 0.8763679265975952 0
vn -0.4367415606975555 0.8995870351791382 0
vn -0.414007693529129 0.9102733731269836 0
vn -0.3911173045635223 0.9203408360481262 0
vn -0.3680947124958038 0.9297882914543152 0
vn -0.344963937997818 0.9386159181594849 0
vn -0.2984724640846252 0.9544182419776917 0
vn -0.2518284618854523 0.9677718877792358 0
vn -0.2285051643848419 0.9735426902770996 0
vn -0.2052097767591476 0.9787180423736572 0
vn -0.1587851196527481 0.9873131513595581 0
vn -0.112712524831295 0.993627667427063 0
vn -0.06713823974132538 0.9977436661720276 0
vn -0.04458024352788925 0.9990057945251465 0
vn -0.02219594456255436 0.9997536540031433 0
vn 0.02219594456255436 0.9997536540031433 0
vn 0.06713823974132538 0.9977436661720276 0
vn 0.112712524831295 0.993627667427063 0
vn 0.1356953978538513 0.9907506108283997 0
vn 0.1587851196527481 0.9873131513595581 0
vn 0.1819630563259125 0.9833053946495056 0
vn 0.2052097767591476 0.9787180423736572 0
vn 0.2518284618854523 0.9677718877792358 0
vn 0.2751582264900208 0.9613989591598511 0
vn 0.2984724640846252 0.9544182419776917 0
vn 0.3217487037181854 0.9468250870704651 0
vn 0.344963937997818 0.9386159181594849 0
vn 0.3911173045635223 0.9203408360481262 0
vn 0.4367415606975555 0.8995870351791382 0
vn 0.4816423058509827 0.8763679265975952 0
vn 0.5037602186203003 0.8638435006141663 0
vn 0.5256240963935852 0.8507169485092163 0
vn 0.5684933066368103 0.8226879239082336 0
vn 0.6100603342056274 0.7923550009727478 0
vn 0.6302981376647949 0.7763531804084778 0
vn 0.6501426100730896 0.7598121762275696 0
vn 0.6695724725723267 0.7427467107772827 0
vn 0.6885671019554138 0.7251726388931274 0
vn 0.7251726388931274 0.6885671019554138 0
vn 0.7427467107772827 0.6695724725723267 0
vn 0.7598121762275696 0.6501426100730896 0
vn 0.7763531804084778 0.6302981376647949 0
vn 0.7923550009727478 0.6100603342056274 0
vn 0.8226879239082336 0.5684933066368103 0
vn 0.8507169485092163 0.5256240963935852 0
vn 0.8638435006141663 0.5037602186203003 0
vn 0.8763679265975952 0.4816423058509827 0
vn 0.8882840275764465 0.4592945873737335 0
vn 0.8995870351791382 0.4367415606975555 0
vn 0.9203408360481262 0.3911173045635223 0
vn 0.9297882914543152 0.3680947124958038 0
vn 0.9386159181594849 0.344963937997818 0
vn 0.9468250870704651 0.3217487037181854 0
vn 0.9544182419776917 0.2984724640846252 0
vn 0.9613989591598511 0.2751582264900208 0
vn 0.9677718877792358 0.2518284618854523 0
vn 0.9735426902770996 0.2285051643848419 0
vn 0.9787180423736572 0.2052097767591476 0
vn 0.9833053946495056 0.1819630563259125 0
vn 0.9873131513595581 0.1587851196527481 0
vn 0.9907506108283997 0.1356953978538513 0
vn 0.993627667427063 0.112712524831295 0
vn 0.9959549307823181 0.08985444158315659 0
vn 0.9977436661720276 0.06713823974132538 0
vn 0.9997536540031433 0.02219594456255436 0
vn 1 4.316016942762681e-16 0
vn 0.9997536540031433 -0.02219594456255436 0
vn 0.9990057945251465 -0.04458024352788925 0
vn 0.9977436661720276 -0.06713823974132538 0
vn 0.9959549307823181 -0.08985444158315659 0
vn 0.993627667427063 -0.112712524831295 0
vn 0.9907506108283997 -0.1356953978538513 0
vn 0.9873131513595581 -0.1587851196527481 0
vn 0.9833053946495056 -0.1819630563259125 0
vn 0.9787180423736572 -0.2052097767591476 0
vn 0.9677718877792358 -0.2518284618854523 0
vn 0.9613989591598511 -0.2751582264900208 0
vn 0.9544182419776917 -0.2984724640846252 0
vn 0.9468250870704651 -0.3217487037181854 0
vn 0.9386159181594849 -0.344963937997818 0
vn 0.9297882914543152 -0.3680947124958038 0
vn 0.9203408360481262 -0.3911173045635223 0
vn 0.9102733731269836 -0.414007693529129 0
vn 0.8995870351791382 -0.4367415606975555 0
vn 0.8763679265975952 -0.4816423058509827 0
vn 0.8638435006141663 -0.5037602186203003 0
vn 0.8507169485092163 -0.5256240963935852 0
vn 0.8369954824447632 -0.5472097396850586 0
vn 0.8226879239082336 -0.5684933066368103 0
vn 0.8078039884567261 -0.5894511938095093 0
vn 0.7923550009727478 -0.6100603342056274 0
vn 0.7763531804084778 -0.6302981376647949 0
vn 0.7598121762275696 -0.6501426100730896 0
vn 0.7427467107772827 -0.6695724725723267 0
vn 0.7251726388931274 -0.6885671019554138 0
vn 0.7071067690849304 -0.7071067690849304 0
vn 0.6885671019554138 -0.7251726388931274 0
vn 0.6695724725723267 -0.7427467107772827 0
vn 0.6501426100730896 -0.7598121762275696 0
vn 0.6302981376647949 -0.7763531804084778 0
vn 0.6100603342056274 -0.7923550009727478 0
vn 0.5894511938095093 -0.8078039884567261 0
vn 0.5684933066368103 -0.8226879239082336 0
vn 0.5472097396850586 -0.8369954824447632 0
vn 0.5256240963935852 -0.8507169485092163 0
vn 0.4816423058509827 -0.8763679265975952 0
vn 0.4592945873737335 -0.8882840275764465 0
vn 0.4367415606975555 -0.8995870351791382 0
vn 0.414007693529129 -0.9102733731269836 0
vn 0.3911173045635223 -0.9203408360481262 0
vn 0.3680947124958038 -0.9297882914543152 0
vn 0.344963937997818 -0.9386159181594849 0
vn 0.3217487037181854 -0.9468250870704651 0
vn 0.2984724640846252 -0.9544182419776917 0
vn 0.2751582264900208 -0.9613989591598511 0
vn 0.2518284618854523 -0.9677718877792358 0
vn 0.2285051643848419 -0.9735426902770996 0
vn 0.2052097767591476 -0.9787180423736572 0
vn 0.1819630563259125 -0.9833053946495056 0
vn 0.1587851196527481 -0.9873131513595581 0
vn 0.1356953978538513 -0.9907506108283997 0
vn 0.112712524831295 -0.993627667427063 0
vn 0.08985444158315659 -0.9959549307823181 0
vn 0.06713823974132538 -0.9977436661720276 0
vn 0.04458024352788925 -0.9990057945251465 0
vn 0.02219594456255436 -0.9997536540031433 0
vn 0 0 -1
vn 0 0 -1
vn 0 0 -1
vn 0 0 -1
vn 0 0 -1
vn 0 0 -1
vn 0 0 -1
vn 0 0 -1
vn 0 0 -1
vn 0 0 -1
vn 0 0 -1
vn 0 0 -1
vn 0 0 -1
vn 0 0 -1
vn 0 0 -1
vn 0 0 -1
vn 0 0 -1
vn 0 0 -1
vn 0 0 -1
vn 0 0 -1
vn 0 0 -1
vn 0 0 -1
vn 0 0 -1
vn 0 0 -1
vn 0 0 -1
vn 0 0 -1
vn 0 0 -1
vn 0 0 -1
vn 0 0 -1
vn 0 0 -1
vn 0 0 -1
vn 0 0 -1
vn 0 0 -1
vn 0 0 -1
vn 0 0 -1
vn 0 0 -1
vn 0 0 -1
vn 0 0 -1
vn 0 0 -1
vn 0 0 -1
vn 0 0 -1
vn 0 0 -1
vn 0 0 -1
vn 0 0 -1
vn 0 0 -1
vn 0 0 -1
vn 0 0 -1
vn 0 0 -1
vn 0 0 -1
vn 0 0 -1
vn 0 0 -1
vn 0 0 -1
vn 0 0 -1
vn 0 0 -1
vn 0 0 -1
vn 0 0 -1
vn 0 0 -1
vn 0 0 -1
vn 0 0 -1
vn 0 0 -1
vn 0 0 -1
vn 0 0 -1
vn 0 0 -1
vn 0 0 -1
vn 0 0 -1
vn 0 0 -1
vn 0 0 -1
vn 0 0 -1
vn 0 0 -1
vn 0 0 -1
vn 0 0 -1
vn 0 0 -1
vn 0 0 -1
vn 0 0 -1
vn 0 0 -1
vn 0 0 -1
vn 0 0 -1
vn 0 0 -1
vn 0 0 -1
vn 0 0 -1
vn 0 0 -1
vn 0 0 -1
vn 0 0 -1
vn 0 0 -1
vn 0 0 -1
vn 0 0 -1
vn 0 0 -1
vn 0 0 -1
vn 0 0 -1
vn 0 0 -1
vn 0 0 -1
vn 0 0 -1
vn 0 0 -1
vn 0 0 -1
vn 0 0 -1
vn 0 0 -1
vn 0 0 -1
vn 0 0 -1
vn 0 0 -1
vn 0 0 -1
vn 0 0 -1
vn 0 0 -1
vn 0 0 -1
vn 0 0 -1
vn 0 0 -1
vn 0 0 -1
vn 0 0 -1
vn 0 0 -1
vn 0 0 -1
vn 0 0 -1
vn 0 0 -1
vn 0 0 -1
vn 0 0 -1
vn 0 0 -1
vn 0 0 -1
vn 0 0 -1
vn 0 0 -1
vn 0 0 -1
vn 0 0 -1
vn 0 0 -1
vn 0 0 -1
vn 0 0 -1
vn 0 0 -1
vn 0 0 -1
vn 0 0 -1
vn 0 0 -1
vn 0 0 -1
vn 0 0 -1
vn 0 0 -1
vn 0 0 -1
vn 0 0 -1
vn 0 0 -1
vn 0 0 -1
vn 0 0 -1
vn 0 0 -1
vn 0 0 -1
vn 0 0 -1
vn 0 0 -1
vn 0 0 -1
vn 0 0 -1
vn 0 0 -1
vn 0 0 -1
vn 0 0 -1
vn 0 0 -1
vn 0 0 -1
vn 0 0 -1
vn 0 0 -1
vn 0 0 -1
vn 0 0 -1
vn 0 0 -1
vn 0 0 -1
vn 0 0 -1
vn 0 0 -1
vn 0 0 -1
vn 0 0 -1
vn 0 0 -1
vn 0 0 -1
vn 0 0 -1
vn 0 0 -1
vn 0 0 -1
vn 0 0 -1
vn 0 0 -1
vn 0 0 -1
vn 0 0 -1
vn 0 0 -1
vn 0 0 -1
vn 0 0 -1
vn 0 0 -1
vn 0 0 -1
vn 0 0 -1
vn 0 0 -1
vn 0 0 -1
vn 0 0 -1
vn 0 0 -1
vn 0 0 -1
vn 0 0 -1
vn 0 0 -1
vn 0 0 -1
vn 0 0 -1
vn 0 0 -1
vn 0 0 -1
vn 0 0 -1
vn 0 0 -1
vn 0 0 -1
vn 0 0 -1
vn 0 0 -1
vn 0 0 -1
vn 0 0 -1
vn 0 0 -1
vn 0 0 -1
vn 0 0 -1
vn 0 0 -1
vn 0 0 -1
vn 0 0 -1
vn 0 0 -1
vn 0 0 -1
vn 0 0 -1
vn 0 0 -1
vn 0 0 -1
vn 0 0 -1
vn 0 0 -1
vn 0 0 -1
vn 0 0 -1
vn 0 0 -1
vn 0 0 -1
vn 0 0 -1
vn 0 0 -1
vn 0 0 -1
vn 0 0 -1
vn 0 0 -1
vn 0 0 -1
vn 0 0 -1
vn 0 0 -1
vn 0 0 -1
vn 0 0 -1
vn 0 0 -1
vn 0 0 -1
vn 0 0 -1
vn 0 0 -1
vn 0 0 -1
vn 0 0 -1
vn 0 0 -1
vn 0 0 -1
vn 0 0 -1
vn 0 0 -1
vn 0 0 -1
vn 0 0 -1
vn 0 0 -1
vn 0 0 -1
vn 0 0 -1
vn 0 0 -1
vn 0 0 -1
vn 0 0 -1
vn 0 0 -1
vn 0 0 -1
vn 0 0 -1
vn 0 0 -1
vn 0 0 -1
vn 0 0 -1
vn 0 0 -1
vn 0 0 -1
vn 0 0 -1
vn 0 0 -1
vn 0 0 -1
vn 0 0 -1
vn 0 0 -1
vn 0 0 -1
vn 0 0 -1
vn 0 0 -1
vn 0 0 -1
vn 0 0 -1
vn 0 0 -1
vn 0 0 -1
vn 0 0 -1
vn 0 0 -1
vn 0 0 -1
vn 0 0 -1
vn 0 0 -1
vn 0 0 -1
vn 0 0 -1
vn 0 0 -1
vn 0 0 -1
vn 0 0 -1
vn 0 0 -1
vn 0 0 -1
vn 0 0 -1
vn 0 0 -1
vn 0 0 -1
vn 0 0 -1
vn 0 0 -1
vn 0 0 -1
vn 0 0 -1
vn 0 0 -1
vn 0 0 -1
vn 0 0 -1
vn 0 0 -1
vn 0 0 -1
vn 0 0 -1
vn 0 0 -1
vn 0 0 -1
vn 0 0 -1
vn 0 0 -1
vn 0 0 -1
vn 0 0 -1
vn 0 0 -1
vn 0 0 -1
vn 0 0 -1
vn 0 0 -1
vn 0 0 -1
vn 0 0 -1
vn 0 0 -1
vn 0 0 -1
vn 0 0 -1
vn 0 0 -1
vn 0 0 -1
vn 0 0 -1
vn 0 0 -1
vn 0 0 -1
vn 0 0 -1
vn 0 0 -1
vn 0 0 -1
vn 0 0 -1
vn 0 0 -1
vn 0 0 -1
vn 0 0 -1
vn 0 0 -1
vn 0 0 -1
vn 0 0 -1
vn 0 0 -1
vn 0 0 -1
vn 0 0 -1
vn 0 0 -1
vn 0 0 -1
vn 0 0 -1
vn 0 0 -1
vn 0 0 -1
vn 0 0 -1
vn 0 0 -1
vn 0 0 -1
vn 0 0 -1
vn 0 0 -1
vn 0 0 -1
vn 0 0 -1
vn 0 0 -1
vn 0 0 -1
vn 0 0 -1
vn 0 0 -1
vn 0 0 -1
vn 0 0 -1
vn 0 0 -1
vn 0 0 -1
vn 0 0 -1
vn 0 0 -1
vn 0 0 -1
vn 0 0 -1
vn 0 0 -1
vn 0 0 -1
vn 0 0 -1
vn 0 0 -1
vn 0 0 -1
vn 0 0 -1
vn 0 0 -1
vn 0 0 -1
vn 0 0 -1
vn 0 0 -1
vn 0 0 -1
vn 0 0 -1
vn 0 0 -1
vn 0 0 -1
vn 0 0 -1
vn 0 0 -1
vn 0 0 -1
vn 0 0 -1
vn 0 0 -1
vn 0 0 -1
vn 0 0 -1
vn 0 0 -1
vn 0 0 -1
vn 0 0 -1
vn 0 0 -1
vn 0 0 -1
vn 0 0 -1
vn 0 0 -1
vn 0 0 -1
vn 0 0 -1
vn 0 0 -1
vn 0 0 -1
vn 0 0 -1
vn 0 0 -1
vn 0 0 -1
vn 0 0 -1
vn 0 0 -1
vn 0 0 -1
vn 0 0 -1
vn 0 0 -1
vn 0 0 -1
vn 0 0 -1
vn 0 0 -1
vn 0 0 -1
vn 0 0 -1
vn 0 0 -1
vn 0 0 -1
vn 0 0 -1
vn 0 0 -1
vn 0 0 -1
vn 0 0 -1
vn 0 0 -1
vn 0 0 -1
vn 0 0 -1
vn 0 0 -1
vn 0 0 -1
vn 0 0 -1
vn 0 0 -1
vn 0 0 -1
vn 0 0 -1
vn 0 0 -1
vn 0 0 -1
vn 0 0 -1
vn 0 0 -1
vn 0 0 -1
vn 0 0 -1
vn 0 0 -1
vn 0 0 -1
vn 0 0 -1
vn 0 0 -1
vn 0 0 -1
vn 0 0 -1
vn 0 0 -1
vn 0 0 -1
vn 0 0 -1
vn 0 0 -1
vn 0 0 -1
vn 0 0 -1
vn 0 0 -1
vn 0 0 -1
vn 0 0 -1
vn 0 0 -1
vn 0 0 -1
vn 0 0 -1
vn 0 0 -1
vn 0 0 -1
vn 0 0 -1
vn 0 0 -1
vn 0 0 -1
vn 0 0 -1
vn 0 0 -1
vn 0 0 -1
vn 0 0 -1
vn 0 0 -1
vn 0 0 -1
vn 0 0 -1
vn 0 0 -1
vn 0 0 -1
vn 0 0 -1
vn 0 0 -1
vn 0 0 -1
vn 0 0 -1
vn 0 0 -1
vn 0 0 -1
vn 0 0 -1
vn 0 0 -1
vn 0 0 -1
vn 0 0 -1
vn 0 0 -1
vn 0 0 -1
vn 0 0 -1
vn 0 0 -1
vn 0 0 -1
vn 0 0 -1
vn 0 0 -1
vn 0 0 -1
vn 0 0 -1
vn 0 0 -1
vn 0 0 -1
vn 0 0 -1
vn 0 0 -1
vn 0 0 -1
vn 0 0 -1
vn 0 0 -1
vn 0 0 -1
vn 0 0 -1
vn 0 0 -1
vn 0 0 -1
vn 0 0 -1
vn 0 0 -1
vn 0 0 -1
vn 0 0 -1
vn 0 0 -1
vn 0 0 -1
vn 0 0 -1
vn 0 0 -1
vn 0 0 -1
vn 0 0 -1
vn 0 0 -1
vn 0 0 -1
vn 0 0 -1
vn 0 0 -1
vn 0 0 -1
vn 0 0 -1
vn 0 0 -1
vn 0 0 -1
vn 0 0 -1
vn 0 0 -1
vn 0 0 -1
vn 0 0 -1
vn 0 0 -1
vn 0 0 -1
vn 0 0 -1
vn 0 0 -1
vn 0 0 -1
vn 0 0 -1
vn 0 0 -1
vn 0 0 -1
vn 0 0 -1
vn 0 0 -1
vn 0 0 -1
vn 0 0 -1
vn 0 0 -1
vn 0 0 -1
vn 0 0 -1
vn 0 0 -1
vn 0 0 -1
vn 0 0 -1
vn 0 0 -1
vn 0 0 -1
vn 0 0 -1
vn 0 0 -1
vn 0 0 -1
vn 0 0 -1
vn 0 0 -1
vn 0 0 -1
vn 0 0 -1
vn 0 0 -1
vn 0 0 -1
vn -1.263721673582091e-16 -1.870683767013702e-32 1
vn -1.233147754653151e-16 -1.825425324328724e-32 1
vn -3.8409190743235e-16 -1.030400095513789e-16 1
vn -6.21313172250251e-16 -9.245410279650501e-17 1
vn -1.478075669332306e-16 -2.319029567003281e-16 1
vn -5.132104335382433e-16 -1.989365535071989e-16 1
vn 1.568121889070339e-16 -5.415937664469061e-16 1
vn 1.507994990611696e-16 -5.404811357311284e-16 1
vn -3.628702910322816e-16 -4.399260958538669e-16 1
vn -1.168128843877421e-16 -4.976794491756253e-16 1
vn -4.065290955210672e-16 -9.611360144250983e-16 1
vn 2.111383278101931e-16 2.154383620353345e-15 1
vn -6.079623448147472e-16 -9.00666120562377e-16 1
vn -6.052464924880538e-16 -9.020702894306878e-16 1
vn -3.924167325264225e-16 -1.073755185751425e-15 1
vn -6.476265683940611e-16 -8.875295924625284e-16 1
vn -7.161314697339959e-16 -8.415778433157458e-16 1
vn -7.166991935668931e-16 -8.410660236573674e-16 1
vn -7.81580223260678e-16 -7.81580223260678e-16 1
vn -7.81580223260678e-16 -7.81580223260678e-16 1
vn -1.035042815446588e-15 -4.740730644521216e-16 1
vn -8.461098401604708e-16 -7.067862611060576e-16 1
vn -5.424672162342029e-15 -3.735263254977432e-15 1
vn -5.393024046817293e-15 -3.783671611429489e-15 1
vn 3.871458953115872e-15 2.038249685812387e-15 1
vn 4.024451314598365e-15 1.77589965336697e-15 1
vn -1.165203848528138e-14 -5.507786846774883e-15 1
vn -1.175604396680885e-14 -5.279111667938746e-15 1
vn -6.977538458636726e-17 1.762490407127885e-16 1
vn -2.269575813075635e-17 5.732831483580412e-17 1
vn 1.009000893362373e-14 3.02836365027512e-15 1
vn 1.004738115352021e-14 3.153805629873456e-15 1
vn 1.003544137709571e-14 2.740758271716132e-15 1
vn 1.013639330484832e-14 2.388033423688708e-15 1
vn 8.663007630475185e-17 -3.690860834970296e-16 1
vn -2.817806307657405e-17 1.200522030758385e-16 1
vn 3.429624161159596e-17 -2.504066031913351e-16 1
vn 3.346649343042157e-17 -2.443483853245559e-16 1
vn -3.973806613124256e-31 -2.148326699505767e-15 1
vn -2.280979931529446e-32 -1.233147754653151e-16 1
vn -1.001862862012566e-14 9.665408919568586e-17 1
vn -9.780214256461996e-15 1.837383869184028e-15 1
vn -1.50704440788664e-14 2.628615344664399e-15 1
vn -1.484013073831027e-14 3.609868497465906e-15 1
vn -2.025934589088962e-14 4.352440259467122e-15 1
vn -1.98768495288321e-14 5.688875291117801e-15 1
vn -2.00131727054291e-14 5.73309210503037e-15 1
vn -1.964821670164332e-14 6.807068048743673e-15 1
vn -2.495782748491385e-14 8.521426735086119e-15 1
vn -2.456074521550462e-14 9.524434870346668e-15 1
vn -1.979175321081914e-14 7.752164117883972e-15 1
vn -1.929535632834434e-14 8.843588093277767e-15 1
vn -2.336038433276445e-14 1.30377140832548e-14 1
vn -2.307467842558968e-14 1.352763963401258e-14 1
vn -2.307634369236398e-14 1.812458738864944e-14 1
vn -2.2767933914071e-14 1.850446472483405e-14 1
vn -1.567772604446627e-14 1.409064464636062e-14 1
vn -1.570817687892006e-14 1.405686581945707e-14 1
vn -8.234487547940147e-15 1.771408472922391e-14 1
vn -9.183218658973587e-15 1.722353576221695e-14 1
vn -4.903471190556303e-15 1.835734187815956e-14 1
vn -5.983237027980563e-15 1.799041736980436e-14 1
vn -3.696505568409917e-15 1.842679010950494e-14 1
vn -5.154434347333543e-15 1.800952135089674e-14 1
vn 2.224850408817799e-15 -3.688888201115259e-15 1
vn 6.124452137485313e-16 -3.987267838763322e-15 1
vn 4.380443327522027e-16 6.114643601835227e-15 1
vn -1.302685427383805e-15 5.876229661688033e-15 1
vn 3.498674882589808e-15 -2.330912867506019e-14 1
vn 2.114204188983864e-15 -2.34340355415941e-14 1
vn 6.31860797086376e-16 7.587001163498856e-15 1
vn -1.233147754653151e-16 7.587001163498856e-15 1
vn 5.753883693391029e-16 -4.114304146126627e-15 1
vn 3.106778942977049e-16 -4.102491424644219e-15 1
vn -1.423188781383175e-15 -2.28068059500864e-14 1
vn -1.806861883962667e-15 -2.27721911016639e-14 1
vn -1.431126115373658e-15 -5.000334490272516e-15 1
vn -1.431126115373658e-15 -5.000334490272516e-15 1
vn -2.152126277548913e-15 -4.987682782655852e-15 1
vn -2.324581550335178e-15 -4.898513506716023e-15 1
vn 4.384753666432367e-16 1.002751378398413e-15 1
vn 6.00903489869685e-16 9.080295897310954e-16 1
vn 4.988614942414305e-15 5.919037436292844e-15 1
vn -2.240099119450744e-15 -2.473112377526245e-15 1
vn -1.993804596520533e-15 -2.695142371132936e-15 1
vn -6.761592120355011e-15 -5.765800705805069e-15 1
vn -6.546044681651894e-15 -6.004904130771328e-15 1
vn -7.679256603982006e-15 -4.185664977866908e-15 1
vn -7.582993850625396e-15 -4.350734335111352e-15 1
vn 7.631638952786211e-15 4.088267623877451e-15 1
vn 1.947633465840411e-15 8.390077865350987e-16 1
vn 2.016283368633004e-15 6.656015075073038e-16 1
vn 1.852727447507066e-15 1.056046267923179e-15 1
vn 1.991816821951564e-15 5.7007006122153e-16 1
vn 1.962539763404429e-15 5.873037406268068e-16 1
vn 8.050520091549071e-17 -8.890779686901093e-16 1
vn 1.637723645137409e-16 -9.029734383106977e-16 1
vn 1.878561714170306e-16 -6.36026346302295e-16 1
vn -1.055748641721338e-15 -3.532663667785163e-16 1
vn 4.399260958538669e-16 -3.628702910322816e-16 1
vn 4.976794491756253e-16 -1.168128843877421e-16 1
vn 9.627501415852098e-16 -4.474573834252601e-16 1
vn 8.754288268384943e-16 -6.5680692323464e-16 1
vn 8.461815732631914e-16 -7.041984695730773e-16 1
vn 9.247746899444841e-16 -5.96584627690313e-16 1
vn 9.238736586468423e-16 -5.978194958482913e-16 1
vn 6.398681701136853e-16 -9.103278018752332e-16 1
vn -2.329944539440718e-15 3.680722379987254e-15 1
vn 1.230287033222697e-16 2.887669320449143e-17 1
vn -1.263721673582091e-16 -1.870683767013702e-32 1
vn -1.233147754653151e-16 -1.825425324328724e-32 1
vn -7.525369458069857e-16 -4.280905838912214e-17 1
vn -2.86716973346216e-16 1.238107529606019e-15 1
vn -5.088329143272739e-16 -1.901114892833238e-16 1
vn 1.35430377400816e-16 9.888156747128295e-16 1
vn -8.312210126509899e-16 -2.917101849246768e-15 1
vn -3.34031519095792e-16 -4.486659406223144e-16 1
vn -3.538043915187004e-16 -4.397071378370017e-16 1
vn -7.181700662798002e-16 -3.062976381115246e-15 1
vn -1.01549191859542e-15 -2.988336049561434e-15 1
vn 1.932167067740021e-15 4.929426397642543e-15 1
vn -1.809414179521201e-16 -1.068261435934652e-15 1
vn -6.226355494995926e-16 -8.927584327250476e-16 1
vn -6.458842745611182e-16 -8.819060348465887e-16 1
vn -7.189016909879911e-16 -8.458441894523881e-16 1
vn -4.735677563595252e-16 -9.75922774464435e-16 1
vn -7.371212638043127e-16 -8.285926164761006e-16 1
vn 2.784980379584622e-15 4.715459522419002e-15 1
vn -5.984255479220518e-16 -9.153336607143877e-16 1
vn -5.337827462446822e-16 -9.637538756277061e-16 1
vn -6.92956330659763e-16 -8.556336139216021e-16 1
vn -7.158108148239009e-16 -8.387830581062803e-16 1
vn -7.175345268715634e-16 -8.385721469024139e-16 1
vn -7.560708202024899e-16 -8.060573578539591e-16 1
vn -1.014983910585304e-15 -5.360373361920363e-16 1
vn -8.65594033167043e-16 -6.894905894769536e-16 1
vn -8.385721469024139e-16 -7.175345268715634e-16 1
vn -8.886736163369138e-16 -6.50043523969492e-16 1
vn -9.514944501447394e-16 -5.599669169244767e-16 1
vn -9.637538756277061e-16 -5.337827462446822e-16 1
vn -6.978603337870102e-16 -9.452374177633719e-16 1
vn -5.901861725704895e-15 -2.80407737265518e-15 1
vn -5.594684380350176e-15 -3.32804136591485e-15 1
vn -7.266488528469259e-17 1.496729187715418e-16 1
vn -6.566770492610243e-17 1.545231353066383e-16 1
vn -2.096145446548402e-15 -4.089309633221251e-16 1
vn 3.414219080303654e-17 -1.091756647583829e-16 1
vn -2.917069635524993e-17 1.121024282889425e-16 1
vn 2.409696569247422e-17 -1.149269655306804e-16 1
vn 2.152176219405576e-17 -1.163008794409064e-16 1
vn 1.135259862708116e-16 -7.058955000829013e-16 1
vn -2.728558978954976e-17 2.405386164162633e-16 1
vn 4.386141410802435e-17 -4.861639833181439e-16 1
vn 5.78364816645975e-17 -8.595099013860338e-16 1
vn -5.533795284587902e-18 1.240077013557283e-16 1
vn 1.945773977058282e-17 -8.764189554142754e-16 1
vn -1.832831278850773e-15 -1.83827494784454e-15 1
vn -3.057104536966643e-15 -9.818696869079891e-16 1
vn -6.149936500131998e-15 -9.429444995751545e-16 1
vn -7.444595443307622e-15 -7.987165997561389e-16 1
vn -8.655998247548199e-15 -4.799061039038291e-16 1
vn -1.244785389131406e-14 3.122409612529647e-16 1
vn -1.265966040900563e-14 7.790148781007999e-16 1
vn -1.550692862691602e-14 1.811615644620895e-15 1
vn -1.761334032454338e-14 3.625705048964246e-15 1
vn -2.012724940869941e-14 5.335514321346988e-15 1
vn -2.486788105624492e-14 8.296154087599102e-15 1
vn -1.97714362785463e-14 7.490118382024857e-15 1
vn -2.437211436628287e-14 1.096934178825568e-14 1
vn -2.279093932891843e-14 1.078935491026067e-14 1
vn -2.852436304734765e-14 1.473484793109835e-14 1
vn -2.782889478754325e-14 1.642327936244182e-14 1
vn -2.273002918968137e-14 1.440451694013044e-14 1
vn -2.216051811726547e-14 1.537944169802477e-14 1
vn -2.63572682153131e-14 1.909845166129381e-14 1
vn -2.596994545952212e-14 1.972171544454247e-14 1
vn -2.256427161816729e-14 1.880977605660597e-14 1
vn -2.342034071290289e-14 2.20800533754081e-14 1
vn -2.283492405580345e-14 2.269254459363358e-14 1
vn -2.21876265597094e-14 2.331820039792529e-14 1
vn -2.167124139374529e-14 2.377762768038423e-14 1
vn -2.436765727891442e-14 2.874813559948508e-14 1
vn -1.979597651709415e-14 2.528403681356043e-14 1
vn -2.256437665025274e-14 3.006152794683865e-14 1
vn -2.18948038817118e-14 3.046562703718295e-14 1
vn -1.781684337825301e-14 2.650078439569818e-14 1
vn -1.323312627825226e-14 2.153600241932077e-14 1
vn -1.570298626101928e-14 2.635110689765477e-14 1
vn -1.492885405140337e-14 2.66884055816468e-14 1
vn -8.760688131697041e-15 1.753988732142338e-14 1
vn -1.205582586750109e-14 2.775289221525201e-14 1
vn -1.180204547914128e-14 2.769812814708023e-14 1
vn -1.094450339411039e-14 2.789997271027914e-14 1
vn -1.003114014378956e-14 2.808860186543499e-14 1
vn -9.167285122202787e-15 2.822163177793307e-14 1
vn -4.752218211230997e-15 1.826205744785703e-14 1
vn -2.893590967488068e-15 1.847966529420434e-14 1
vn -3.203027137954877e-15 1.823940609278155e-14 1
vn -4.36599617475498e-15 2.826189633611375e-14 1
vn 3.342783233207982e-16 6.17648505379779e-15 1
vn 3.876509387063876e-15 -2.343484530509168e-14 1
vn 1.733621274354192e-15 -3.76733192236048e-15 1
vn 1.90738224842865e-15 -3.760642479659539e-15 1
vn 1.461754509109018e-15 -3.776599309836389e-15 1
vn 2.884144803120729e-16 -3.935730966120581e-15 1
vn 1.818503372440832e-16 -4.629540311897789e-15 1
vn -2.128560550406877e-15 -2.413396088876696e-14 1
vn -1.662373627391489e-16 -2.983633110880042e-15 1
vn -6.401537260960284e-16 -5.481334007832132e-15 1
vn -2.421974880918135e-15 -1.568803443543435e-14 1
vn 1.465011668428566e-15 6.987159111791199e-15 1
vn 1.869751750955694e-15 6.945391070129142e-15 1
vn -2.197908752455142e-16 -3.144543112836994e-15 1
vn -1.67112718350577e-15 -4.960472272741781e-15 1
vn -1.478312520920182e-15 -5.057193270922855e-15 1
vn 2.295852522104917e-15 5.918982379151273e-15 1
vn -1.958790583821645e-15 -4.947804047982646e-15 1
vn -1.988705881694535e-15 -4.965822556353113e-15 1
vn -2.478085731476049e-15 -4.775796220350768e-15 1
vn 5.692287986862289e-16 9.185090813545256e-16 1
vn -2.146280691421674e-15 -3.790998869939713e-15 1
vn -1.979255323343782e-15 -3.93140008666127e-15 1
vn -2.588698069992093e-15 -3.561128951131472e-15 1
vn 1.067565492489364e-15 1.927507751255412e-15 1
vn -2.087890475202699e-15 -2.5851714483162e-15 1
vn 4.542867665569992e-15 6.255444618107888e-15 1
vn -1.99316212203004e-15 -2.682470758242012e-15 1
vn -2.381892646579351e-15 -2.342047793224035e-15 1
vn -2.36105860069221e-15 -2.36105860069221e-15 1
vn -2.560259997579214e-15 -2.152079690736814e-15 1
vn -6.717255027763932e-15 -5.801018218169534e-15 1
vn -2.534217122582933e-15 -2.161939154242854e-15 1
vn -2.700749941001996e-15 -1.942693781450261e-15 1
vn -2.793057262253165e-15 -1.802996660866109e-15 1
vn -7.562219520561037e-15 -4.564691045939526e-15 1
vn 2.596856056065336e-15 2.023404162862334e-15 1
vn -8.50319435089647e-15 -4.99675619958684e-15 1
vn 7.403157744494994e-15 4.57100610007778e-15 1
vn -2.123644159422776e-15 -5.994580281451956e-16 1
vn 1.363269967155937e-14 6.322771031920396e-15 1
vn -7.883457612840178e-15 -3.350233417374676e-15 1
vn -8.152822560396518e-15 -2.39393660805636e-15 1
vn 1.729188539182974e-15 1.428364682086491e-15 1
vn -7.999690861994202e-15 -2.501720491803285e-15 1
vn 2.021364931041819e-15 4.06295711474319e-16 1
vn 1.910778003514193e-15 8.078339565212658e-16 1
vn 1.98743956743839e-15 4.167104315470639e-16 1
vn -1.008259231313757e-14 -1.144107095372407e-15 1
vn -9.938678027267278e-15 -1.477700539615791e-15 1
vn 1.934773176360486e-15 5.073984110915395e-16 1
vn 1.170377949286441e-14 2.058524054679629e-15 1
vn -5.482676846221105e-17 6.077050056174595e-16 1
vn -6.609883146136507e-17 9.822970150298788e-16 1
vn -3.320277170752741e-17 7.440461816645902e-16 1
vn 0 0 1
vn 8.169636837649904e-31 -2.527443347164182e-16 1
vn 5.392776872015372e-17 -2.517261217044797e-16 1
vn 1.413663684133063e-15 -7.118410360979161e-16 1
vn 1.628258978394128e-16 -7.493715307435372e-16 1
vn -1.070289021052142e-15 -4.594299294369037e-16 1
vn 4.560834081414203e-16 -3.147343086123261e-16 1
vn 4.740819053585085e-16 -2.080135438584332e-16 1
vn 4.72762916240956e-16 -2.191045668000014e-16 1
vn 4.397071378370017e-16 -3.538043915187004e-16 1
vn 9.959084109757818e-16 -2.85035030610765e-16 1
vn 5.989383946078787e-15 -1.87304289747225e-15 1
vn -2.068857433119658e-15 4.628205493852034e-16 1
vn -5.163495482286796e-15 1.295287123985131e-15 1
vn 9.026304958461781e-16 -5.993167324616817e-16 1
vn 7.833122468191354e-16 -8.801741171672497e-16 1
vn 1.112524307263728e-15 -1.388269530495261e-16 1
vn 5.7250156458783e-15 -3.026046168131433e-15 1
vn 8.826021900501134e-16 -6.4289827166381e-16 1
vn 1.002425694230193e-15 -4.25344635425121e-16 1
vn -4.715459522419002e-15 2.784980379584622e-15 1
vn 1.025578069293969e-15 -4.443146794327099e-16 1
vn 5.152010562554975e-15 -4.171757967422413e-15 1
vn 8.217406493284053e-16 -7.368023558996714e-16 1
vn 6.542088084876151e-16 -9.329972622799552e-16 1
vn 6.849138057651426e-16 -8.899165313078911e-16 1
vn 9.174848067630584e-16 -6.387195934372085e-16 1
vn 5.672681821111312e-16 -9.95892317349784e-16 1
vn 6.093818132156678e-16 -9.453417086950026e-16 1
vn 6.764939806320797e-16 -8.736889682252748e-16 1
vn 7.158108148239009e-16 -8.387830581062803e-16 1
vn 7.787820499194234e-16 -7.895536090909787e-16 1
vn 7.791160985379968e-16 -7.915822529996528e-16 1
vn 8.021871054992766e-16 -7.782812946289185e-16 1
vn 4.159235908786238e-16 -1.034649474521707e-15 1
vn 3.871876540358869e-16 -1.042657112246812e-15 1
vn -2.012518307182459e-15 3.886464141776482e-15 1
vn -2.146280691421674e-15 3.790998869939713e-15 1
vn 1.995639005186489e-16 9.688651371292346e-17 1
vn 1.139651384432494e-15 -1.832997509066672e-15 1
vn 3.090462706132767e-16 1.313354098522049e-16 1
vn -4.183753012746718e-16 -1.656309665582536e-16 1
vn 4.803998605846073e-15 -1.175994116539916e-14 1
vn -3.602668717414244e-15 9.894849154444552e-15 1
vn -1.091756647583829e-16 -3.414219080303654e-17 1
vn -2.640948567892896e-15 1.006400756324187e-14 1
vn 2.24204856577885e-16 5.834139271049986e-17 1
vn 3.447808701222615e-16 7.229090038614512e-17 1
vn 2.326017588818129e-16 4.304352438811152e-17 1
vn 2.352985000276338e-16 3.784199762941882e-17 1
vn 1.189720640145219e-16 1.629467555443517e-17 1
vn -1.202693082081316e-16 -1.364279489477488e-17 1
vn 6.077050056174595e-16 5.482676846221105e-17 1
vn 7.367227877421887e-16 4.957412525038502e-17 1
vn 9.920616108458264e-16 4.427036227670322e-17 1
vn 0 0 1
vn 2.443472206542535e-16 5.424853943553444e-18 1
vn 4.840300426262143e-16 2.15996528292562e-17 1
vn 4.792659058143825e-16 3.224983317208672e-17 1
vn 7.116029139606192e-16 6.420037916366196e-17 1
vn 4.694382589834237e-16 5.325090667723628e-17 1
vn 3.482811014278919e-16 4.770135194761802e-17 1
vn 3.444087050210616e-16 5.538969795627789e-17 1
vn -1.134871551041359e-16 -2.100107350514956e-17 1
vn 3.364393955368196e-16 7.05419229338528e-17 1
vn -2.21561690265978e-16 -5.200386903808604e-17 1
vn 5.46951355717408e-16 1.423247756052127e-16 1
vn -2.322378417639369e-15 1.015518473078316e-14 1
vn -1.065343182438234e-16 -3.331617155206353e-17 1
vn 5.695781468374121e-16 -2.021020188632287e-15 1
vn 7.250501972729916e-16 2.664733623628711e-16 1
vn 2.041266552472711e-16 8.081187978195597e-17 1
vn -4.032658216824312e-15 9.908167053474231e-15 1
vn 5.285757911959376e-15 -1.175302090622009e-14 1
vn 4.868393332749016e-16 2.36356205950738e-16 1
vn -2.088934231551953e-15 3.805338714220254e-15 1
vn -2.33333965925155e-15 3.688193210582037e-15 1
vn -1.73975866333176e-15 4.045527188391946e-15 1
vn -2.787230522609003e-15 4.714069117836084e-15 1
vn 5.984255479220518e-16 -9.153336607143877e-16 1
vn 8.415097630426103e-16 -7.511085306205598e-16 1
vn 6.26241845212087e-16 -9.031339510542024e-16 1
vn 7.1337458924892e-16 -8.399129471183583e-16 1
vn 7.153029656324628e-16 -8.391953513933563e-16 1
vn 7.175345268715634e-16 -8.385721469024139e-16 1
vn 7.298182516122045e-16 -8.292394320104477e-16 1
vn 7.895884433209346e-16 -7.742316301080957e-16 1
vn 9.907073110422852e-16 -5.7245318841863e-16 1
vn 8.059450201093295e-16 -7.561890871777503e-16 1
vn 8.380548744694376e-16 -7.200394150548312e-16 1
vn 8.385721469024139e-16 -7.175345268715634e-16 1
vn 8.391953513933563e-16 -7.153029656324628e-16 1
vn 1.049477315658986e-15 -4.411894719644763e-16 1
vn 7.812727503008247e-16 -7.978579730454191e-16 1
vn 7.989044293121926e-16 -7.765121074999003e-16 1
vn -4.601917296938405e-15 2.968746718590284e-15 1
vn 9.660461585412131e-16 -5.014171938136217e-16 1
vn 1.104590149646797e-15 -2.394522966614097e-16 1
vn 8.844434279192074e-16 -6.393372392744345e-16 1
vn 8.724098425958024e-16 -6.641825685019752e-16 1
vn 1.064168784491756e-15 -2.451454168581426e-16 1
vn 7.667188184428645e-16 -9.19220271392864e-16 1
vn 9.134203191656586e-16 -5.708426611485443e-16 1
vn -2.031382577950759e-15 5.73099474557385e-16 1
vn -1.966606580342434e-15 7.319644213423101e-16 1
vn 8.413932430728036e-16 -8.249088701884916e-16 1
vn 4.411186388342622e-16 -3.483800984036022e-16 1
vn 4.73345939606463e-16 -2.163240752715208e-16 1
vn 4.536014957268468e-16 -3.186869613909087e-16 1
vn 4.385357177407286e-16 -4.238444871359744e-16 1
vn 1.648063138096526e-16 -7.319130699698828e-16 1
vn 1.430788043348585e-15 -4.57354804595249e-16 1
vn 9.834145823595523e-17 -4.89382390880355e-16 1
vn 6.21995483759044e-17 1.208529139087899e-16 1
vn -4.065365809335087e-32 1.233147754653151e-16 1
vn -8.137280915330165e-18 3.6652084421627e-16 1
vn -2.699956562297995e-17 6.050375400478781e-16 1
vn -8.062458293021681e-18 1.198164764535956e-16 1
vn -3.210018958183098e-17 3.558014569803096e-16 1
vn 1.173238548955909e-14 1.806346464414263e-15 1
vn -3.180089909259705e-17 2.321874009519279e-16 1
vn 1.846458980180911e-15 1.1213635195848e-15 1
vn -1.001646529797838e-14 -1.501450919940328e-15 1
vn 1.98743956743839e-15 4.167104315470639e-16 1
vn 1.992194175129565e-15 5.183981397632615e-16 1
vn -7.966374515079849e-15 -2.608254790194774e-15 1
vn 1.80679390956865e-15 1.199991682254286e-15 1
vn -8.071968183383411e-15 -2.613934146106114e-15 1
vn 1.939271133068643e-15 8.834709282166411e-16 1
vn 1.970810616617894e-15 8.366437175793119e-16 1
vn -7.894173426655892e-15 -3.531757448410719e-15 1
vn -1.91267747489841e-15 -1.04964185180899e-15 1
vn 7.537596272784355e-15 4.32639018469079e-15 1
vn 7.693508780352507e-15 4.189189905476906e-15 1
vn 2.716893541943716e-15 1.839798336600177e-15 1
vn -7.403919227114576e-15 -4.793772800590346e-15 1
vn -1.902819493700028e-15 -1.159081367330442e-15 1
vn -2.489586956592104e-15 -2.216955214716441e-15 1
vn -2.535454214202398e-15 -2.16041555372898e-15 1
vn -6.546556289552035e-15 -6.000511417906867e-15 1
vn -2.348487784722009e-15 -2.375110242012449e-15 1
vn -2.326324955898864e-15 -2.395792245485557e-15 1
vn -2.413280934747517e-15 -2.312243880183708e-15 1
vn -2.147560558204975e-15 -2.550357758909338e-15 1
vn -2.078480786191651e-15 -2.601974464407357e-15 1
vn 4.882017540068246e-15 5.994321724644806e-15 1
vn -2.170248123938945e-15 -2.525075307741455e-15 1
vn 1.224675810524052e-15 1.81894142082346e-15 1
vn -2.450717885192025e-15 -3.651337536497582e-15 1
vn -1.941752092571151e-15 -3.954571519966359e-15 1
vn -2.003944639690351e-15 -3.869224903717489e-15 1
vn 6.641825685019752e-16 8.724098425958024e-16 1
vn -2.570909954583279e-15 -4.733577980677245e-15 1
vn -2.091721393464893e-15 -4.922044081990748e-15 1
vn -2.060853818801052e-15 -4.907398035299774e-15 1
vn 2.189705953045034e-15 5.95799375208649e-15 1
vn -1.693660377485103e-15 -4.984014282961293e-15 1
vn -1.561951518747387e-15 -4.994614476779707e-15 1
vn -5.615224929321093e-16 -3.055619476451869e-15 1
vn 1.864258530534513e-15 6.946680677791337e-15 1
vn 1.689304616432966e-15 6.940130995526693e-15 1
vn -2.773691124463617e-15 -1.562294842376733e-14 1
vn -5.310435475723802e-16 -5.498881565883925e-15 1
vn -2.880877638224491e-16 -2.966944232478527e-15 1
vn -2.377828370740188e-15 -2.410568523492172e-14 1
vn 1.699677090737466e-16 -4.62874071279558e-15 1
vn 1.57153569654557e-16 -3.932816749265553e-15 1
vn -4.041697646558291e-16 -3.818025573704229e-15 1
vn 2.922819268701176e-16 -3.83271566610846e-15 1
vn -4.587230804424199e-16 -3.914854992102552e-15 1
vn 2.43909701667217e-15 -2.359789745337224e-14 1
vn -9.598634533009671e-16 5.968353812064358e-15 1
vn -6.084339727597783e-15 2.790160748386734e-14 1
vn -4.44633597925263e-15 1.794758121959582e-14 1
vn -4.249668481427337e-15 1.812679475650999e-14 1
vn -5.945226424472526e-15 1.78889716218435e-14 1
vn -1.043590839016218e-14 2.775538249211694e-14 1
vn -1.127867483246116e-14 2.759471389454995e-14 1
vn -1.211921188404297e-14 2.740075690215588e-14 1
vn -1.265913524857833e-14 2.730830833816075e-14 1
vn -1.305726699180922e-14 2.726670038572573e-14 1
vn -9.482868422526058e-15 1.714298462299896e-14 1
vn -1.549500240301867e-14 2.635824907946602e-14 1
vn -1.648455541991209e-14 2.586820663816151e-14 1
vn -1.378173596566171e-14 2.117733309406952e-14 1
vn -1.837060810817946e-14 2.6118122015183e-14 1
vn -2.22422618788732e-14 3.0212089747279e-14 1
vn -1.951574074869275e-14 2.543394978676318e-14 1
vn -2.025728251863011e-14 2.490951611373426e-14 1
vn -2.076823142713874e-14 2.453500727236935e-14 1
vn -2.153118449591679e-14 2.390388471743606e-14 1
vn -2.204866572251465e-14 2.345014610825088e-14 1
vn -2.269354239844545e-14 2.283392794505748e-14 1
vn -2.345014610825088e-14 2.204866572251465e-14 1
vn -2.240412309882991e-14 1.899693984476307e-14 1
vn -2.587002606493222e-14 1.98514910564572e-14 1
vn -2.624648985833939e-14 1.92502653764302e-14 1
vn -2.190487002125697e-14 1.574940027839703e-14 1
vn -2.47609007950067e-14 1.63152504744149e-14 1
vn -2.745605968328211e-14 1.702670902219757e-14 1
vn -2.820440482185181e-14 1.53170255342075e-14 1
vn -2.240979483144473e-14 1.152649380293819e-14 1
vn -2.410391832419374e-14 1.152176312392778e-14 1
vn -1.944309750907033e-14 8.262734402665183e-15 1
vn -2.444253160331991e-14 9.453495013981173e-15 1
vn -1.972084808280448e-14 6.635056832980006e-15 1
vn -1.732304519286038e-14 4.741305038738573e-15 1
vn -1.51707361679531e-14 3.41503207311434e-15 1
vn -1.235887562130384e-14 2.404413558580948e-15 1
vn -1.218295958365333e-14 1.959330567325519e-15 1
vn -8.505598230400778e-15 8.459660033781151e-16 1
vn -7.291611128638128e-15 8.969763391650188e-16 1
vn -6.026800779490799e-15 8.869798151402012e-16 1
vn -2.969501001429814e-15 9.812521998894407e-16 1
vn -1.788423670766835e-15 1.619393719809928e-16 1
vn 1.356213485888361e-17 -6.10868091340303e-16 1
vn -1.07998264146281e-17 2.420150213131071e-16 1
vn 3.224983317208672e-17 -4.792659058143825e-16 1
vn 7.490044346051311e-17 -8.302034084439823e-16 1
vn 1.331272666930907e-17 -1.173595647458559e-16 1
vn 7.385292840255555e-17 -4.592116066947489e-16 1
vn 1.050053708344702e-16 -5.674357887555691e-16 1
vn 7.05419229338528e-17 -3.364393955368196e-16 1
vn 2.846495578278704e-17 -1.093902751139485e-16 1
vn 6.663234310412707e-17 -2.130686364876469e-16 1
vn -1.979111115984512e-15 -7.2737096166935e-16 1
vn 4.271931591010504e-17 -1.005231173230618e-16 1
vn -7.090686178522139e-17 1.460517999824705e-16 1
vn -5.59898053145865e-15 -3.319732184460522e-15 1
vn -5.871511688171826e-15 -2.859300744442609e-15 1
vn -8.436110929660706e-16 -7.093413359914502e-16 1
vn -9.471759585422818e-16 -5.577732074702065e-16 1
vn -7.626948825478145e-16 -8.187043538498539e-16 1
vn -8.882739226649282e-16 -6.505625963474813e-16 1
vn -8.385721469024139e-16 -7.175345268715634e-16 1
vn -8.733166972449565e-16 -6.809240158857789e-16 1
vn -1.014347365325442e-15 -5.367076568906697e-16 1
vn -6.798477546471739e-16 -8.784328291859317e-16 1
vn -7.175345268715634e-16 -8.385721469024139e-16 1
vn -9.611071094257732e-16 -6.396343360806839e-16 1
vn -6.924372582817737e-16 -8.560333075935877e-16 1
vn -5.359473389413905e-16 -9.622581213219734e-16 1
vn -5.984255479220518e-16 -9.153336607143877e-16 1
vn 2.968746718590284e-15 4.601917296938405e-15 1
vn -7.325370685542132e-16 -8.312659583367536e-16 1
vn -7.570730189977693e-16 -8.201113814543617e-16 1
vn -4.694468351920146e-16 -9.669522720365384e-16 1
vn -6.409772538789964e-16 -8.841378078439262e-16 1
vn -7.181740367467404e-16 -8.521574436456297e-16 1
vn -1.86002413342185e-16 -1.066257779497922e-15 1
vn 1.826020498680138e-15 4.968438194094234e-15 1
vn -1.256124343910591e-15 -2.894743355812807e-15 1
vn 5.730455291465568e-16 2.002213092587926e-15 1
vn -3.483800984036022e-16 -4.411186388342622e-16 1
vn -3.284705360388307e-16 -4.498319344137692e-16 1
vn -9.374848428345085e-16 -2.900011900744729e-15 1
vn 1.35430377400816e-16 9.888156747128295e-16 1
vn -4.97193940478171e-16 -1.91431762185187e-16 1
vn -3.817205923743973e-17 1.221382864062483e-15 1
vn -1.320698176095667e-18 -5.948712388566951e-17 1
f 1/1/1 2/2/2 514/514/514 122/122/122
f 123/123/123 513/513/513 512/512/512 124/124/124
f 122/122/122 514/514/514 513/513/513 123/123/123
f 125/125/125 511/511/511 510/510/510 126/126/126
f 3/3/3 509/509/509 508/508/508 127/127/127
f 126/126/126 510/510/510 509/509/509 3/3/3
f 124/124/124 512/512/512 511/511/511 125/125/125
f 4/4/4 507/507/507 506/506/506 128/128/128
f 129/129/129 505/505/505 504/504/504 130/130/130
f 128/128/128 506/506/506 505/505/505 129/129/129
f 5/5/5 503/503/503 502/502/502 131/131/131
f 132/132/132 501/501/501 500/500/500 133/133/133
f 131/131/131 502/502/502 501/501/501 132/132/132
f 130/130/130 504/504/504 503/503/503 5/5/5
f 127/127/127 508/508/508 507/507/507 4/4/4
f 6/6/6 499/499/499 498/498/498 134/134/134
f 135/135/135 497/497/497 496/496/496 136/136/136
f 134/134/134 498/498/498 497/497/497 135/135/135
f 137/137/137 495/495/495 494/494/494 138/138/138
f 7/7/7 8/8/8 493/493/493 139/139/139
f 138/138/138 494/494/494 8/8/8 7/7/7
f 136/136/136 496/496/496 495/495/495 137/137/137
f 140/140/140 492/492/492 491/491/491 141/141/141
f 142/142/142 490/490/490 489/489/489 143/143/143
f 141/141/141 491/491/491 490/490/490 142/142/142
f 144/144/144 488/488/488 487/487/487 145/145/145
f 146/146/146 486/486/486 485/485/485 147/147/147
f 145/145/145 487/487/487 486/486/486 146/146/146
f 143/143/143 489/489/489 488/488/488 144/144/144
f 139/139/139 493/493/493 492/492/492 140/140/140
f 133/133/133 500/500/500 499/499/499 6/6/6
f 9/9/9 484/484/484 483/483/483 148/148/148
f 10/10/10 482/482/482 481/481/481 149/149/149
f 148/148/148 483/483/483 482/482/482 10/10/10
f 150/150/150 480/480/480 479/479/479 151/151/151
f 152/152/152 478/478/478 477/477/477 153/153/153
f 152/152/152 151/151/151 479/479/479 478/478/478
f 149/149/149 481/481/481 480/480/480 150/150/150
f 154/154/154 476/476/476 475/475/475 155/155/155
f 156/156/156 474/474/474 473/473/473 157/157/157
f 155/155/155 475/475/475 474/474/474 156/156/156
f 11/11/11 12/12/12 472/472/472 158/158/158
f 159/159/159 471/471/471 470/470/470 160/160/160
f 158/158/158 472/472/472 471/471/471 159/159/159
f 157/157/157 473/473/473 12/12/12 11/11/11
f 153/153/153 477/477/477 476/476/476 154/154/154
f 13/13/13 469/469/469 468/468/468 161/161/161
f 162/162/162 467/467/467 466/466/466 163/163/163
f 161/161/161 468/468/468 467/467/467 162/162/162
f 14/14/14 465/465/465 464/464/464 164/164/164
f 15/15/15 16/16/16 463/463/463 165/165/165
f 164/164/164 464/464/464 16/16/16 15/15/15
f 163/163/163 466/466/466 465/465/465 14/14/14
f 17/17/17 462/462/462 461/461/461 166/166/166
f 167/167/167 460/460/460 459/459/459 168/168/168
f 166/166/166 461/461/461 460/460/460 167/167/167
f 170/170/170 169/169/169 458/458/458 457/457/457
f 171/171/171 18/18/18 456/456/456 455/455/455
f 18/18/18 170/170/170 457/457/457 456/456/456
f 169/169/169 168/168/168 459/459/459 458/458/458
f 165/165/165 463/463/463 462/462/462 17/17/17
f 160/160/160 470/470/470 469/469/469 13/13/13
f 147/147/147 485/485/485 484/484/484 9/9/9
f 19/19/19 454/454/454 453/453/453 172/172/172
f 20/20/20 21/21/21 452/452/452 173/173/173
f 172/172/172 453/453/453 21/21/21 20/20/20
f 22/22/22 451/451/451 450/450/450 174/174/174
f 23/23/23 449/449/449 448/448/448 175/175/175
f 174/174/174 450/450/450 449/449/449 23/23/23
f 173/173/173 452/452/452 451/451/451 22/22/22
f 176/176/176 447/447/447 446/446/446 177/177/177
f 24/24/24 445/445/445 444/444/444 178/178/178
f 177/177/177 446/446/446 445/445/445 24/24/24
f 179/179/179 443/443/443 442/442/442 180/180/180
f 181/181/181 441/441/441 440/440/440 182/182/182
f 180/180/180 442/442/442 441/441/441 181/181/181
f 178/178/178 444/444/444 443/443/443 179/179/179
f 175/175/175 448/448/448 447/447/447 176/176/176
f 183/183/183 439/439/439 438/438/438 184/184/184
f 185/185/185 25/25/25 26/26/26 437/437/437
f 184/184/184 438/438/438 26/26/26 25/25/25
f 186/186/186 436/436/436 435/435/435 187/187/187
f 189/189/189 188/188/188 434/434/434 433/433/433
f 188/188/188 187/187/187 435/435/435 434/434/434
f 185/185/185 437/437/437 436/436/436 186/186/186
f 190/190/190 27/27/27 28/28/28 432/432/432
f 191/191/191 29/29/29 30/30/30 431/431/431
f 29/29/29 190/190/190 432/432/432 30/30/30
f 193/193/193 192/192/192 430/430/430 429/429/429
f 195/195/195 194/194/194 428/428/428 427/427/427
f 194/194/194 193/193/193 429/429/429 428/428/428
f 192/192/192 191/191/191 431/431/431 430/430/430
f 27/27/27 189/189/189 433/433/433 28/28/28
f 182/182/182 440/440/440 439/439/439 183/183/183
f 31/31/31 32/32/32 426/426/426 196/196/196
f 198/198/198 197/197/197 425/425/425 424/424/424
f 196/196/196 426/426/426 425/425/425 197/197/197
f 199/199/199 423/423/423 422/422/422 200/200/200
f 33/33/33 34/34/34 421/421/421 201/201/201
f 33/33/33 200/200/200 422/422/422 34/34/34
f 198/198/198 424/424/424 423/423/423 199/199/199
f 202/202/202 35/35/35 36/36/36 420/420/420
f 204/204/204 203/203/203 419/419/419 418/418/418
f 203/203/203 202/202/202 420/420/420 419/419/419
f 37/37/37 38/38/38 417/417/417 205/205/205
f 206/206/206 39/39/39 40/40/40 416/416/416
f 205/205/205 417/417/417 40/40/40 39/39/39
f 37/37/37 204/204/204 418/418/418 38/38/38
f 201/201/201 421/421/421 36/36/36 35/35/35
f 207/207/207 41/41/41 42/42/42 415/415/415
f 209/209/209 208/208/208 414/414/414 413/413/413
f 208/208/208 207/207/207 415/415/415 414/414/414
f 211/211/211 210/210/210 412/412/412 411/411/411
f 212/212/212 43/43/43 44/44/44 410/410/410
f 43/43/43 211/211/211 411/411/411 44/44/44
f 210/210/210 209/209/209 413/413/413 412/412/412
f 214/214/214 213/213/213 409/409/409 408/408/408
f 216/216/216 215/215/215 407/407/407 406/406/406
f 215/215/215 214/214/214 408/408/408 407/407/407
f 217/217/217 45/45/45 46/46/46 405/405/405
f 218/218/218 47/47/47 48/48/48 404/404/404
f 47/47/47 217/217/217 405/405/405 48/48/48
f 45/45/45 216/216/216 406/406/406 46/46/46
f 213/213/213 212/212/212 410/410/410 409/409/409
f 41/41/41 206/206/206 416/416/416 42/42/42
f 31/31/31 195/195/195 427/427/427 32/32/32
f 171/171/171 455/455/455 454/454/454 19/19/19
f 49/49/49 218/218/218 404/404/404 50/50/50
f 220/220/220 219/219/219 403/403/403 402/402/402
f 51/51/51 221/221/221 401/401/401 52/52/52
f 221/221/221 220/220/220 402/402/402 401/401/401
f 53/53/53 222/222/222 400/400/400 54/54/54
f 223/223/223 399/399/399 56/56/56 55/55/55
f 53/53/53 54/54/54 399/399/399 223/223/223
f 222/222/222 51/51/51 52/52/52 400/400/400
f 225/225/225 224/224/224 398/398/398 397/397/397
f 57/57/57 226/226/226 396/396/396 58/58/58
f 226/226/226 225/225/225 397/397/397 396/396/396
f 59/59/59 227/227/227 395/395/395 60/60/60
f 228/228/228 394/394/394 393/393/393 229/229/229
f 228/228/228 59/59/59 60/60/60 394/394/394
f 227/227/227 57/57/57 58/58/58 395/395/395
f 224/224/224 55/55/55 56/56/56 398/398/398
f 230/230/230 392/392/392 391/391/391 231/231/231
f 232/232/232 390/390/390 62/62/62 61/61/61
f 231/231/231 391/391/391 390/390/390 232/232/232
f 233/233/233 389/389/389 63/63/63 234/234/234
f 236/236/236 235/235/235 388/388/388 387/387/387
f 234/234/234 63/63/63 388/388/388 235/235/235
f 233/233/233 61/61/61 62/62/62 389/389/389
f 238/238/238 237/237/237 386/386/386 385/385/385
f 240/240/240 239/239/239 384/384/384 383/383/383
f 239/239/239 238/238/238 385/385/385 384/384/384
f 241/241/241 382/382/382 381/381/381 242/242/242
f 244/244/244 243/243/243 380/380/380 379/379/379
f 243/243/243 242/242/242 381/381/381 380/380/380
f 240/240/240 383/383/383 382/382/382 241/241/241
f 237/237/237 236/236/236 387/387/387 386/386/386
f 229/229/229 393/393/393 392/392/392 230/230/230
f 64/64/64 245/245/245 378/378/378 65/65/65
f 66/66/66 246/246/246 377/377/377 67/67/67
f 246/246/246 64/64/64 65/65/65 377/377/377
f 248/248/248 247/247/247 376/376/376 375/375/375
f 249/249/249 374/374/374 373/373/373 250/250/250
f 249/249/249 248/248/248 375/375/375 374/374/374
f 247/247/247 66/66/66 67/67/67 376/376/376
f 68/68/68 251/251/251 372/372/372 69/69/69
f 253/253/253 252/252/252 371/371/371 370/370/370
f 252/252/252 68/68/68 69/69/69 371/371/371
f 70/70/70 254/254/254 369/369/369 71/71/71
f 72/72/72 255/255/255 368/368/368 73/73/73
f 255/255/255 70/70/70 71/71/71 368/368/368
f 254/254/254 253/253/253 370/370/370 369/369/369
f 250/250/250 373/373/373 372/372/372 251/251/251
f 74/74/74 256/256/256 367/367/367 75/75/75
f 76/76/76 257/257/257 366/366/366 77/77/77
f 257/257/257 74/74/74 75/75/75 366/366/366
f 78/78/78 258/258/258 365/365/365 79/79/79
f 260/260/260 259/259/259 364/364/364 363/363/363
f 259/259/259 78/78/78 79/79/79 364/364/364
f 258/258/258 76/76/76 77/77/77 365/365/365
f 80/80/80 261/261/261 362/362/362 81/81/81
f 263/263/263 262/262/262 361/361/361 360/360/360
f 262/262/262 80/80/80 81/81/81 361/361/361
f 265/265/265 264/264/264 359/359/359 358/358/358
f 82/82/82 266/266/266 357/357/357 83/83/83
f 266/266/266 265/265/265 358/358/358 357/357/357
f 264/264/264 263/263/263 360/360/360 359/359/359
f 261/261/261 260/260/260 363/363/363 362/362/362
f 256/256/256 72/72/72 73/73/73 367/367/367
f 245/245/245 244/244/244 379/379/379 378/378/378
f 268/268/268 267/267/267 356/356/356 355/355/355
f 270/270/270 269/269/269 354/354/354 353/353/353
f 269/269/269 268/268/268 355/355/355 354/354/354
f 84/84/84 271/271/271 352/352/352 85/85/85
f 273/273/273 272/272/272 351/351/351 350/350/350
f 272/272/272 84/84/84 85/85/85 351/351/351
f 271/271/271 270/270/270 353/353/353 352/352/352
f 86/86/86 274/274/274 349/349/349 87/87/87
f 88/88/88 275/275/275 348/348/348 89/89/89
f 275/275/275 86/86/86 87/87/87 348/348/348
f 90/90/90 276/276/276 347/347/347 91/91/91
f 92/92/92 277/277/277 346/346/346 93/93/93
f 277/277/277 90/90/90 91/91/91 346/346/346
f 276/276/276 88/88/88 89/89/89 347/347/347
f 274/274/274 273/273/273 350/350/350 349/349/349
f 94/94/94 278/278/278 345/345/345 95/95/95
f 280/280/280 279/279/279 344/344/344 343/343/343
f 279/279/279 94/94/94 95/95/95 344/344/344
f 96/96/96 281/281/281 342/342/342 97/97/97
f 98/98/98 282/282/282 341/341/341 99/99/99
f 282/282/282 96/96/96 97/97/97 341/341/341
f 281/281/281 280/280/280 343/343/343 342/342/342
f 284/284/284 283/283/283 340/340/340 339/339/339
f 100/100/100 285/285/285 338/338/338 101/101/101
f 285/285/285 284/284/284 339/339/339 338/338/338
f 287/287/287 286/286/286 337/337/337 336/336/336
f 102/102/102 288/288/288 335/335/335 103/103/103
f 288/288/288 287/287/287 336/336/336 335/335/335
f 286/286/286 100/100/100 101/101/101 337/337/337
f 283/283/283 98/98/98 99/99/99 340/340/340
f 278/278/278 92/92/92 93/93/93 345/345/345
f 104/104/104 289/289/289 334/334/334 105/105/105
f 291/291/291 290/290/290 333/333/333 332/332/332
f 290/290/290 104/104/104 105/105/105 333/333/333
f 106/106/106 292/292/292 331/331/331 107/107/107
f 294/294/294 293/293/293 330/330/330 329/329/329
f 293/293/293 106/106/106 107/107/107 330/330/330
f 292/292/292 291/291/291 332/332/332 331/331/331
f 296/296/296 295/295/295 328/328/328 327/327/327
f 108/108/108 297/297/297 326/326/326 109/109/109
f 297/297/297 296/296/296 327/327/327 326/326/326
f 299/299/299 298/298/298 325/325/325 324/324/324
f 301/301/301 300/300/300 323/323/323 322/322/322
f 300/300/300 299/299/299 324/324/324 323/323/323
f 298/298/298 108/108/108 109/109/109 325/325/325
f 295/295/295 294/294/294 329/329/329 328/328/328
f 110/110/110 302/302/302 321/321/321 111/111/111
f 304/304/304 303/303/303 320/320/320 319/319/319
f 303/303/303 110/110/110 111/111/111 320/320/320
f 112/112/112 305/305/305 318/318/318 113/113/113
f 114/114/114 306/306/306 317/317/317 115/115/115
f 306/306/306 112/112/112 113/113/113 317/317/317
f 305/305/305 304/304/304 319/319/319 318/318/318
f 308/308/308 307/307/307 316/316/316 315/315/315
f 116/116/116 309/309/309 314/314/314 117/117/117
f 309/309/309 308/308/308 315/315/315 314/314/314
f 118/118/118 310/310/310 313/313/313 119/119/119
f 311/311/311 312/312/312 121/121/121 120/120/120
f 118/118/118 119/119/119 312/312/312 311/311/311
f 310/310/310 116/116/116 117/117/117 313/313/313
f 307/307/307 114/114/114 115/115/115 316/316/316
f 302/302/302 301/301/301 322/322/322 321/321/321
f 289/289/289 102/102/102 103/103/103 334/334/334
f 267/267/267 82/82/82 83/83/83 356/356/356
f 219/219/219 49/49/49 50/50/50 403/403/403
f 515/515/515 636/636/636 1028/1028/1028 516/516/516
f 637/637/637 638/638/638 1026/1026/1026 1027/1027/1027
f 636/636/636 637/637/637 1027/1027/1027 1028/1028/1028
f 517/517/517 639/639/639 1024/1024/1024 1025/1025/1025
f 640/640/640 641/641/641 1022/1022/1022 1023/1023/1023
f 639/639/639 640/640/640 1023/1023/1023 1024/1024/1024
f 638/638/638 517/517/517 1025/1025/1025 1026/1026/1026
f 518/518/518 642/642/642 1020/1020/1020 1021/1021/1021
f 643/643/643 644/644/644 1018/1018/1018 1019/1019/1019
f 642/642/642 643/643/643 1019/1019/1019 1020/1020/1020
f 519/519/519 645/645/645 1016/1016/1016 1017/1017/1017
f 646/646/646 647/647/647 1014/1014/1014 1015/1015/1015
f 645/645/645 646/646/646 1015/1015/1015 1016/1016/1016
f 644/644/644 519/519/519 1017/1017/1017 1018/1018/1018
f 641/641/641 518/518/518 1021/1021/1021 1022/1022/1022
f 520/520/520 648/648/648 1012/1012/1012 1013/1013/1013
f 649/649/649 650/650/650 1010/1010/1010 1011/1011/1011
f 648/648/648 649/649/649 1011/1011/1011 1012/1012/1012
f 651/651/651 652/652/652 1008/1008/1008 1009/1009/1009
f 521/521/521 653/653/653 1007/1007/1007 522/522/522
f 652/652/652 521/521/521 522/522/522 1008/1008/1008
f 650/650/650 651/651/651 1009/1009/1009 1010/1010/1010
f 654/654/654 655/655/655 1005/1005/1005 1006/1006/1006
f 656/656/656 657/657/657 1003/1003/1003 1004/1004/1004
f 655/655/655 656/656/656 1004/1004/1004 1005/1005/1005
f 523/523/523 658/658/658 1001/1001/1001 1002/1002/1002
f 659/659/659 660/660/660 999/999/999 1000/1000/1000
f 658/658/658 659/659/659 1000/1000/1000 1001/1001/1001
f 657/657/657 523/523/523 1002/1002/1002 1003/1003/1003
f 653/653/653 654/654/654 1006/1006/1006 1007/1007/1007
f 647/647/647 520/520/520 1013/1013/1013 1014/1014/1014
f 524/524/524 661/661/661 997/997/997 998/998/998
f 525/525/525 662/662/662 995/995/995 996/996/996
f 661/661/661 525/525/525 996/996/996 997/997/997
f 663/663/663 664/664/664 993/993/993 994/994/994
f 665/665/665 666/666/666 991/991/991 992/992/992
f 665/665/665 992/992/992 993/993/993 664/664/664
f 662/662/662 663/663/663 994/994/994 995/995/995
f 667/667/667 668/668/668 989/989/989 990/990/990
f 669/669/669 670/670/670 987/987/987 988/988/988
f 668/668/668 669/669/669 988/988/988 989/989/989
f 526/526/526 671/671/671 986/986/986 527/527/527
f 672/672/672 673/673/673 984/984/984 985/985/985
f 671/671/671 672/672/672 985/985/985 986/986/986
f 670/670/670 526/526/526 527/527/527 987/987/987
f 666/666/666 667/667/667 990/990/990 991/991/991
f 528/528/528 674/674/674 982/982/982 983/983/983
f 675/675/675 676/676/676 980/980/980 981/981/981
f 674/674/674 675/675/675 981/981/981 982/982/982
f 529/529/529 677/677/677 978/978/978 979/979/979
f 530/530/530 678/678/678 977/977/977 531/531/531
f 677/677/677 530/530/530 531/531/531 978/978/978
f 676/676/676 529/529/529 979/979/979 980/980/980
f 532/532/532 679/679/679 975/975/975 976/976/976
f 680/680/680 681/681/681 973/973/973 974/974/974
f 679/679/679 680/680/680 974/974/974 975/975/975
f 683/683/683 971/971/971 972/972/972 682/682/682
f 533/533/533 684/684/684 969/969/969 970/970/970
f 683/683/683 533/533/533 970/970/970 971/971/971
f 682/682/682 972/972/972 973/973/973 681/681/681
f 678/678/678 532/532/532 976/976/976 977/977/977
f 673/673/673 528/528/528 983/983/983 984/984/984
f 660/660/660 524/524/524 998/998/998 999/999/999
f 534/534/534 685/685/685 967/967/967 968/968/968
f 535/535/535 686/686/686 966/966/966 536/536/536
f 685/685/685 535/535/535 536/536/536 967/967/967
f 537/537/537 687/687/687 964/964/964 965/965/965
f 538/538/538 688/688/688 962/962/962 963/963/963
f 687/687/687 538/538/538 963/963/963 964/964/964
f 686/686/686 537/537/537 965/965/965 966/966/966
f 689/689/689 690/690/690 960/960/960 961/961/961
f 539/539/539 691/691/691 958/958/958 959/959/959
f 690/690/690 539/539/539 959/959/959 960/960/960
f 692/692/692 693/693/693 956/956/956 957/957/957
f 695/695/695 954/954/954 955/955/955 694/694/694
f 693/693/693 694/694/694 955/955/955 956/956/956
f 691/691/691 692/692/692 957/957/957 958/958/958
f 688/688/688 689/689/689 961/961/961 962/962/962
f 696/696/696 697/697/697 952/952/952 953/953/953
f 698/698/698 951/951/951 541/541/541 540/540/540
f 697/697/697 540/540/540 541/541/541 952/952/952
f 699/699/699 700/700/700 949/949/949 950/950/950
f 701/701/701 702/702/702 947/947/947 948/948/948
f 700/700/700 701/701/701 948/948/948 949/949/949
f 698/698/698 699/699/699 950/950/950 951/951/951
f 703/703/703 946/946/946 543/543/543 542/542/542
f 704/704/704 945/945/945 545/545/545 544/544/544
f 544/544/544 545/545/545 946/946/946 703/703/703
f 706/706/706 943/943/943 944/944/944 705/705/705
f 708/708/708 941/941/941 942/942/942 707/707/707
f 707/707/707 942/942/942 943/943/943 706/706/706
f 705/705/705 944/944/944 945/945/945 704/704/704
f 542/542/542 543/543/543 947/947/947 702/702/702
f 695/695/695 696/696/696 953/953/953 954/954/954
f 709/709/709 940/940/940 547/547/547 546/546/546
f 711/711/711 938/938/938 939/939/939 710/710/710
f 710/710/710 939/939/939 940/940/940 709/709/709
f 713/713/713 936/936/936 937/937/937 712/712/712
f 548/548/548 714/714/714 935/935/935 549/549/549
f 548/548/548 549/549/549 936/936/936 713/713/713
f 712/712/712 937/937/937 938/938/938 711/711/711
f 715/715/715 934/934/934 551/551/551 550/550/550
f 717/717/717 932/932/932 933/933/933 716/716/716
f 716/716/716 933/933/933 934/934/934 715/715/715
f 718/718/718 931/931/931 553/553/553 552/552/552
f 719/719/719 930/930/930 555/555/555 554/554/554
f 554/554/554 555/555/555 931/931/931 718/718/718
f 552/552/552 553/553/553 932/932/932 717/717/717
f 714/714/714 550/550/550 551/551/551 935/935/935
f 720/720/720 929/929/929 557/557/557 556/556/556
f 722/722/722 927/927/927 928/928/928 721/721/721
f 721/721/721 928/928/928 929/929/929 720/720/720
f 724/724/724 925/925/925 926/926/926 723/723/723
f 725/725/725 924/924/924 559/559/559 558/558/558
f 558/558/558 559/559/559 925/925/925 724/724/724
f 723/723/723 926/926/926 927/927/927 722/722/722
f 726/726/726 727/727/727 922/922/922 923/923/923
f 729/729/729 920/920/920 921/921/921 728/728/728
f 727/727/727 728/728/728 921/921/921 922/922/922
f 730/730/730 919/919/919 561/561/561 560/560/560
f 731/731/731 918/918/918 563/563/563 562/562/562
f 562/562/562 563/563/563 919/919/919 730/730/730
f 560/560/560 561/561/561 920/920/920 729/729/729
f 725/725/725 726/726/726 923/923/923 924/924/924
f 556/556/556 557/557/557 930/930/930 719/719/719
f 546/546/546 547/547/547 941/941/941 708/708/708
f 684/684/684 534/534/534 968/968/968 969/969/969
f 564/564/564 565/565/565 918/918/918 731/731/731
f 733/733/733 916/916/916 917/917/917 732/732/732
f 566/566/566 567/567/567 915/915/915 734/734/734
f 734/734/734 915/915/915 916/916/916 733/733/733
f 568/568/568 569/569/569 914/914/914 735/735/735
f 736/736/736 570/570/570 571/571/571 913/913/913
f 568/568/568 736/736/736 913/913/913 569/569/569
f 735/735/735 914/914/914 567/567/567 566/566/566
f 738/738/738 911/911/911 912/912/912 737/737/737
f 572/572/572 573/573/573 910/910/910 739/739/739
f 739/739/739 910/910/910 911/911/911 738/738/738
f 740/740/740 574/574/574 575/575/575 909/909/909
f 741/741/741 742/742/742 907/907/907 908/908/908
f 574/574/574 741/741/741 908/908/908 575/575/575
f 572/572/572 740/740/740 909/909/909 573/573/573
f 737/737/737 912/912/912 571/571/571 570/570/570
f 744/744/744 905/905/905 906/906/906 743/743/743
f 745/745/745 576/576/576 577/577/577 904/904/904
f 744/744/744 745/745/745 904/904/904 905/905/905
f 746/746/746 747/747/747 902/902/902 903/903/903
f 749/749/749 900/900/900 901/901/901 748/748/748
f 748/748/748 901/901/901 902/902/902 747/747/747
f 576/576/576 746/746/746 903/903/903 577/577/577
f 750/750/750 751/751/751 898/898/898 899/899/899
f 752/752/752 753/753/753 896/896/896 897/897/897
f 751/751/751 752/752/752 897/897/897 898/898/898
f 755/755/755 894/894/894 895/895/895 754/754/754
f 757/757/757 892/892/892 893/893/893 756/756/756
f 756/756/756 893/893/893 894/894/894 755/755/755
f 754/754/754 895/895/895 896/896/896 753/753/753
f 750/750/750 899/899/899 900/900/900 749/749/749
f 743/743/743 906/906/906 907/907/907 742/742/742
f 578/578/578 579/579/579 891/891/891 758/758/758
f 580/580/580 581/581/581 890/890/890 759/759/759
f 759/759/759 890/890/890 579/579/579 578/578/578
f 760/760/760 761/761/761 888/888/888 889/889/889
f 762/762/762 763/763/763 886/886/886 887/887/887
f 761/761/761 762/762/762 887/887/887 888/888/888
f 580/580/580 760/760/760 889/889/889 581/581/581
f 582/582/582 583/583/583 885/885/885 764/764/764
f 765/765/765 766/766/766 883/883/883 884/884/884
f 765/765/765 884/884/884 583/583/583 582/582/582
f 584/584/584 585/585/585 882/882/882 767/767/767
f 586/586/586 587/587/587 881/881/881 768/768/768
f 768/768/768 881/881/881 585/585/585 584/584/584
f 766/766/766 767/767/767 882/882/882 883/883/883
f 763/763/763 764/764/764 885/885/885 886/886/886
f 588/588/588 589/589/589 880/880/880 769/769/769
f 590/590/590 591/591/591 879/879/879 770/770/770
f 770/770/770 879/879/879 589/589/589 588/588/588
f 592/592/592 593/593/593 878/878/878 771/771/771
f 773/773/773 876/876/876 877/877/877 772/772/772
f 772/772/772 877/877/877 593/593/593 592/592/592
f 771/771/771 878/878/878 591/591/591 590/590/590
f 594/594/594 595/595/595 875/875/875 774/774/774
f 776/776/776 873/873/873 874/874/874 775/775/775
f 775/775/775 874/874/874 595/595/595 594/594/594
f 778/778/778 871/871/871 872/872/872 777/777/777
f 596/596/596 597/597/597 870/870/870 779/779/779
f 779/779/779 870/870/870 871/871/871 778/778/778
f 777/777/777 872/872/872 873/873/873 776/776/776
f 774/774/774 875/875/875 876/876/876 773/773/773
f 769/769/769 880/880/880 587/587/587 586/586/586
f 758/758/758 891/891/891 892/892/892 757/757/757
f 781/781/781 868/868/868 869/869/869 780/780/780
f 783/783/783 866/866/866 867/867/867 782/782/782
f 782/782/782 867/867/867 868/868/868 781/781/781
f 598/598/598 599/599/599 865/865/865 784/784/784
f 786/786/786 863/863/863 864/864/864 785/785/785
f 785/785/785 864/864/864 599/599/599 598/598/598
f 784/784/784 865/865/865 866/866/866 783/783/783
f 600/600/600 601/601/601 862/862/862 787/787/787
f 602/602/602 603/603/603 861/861/861 788/788/788
f 788/788/788 861/861/861 601/601/601 600/600/600
f 604/604/604 605/605/605 860/860/860 789/789/789
f 606/606/606 607/607/607 859/859/859 790/790/790
f 790/790/790 859/859/859 605/605/605 604/604/604
f 789/789/789 860/860/860 603/603/603 602/602/602
f 787/787/787 862/862/862 863/863/863 786/786/786
f 608/608/608 609/609/609 858/858/858 791/791/791
f 793/793/793 856/856/856 857/857/857 792/792/792
f 792/792/792 857/857/857 609/609/609 608/608/608
f 610/610/610 611/611/611 855/855/855 794/794/794
f 612/612/612 613/613/613 854/854/854 795/795/795
f 795/795/795 854/854/854 611/611/611 610/610/610
f 794/794/794 855/855/855 856/856/856 793/793/793
f 797/797/797 852/852/852 853/853/853 796/796/796
f 614/614/614 615/615/615 851/851/851 798/798/798
f 798/798/798 851/851/851 852/852/852 797/797/797
f 800/800/800 849/849/849 850/850/850 799/799/799
f 616/616/616 617/617/617 848/848/848 801/801/801
f 801/801/801 848/848/848 849/849/849 800/800/800
f 799/799/799 850/850/850 615/615/615 614/614/614
f 796/796/796 853/853/853 613/613/613 612/612/612
f 791/791/791 858/858/858 607/607/607 606/606/606
f 618/618/618 619/619/619 847/847/847 802/802/802
f 804/804/804 845/845/845 846/846/846 803/803/803
f 803/803/803 846/846/846 619/619/619 618/618/618
f 620/620/620 621/621/621 844/844/844 805/805/805
f 807/807/807 842/842/842 843/843/843 806/806/806
f 806/806/806 843/843/843 621/621/621 620/620/620
f 805/805/805 844/844/844 845/845/845 804/804/804
f 809/809/809 840/840/840 841/841/841 808/808/808
f 622/622/622 623/623/623 839/839/839 810/810/810
f 810/810/810 839/839/839 840/840/840 809/809/809
f 812/812/812 837/837/837 838/838/838 811/811/811
f 814/814/814 835/835/835 836/836/836 813/813/813
f 813/813/813 836/836/836 837/837/837 812/812/812
f 811/811/811 838/838/838 623/623/623 622/622/622
f 808/808/808 841/841/841 842/842/842 807/807/807
f 624/624/624 625/625/625 834/834/834 815/815/815
f 817/817/817 832/832/832 833/833/833 816/816/816
f 816/816/816 833/833/833 625/625/625 624/624/624
f 626/626/626 627/627/627 831/831/831 818/818/818
f 628/628/628 629/629/629 830/830/830 819/819/819
f 819/819/819 830/830/830 627/627/627 626/626/626
f 818/818/818 831/831/831 832/832/832 817/817/817
f 821/821/821 828/828/828 829/829/829 820/820/820
f 630/630/630 631/631/631 827/827/827 822/822/822
f 822/822/822 827/827/827 828/828/828 821/821/821
f 632/632/632 633/633/633 826/826/826 823/823/823
f 824/824/824 634/634/634 635/635/635 825/825/825
f 632/632/632 824/824/824 825/825/825 633/633/633
f 823/823/823 826/826/826 631/631/631 630/630/630
f 820/820/820 829/829/829 629/629/629 628/628/628
f 815/815/815 834/834/834 835/835/835 814/814/814
f 802/802/802 847/847/847 617/617/617 616/616/616
f 780/780/780 869/869/869 597/597/597 596/596/596
f 732/732/732 917/917/917 565/565/565 564/564/564
f 1029/1029/1029 1152/1152/1152 1542/1542/1542 1030/1030/1030
f 1153/1153/1153 1154/1154/1154 1540/1540/1540 1541/1541/1541
f 1152/1152/1152 1153/1153/1153 1541/1541/1541 1542/1542/1542
f 1031/1031/1031 1155/1155/1155 1538/1538/1538 1539/1539/1539
f 1032/1032/1032 1156/1156/1156 1536/1536/1536 1537/1537/1537
f 1155/1155/1155 1032/1032/1032 1537/1537/1537 1538/1538/1538
f 1154/1154/1154 1031/1031/1031 1539/1539/1539 1540/1540/1540
f 1033/1033/1033 1157/1157/1157 1534/1534/1534 1535/1535/1535
f 1158/1158/1158 1159/1159/1159 1532/1532/1532 1533/1533/1533
f 1157/1157/1157 1158/1158/1158 1533/1533/1533 1534/1534/1534
f 1034/1034/1034 1160/1160/1160 1530/1530/1530 1531/1531/1531
f 1035/1035/1035 1161/1161/1161 1528/1528/1528 1529/1529/1529
f 1160/1160/1160 1035/1035/1035 1529/1529/1529 1530/1530/1530
f 1159/1159/1159 1034/1034/1034 1531/1531/1531 1532/1532/1532
f 1156/1156/1156 1033/1033/1033 1535/1535/1535 1536/1536/1536
f 1036/1036/1036 1162/1162/1162 1526/1526/1526 1527/1527/1527
f 1163/1163/1163 1164/1164/1164 1524/1524/1524 1525/1525/1525
f 1162/1162/1162 1163/1163/1163 1525/1525/1525 1526/1526/1526
f 1165/1165/1165 1166/1166/1166 1522/1522/1522 1523/1523/1523
f 1037/1037/1037 1167/1167/1167 1521/1521/1521 1038/1038/1038
f 1166/1166/1166 1037/1037/1037 1038/1038/1038 1522/1522/1522
f 1164/1164/1164 1165/1165/1165 1523/1523/1523 1524/1524/1524
f 1168/1168/1168 1169/1169/1169 1519/1519/1519 1520/1520/1520
f 1170/1170/1170 1171/1171/1171 1517/1517/1517 1518/1518/1518
f 1169/1169/1169 1170/1170/1170 1518/1518/1518 1519/1519/1519
f 1172/1172/1172 1173/1173/1173 1515/1515/1515 1516/1516/1516
f 1174/1174/1174 1175/1175/1175 1513/1513/1513 1514/1514/1514
f 1173/1173/1173 1174/1174/1174 1514/1514/1514 1515/1515/1515
f 1171/1171/1171 1172/1172/1172 1516/1516/1516 1517/1517/1517
f 1167/1167/1167 1168/1168/1168 1520/1520/1520 1521/1521/1521
f 1161/1161/1161 1036/1036/1036 1527/1527/1527 1528/1528/1528
f 1039/1039/1039 1176/1176/1176 1511/1511/1511 1512/1512/1512
f 1040/1040/1040 1177/1177/1177 1509/1509/1509 1510/1510/1510
f 1176/1176/1176 1040/1040/1040 1510/1510/1510 1511/1511/1511
f 1178/1178/1178 1179/1179/1179 1507/1507/1507 1508/1508/1508
f 1180/1180/1180 1181/1181/1181 1505/1505/1505 1506/1506/1506
f 1179/1179/1179 1180/1180/1180 1506/1506/1506 1507/1507/1507
f 1177/1177/1177 1178/1178/1178 1508/1508/1508 1509/1509/1509
f 1182/1182/1182 1183/1183/1183 1503/1503/1503 1504/1504/1504
f 1184/1184/1184 1185/1185/1185 1501/1501/1501 1502/1502/1502
f 1183/1183/1183 1184/1184/1184 1502/1502/1502 1503/1503/1503
f 1041/1041/1041 1186/1186/1186 1500/1500/1500 1042/1042/1042
f 1187/1187/1187 1188/1188/1188 1498/1498/1498 1499/1499/1499
f 1186/1186/1186 1187/1187/1187 1499/1499/1499 1500/1500/1500
f 1041/1041/1041 1042/1042/1042 1501/1501/1501 1185/1185/1185
f 1181/1181/1181 1182/1182/1182 1504/1504/1504 1505/1505/1505
f 1043/1043/1043 1189/1189/1189 1496/1496/1496 1497/1497/1497
f 1190/1190/1190 1191/1191/1191 1494/1494/1494 1495/1495/1495
f 1189/1189/1189 1190/1190/1190 1495/1495/1495 1496/1496/1496
f 1044/1044/1044 1192/1192/1192 1492/1492/1492 1493/1493/1493
f 1045/1045/1045 1193/1193/1193 1491/1491/1491 1046/1046/1046
f 1192/1192/1192 1045/1045/1045 1046/1046/1046 1492/1492/1492
f 1191/1191/1191 1044/1044/1044 1493/1493/1493 1494/1494/1494
f 1047/1047/1047 1194/1194/1194 1489/1489/1489 1490/1490/1490
f 1195/1195/1195 1196/1196/1196 1487/1487/1487 1488/1488/1488
f 1194/1194/1194 1195/1195/1195 1488/1488/1488 1489/1489/1489
f 1197/1197/1197 1198/1198/1198 1485/1485/1485 1486/1486/1486
f 1048/1048/1048 1199/1199/1199 1483/1483/1483 1484/1484/1484
f 1198/1198/1198 1048/1048/1048 1484/1484/1484 1485/1485/1485
f 1196/1196/1196 1197/1197/1197 1486/1486/1486 1487/1487/1487
f 1193/1193/1193 1047/1047/1047 1490/1490/1490 1491/1491/1491
f 1188/1188/1188 1043/1043/1043 1497/1497/1497 1498/1498/1498
f 1175/1175/1175 1039/1039/1039 1512/1512/1512 1513/1513/1513
f 1049/1049/1049 1200/1200/1200 1481/1481/1481 1482/1482/1482
f 1050/1050/1050 1201/1201/1201 1480/1480/1480 1051/1051/1051
f 1200/1200/1200 1050/1050/1050 1051/1051/1051 1481/1481/1481
f 1052/1052/1052 1202/1202/1202 1478/1478/1478 1479/1479/1479
f 1053/1053/1053 1203/1203/1203 1476/1476/1476 1477/1477/1477
f 1202/1202/1202 1053/1053/1053 1477/1477/1477 1478/1478/1478
f 1201/1201/1201 1052/1052/1052 1479/1479/1479 1480/1480/1480
f 1204/1204/1204 1205/1205/1205 1474/1474/1474 1475/1475/1475
f 1054/1054/1054 1206/1206/1206 1472/1472/1472 1473/1473/1473
f 1205/1205/1205 1054/1054/1054 1473/1473/1473 1474/1474/1474
f 1207/1207/1207 1208/1208/1208 1470/1470/1470 1471/1471/1471
f 1210/1210/1210 1468/1468/1468 1469/1469/1469 1209/1209/1209
f 1208/1208/1208 1209/1209/1209 1469/1469/1469 1470/1470/1470
f 1206/1206/1206 1207/1207/1207 1471/1471/1471 1472/1472/1472
f 1203/1203/1203 1204/1204/1204 1475/1475/1475 1476/1476/1476
f 1211/1211/1211 1212/1212/1212 1466/1466/1466 1467/1467/1467
f 1055/1055/1055 1213/1213/1213 1465/1465/1465 1056/1056/1056
f 1212/1212/1212 1055/1055/1055 1056/1056/1056 1466/1466/1466
f 1214/1214/1214 1215/1215/1215 1463/1463/1463 1464/1464/1464
f 1216/1216/1216 1217/1217/1217 1461/1461/1461 1462/1462/1462
f 1215/1215/1215 1216/1216/1216 1462/1462/1462 1463/1463/1463
f 1213/1213/1213 1214/1214/1214 1464/1464/1464 1465/1465/1465
f 1218/1218/1218 1460/1460/1460 1058/1058/1058 1057/1057/1057
f 1219/1219/1219 1459/1459/1459 1060/1060/1060 1059/1059/1059
f 1059/1059/1059 1060/1060/1060 1460/1460/1460 1218/1218/1218
f 1221/1221/1221 1457/1457/1457 1458/1458/1458 1220/1220/1220
f 1223/1223/1223 1455/1455/1455 1456/1456/1456 1222/1222/1222
f 1222/1222/1222 1456/1456/1456 1457/1457/1457 1221/1221/1221
f 1220/1220/1220 1458/1458/1458 1459/1459/1459 1219/1219/1219
f 1057/1057/1057 1058/1058/1058 1461/1461/1461 1217/1217/1217
f 1210/1210/1210 1211/1211/1211 1467/1467/1467 1468/1468/1468
f 1061/1061/1061 1224/1224/1224 1454/1454/1454 1062/1062/1062
f 1226/1226/1226 1452/1452/1452 1453/1453/1453 1225/1225/1225
f 1224/1224/1224 1225/1225/1225 1453/1453/1453 1454/1454/1454
f 1228/1228/1228 1450/1450/1450 1451/1451/1451 1227/1227/1227
f 1063/1063/1063 1229/1229/1229 1449/1449/1449 1064/1064/1064
f 1063/1063/1063 1064/1064/1064 1450/1450/1450 1228/1228/1228
f 1227/1227/1227 1451/1451/1451 1452/1452/1452 1226/1226/1226
f 1230/1230/1230 1448/1448/1448 1066/1066/1066 1065/1065/1065
f 1232/1232/1232 1446/1446/1446 1447/1447/1447 1231/1231/1231
f 1231/1231/1231 1447/1447/1447 1448/1448/1448 1230/1230/1230
f 1233/1233/1233 1445/1445/1445 1068/1068/1068 1067/1067/1067
f 1234/1234/1234 1444/1444/1444 1070/1070/1070 1069/1069/1069
f 1069/1069/1069 1070/1070/1070 1445/1445/1445 1233/1233/1233
f 1067/1067/1067 1068/1068/1068 1446/1446/1446 1232/1232/1232
f 1229/1229/1229 1065/1065/1065 1066/1066/1066 1449/1449/1449
f 1235/1235/1235 1443/1443/1443 1072/1072/1072 1071/1071/1071
f 1237/1237/1237 1441/1441/1441 1442/1442/1442 1236/1236/1236
f 1236/1236/1236 1442/1442/1442 1443/1443/1443 1235/1235/1235
f 1073/1073/1073 1238/1238/1238 1439/1439/1439 1440/1440/1440
f 1239/1239/1239 1438/1438/1438 1075/1075/1075 1074/1074/1074
f 1074/1074/1074 1075/1075/1075 1439/1439/1439 1238/1238/1238
f 1237/1237/1237 1073/1073/1073 1440/1440/1440 1441/1441/1441
f 1240/1240/1240 1241/1241/1241 1436/1436/1436 1437/1437/1437
f 1243/1243/1243 1434/1434/1434 1435/1435/1435 1242/1242/1242
f 1241/1241/1241 1242/1242/1242 1435/1435/1435 1436/1436/1436
f 1244/1244/1244 1433/1433/1433 1077/1077/1077 1076/1076/1076
f 1245/1245/1245 1432/1432/1432 1079/1079/1079 1078/1078/1078
f 1078/1078/1078 1079/1079/1079 1433/1433/1433 1244/1244/1244
f 1076/1076/1076 1077/1077/1077 1434/1434/1434 1243/1243/1243
f 1240/1240/1240 1437/1437/1437 1438/1438/1438 1239/1239/1239
f 1071/1071/1071 1072/1072/1072 1444/1444/1444 1234/1234/1234
f 1061/1061/1061 1062/1062/1062 1455/1455/1455 1223/1223/1223
f 1199/1199/1199 1049/1049/1049 1482/1482/1482 1483/1483/1483
f 1080/1080/1080 1081/1081/1081 1432/1432/1432 1245/1245/1245
f 1247/1247/1247 1430/1430/1430 1431/1431/1431 1246/1246/1246
f 1082/1082/1082 1083/1083/1083 1429/1429/1429 1248/1248/1248
f 1248/1248/1248 1429/1429/1429 1430/1430/1430 1247/1247/1247
f 1084/1084/1084 1085/1085/1085 1428/1428/1428 1249/1249/1249
f 1250/1250/1250 1086/1086/1086 1087/1087/1087 1427/1427/1427
f 1084/1084/1084 1250/1250/1250 1427/1427/1427 1085/1085/1085
f 1249/1249/1249 1428/1428/1428 1083/1083/1083 1082/1082/1082
f 1252/1252/1252 1425/1425/1425 1426/1426/1426 1251/1251/1251
f 1088/1088/1088 1089/1089/1089 1424/1424/1424 1253/1253/1253
f 1253/1253/1253 1424/1424/1424 1425/1425/1425 1252/1252/1252
f 1090/1090/1090 1091/1091/1091 1423/1423/1423 1254/1254/1254
f 1255/1255/1255 1256/1256/1256 1421/1421/1421 1422/1422/1422
f 1090/1090/1090 1255/1255/1255 1422/1422/1422 1091/1091/1091
f 1254/1254/1254 1423/1423/1423 1089/1089/1089 1088/1088/1088
f 1251/1251/1251 1426/1426/1426 1087/1087/1087 1086/1086/1086
f 1257/1257/1257 1258/1258/1258 1419/1419/1419 1420/1420/1420
f 1259/1259/1259 1092/1092/1092 1093/1093/1093 1418/1418/1418
f 1258/1258/1258 1259/1259/1259 1418/1418/1418 1419/1419/1419
f 1260/1260/1260 1261/1261/1261 1416/1416/1416 1417/1417/1417
f 1263/1263/1263 1414/1414/1414 1415/1415/1415 1262/1262/1262
f 1262/1262/1262 1415/1415/1415 1416/1416/1416 1261/1261/1261
f 1092/1092/1092 1260/1260/1260 1417/1417/1417 1093/1093/1093
f 1265/1265/1265 1412/1412/1412 1413/1413/1413 1264/1264/1264
f 1266/1266/1266 1267/1267/1267 1410/1410/1410 1411/1411/1411
f 1265/1265/1265 1266/1266/1266 1411/1411/1411 1412/1412/1412
f 1269/1269/1269 1408/1408/1408 1409/1409/1409 1268/1268/1268
f 1270/1270/1270 1271/1271/1271 1406/1406/1406 1407/1407/1407
f 1270/1270/1270 1407/1407/1407 1408/1408/1408 1269/1269/1269
f 1268/1268/1268 1409/1409/1409 1410/1410/1410 1267/1267/1267
f 1264/1264/1264 1413/1413/1413 1414/1414/1414 1263/1263/1263
f 1256/1256/1256 1257/1257/1257 1420/1420/1420 1421/1421/1421
f 1094/1094/1094 1095/1095/1095 1405/1405/1405 1272/1272/1272
f 1096/1096/1096 1097/1097/1097 1404/1404/1404 1273/1273/1273
f 1273/1273/1273 1404/1404/1404 1095/1095/1095 1094/1094/1094
f 1274/1274/1274 1275/1275/1275 1402/1402/1402 1403/1403/1403
f 1276/1276/1276 1277/1277/1277 1400/1400/1400 1401/1401/1401
f 1275/1275/1275 1276/1276/1276 1401/1401/1401 1402/1402/1402
f 1096/1096/1096 1274/1274/1274 1403/1403/1403 1097/1097/1097
f 1098/1098/1098 1099/1099/1099 1399/1399/1399 1278/1278/1278
f 1280/1280/1280 1397/1397/1397 1398/1398/1398 1279/1279/1279
f 1279/1279/1279 1398/1398/1398 1099/1099/1099 1098/1098/1098
f 1100/1100/1100 1101/1101/1101 1396/1396/1396 1281/1281/1281
f 1102/1102/1102 1103/1103/1103 1395/1395/1395 1282/1282/1282
f 1282/1282/1282 1395/1395/1395 1101/1101/1101 1100/1100/1100
f 1281/1281/1281 1396/1396/1396 1397/1397/1397 1280/1280/1280
f 1277/1277/1277 1278/1278/1278 1399/1399/1399 1400/1400/1400
f 1104/1104/1104 1105/1105/1105 1394/1394/1394 1283/1283/1283
f 1106/1106/1106 1107/1107/1107 1393/1393/1393 1284/1284/1284
f 1284/1284/1284 1393/1393/1393 1105/1105/1105 1104/1104/1104
f 1108/1108/1108 1109/1109/1109 1392/1392/1392 1285/1285/1285
f 1287/1287/1287 1390/1390/1390 1391/1391/1391 1286/1286/1286
f 1286/1286/1286 1391/1391/1391 1109/1109/1109 1108/1108/1108
f 1285/1285/1285 1392/1392/1392 1107/1107/1107 1106/1106/1106
f 1110/1110/1110 1111/1111/1111 1389/1389/1389 1288/1288/1288
f 1290/1290/1290 1387/1387/1387 1388/1388/1388 1289/1289/1289
f 1289/1289/1289 1388/1388/1388 1111/1111/1111 1110/1110/1110
f 1291/1291/1291 1292/1292/1292 1385/1385/1385 1386/1386/1386
f 1112/1112/1112 1113/1113/1113 1384/1384/1384 1293/1293/1293
f 1292/1292/1292 1293/1293/1293 1384/1384/1384 1385/1385/1385
f 1291/1291/1291 1386/1386/1386 1387/1387/1387 1290/1290/1290
f 1288/1288/1288 1389/1389/1389 1390/1390/1390 1287/1287/1287
f 1283/1283/1283 1394/1394/1394 1103/1103/1103 1102/1102/1102
f 1271/1271/1271 1272/1272/1272 1405/1405/1405 1406/1406/1406
f 1295/1295/1295 1382/1382/1382 1383/1383/1383 1294/1294/1294
f 1297/1297/1297 1380/1380/1380 1381/1381/1381 1296/1296/1296
f 1296/1296/1296 1381/1381/1381 1382/1382/1382 1295/1295/1295
f 1114/1114/1114 1115/1115/1115 1379/1379/1379 1298/1298/1298
f 1300/1300/1300 1377/1377/1377 1378/1378/1378 1299/1299/1299
f 1299/1299/1299 1378/1378/1378 1115/1115/1115 1114/1114/1114
f 1298/1298/1298 1379/1379/1379 1380/1380/1380 1297/1297/1297
f 1116/1116/1116 1117/1117/1117 1376/1376/1376 1301/1301/1301
f 1118/1118/1118 1119/1119/1119 1375/1375/1375 1302/1302/1302
f 1302/1302/1302 1375/1375/1375 1117/1117/1117 1116/1116/1116
f 1120/1120/1120 1121/1121/1121 1374/1374/1374 1303/1303/1303
f 1122/1122/1122 1123/1123/1123 1373/1373/1373 1304/1304/1304
f 1304/1304/1304 1373/1373/1373 1121/1121/1121 1120/1120/1120
f 1303/1303/1303 1374/1374/1374 1119/1119/1119 1118/1118/1118
f 1301/1301/1301 1376/1376/1376 1377/1377/1377 1300/1300/1300
f 1124/1124/1124 1125/1125/1125 1372/1372/1372 1305/1305/1305
f 1307/1307/1307 1370/1370/1370 1371/1371/1371 1306/1306/1306
f 1306/1306/1306 1371/1371/1371 1125/1125/1125 1124/1124/1124
f 1126/1126/1126 1127/1127/1127 1369/1369/1369 1308/1308/1308
f 1128/1128/1128 1129/1129/1129 1368/1368/1368 1309/1309/1309
f 1309/1309/1309 1368/1368/1368 1127/1127/1127 1126/1126/1126
f 1308/1308/1308 1369/1369/1369 1370/1370/1370 1307/1307/1307
f 1311/1311/1311 1366/1366/1366 1367/1367/1367 1310/1310/1310
f 1130/1130/1130 1131/1131/1131 1365/1365/1365 1312/1312/1312
f 1312/1312/1312 1365/1365/1365 1366/1366/1366 1311/1311/1311
f 1314/1314/1314 1363/1363/1363 1364/1364/1364 1313/1313/1313
f 1132/1132/1132 1133/1133/1133 1362/1362/1362 1315/1315/1315
f 1315/1315/1315 1362/1362/1362 1363/1363/1363 1314/1314/1314
f 1313/1313/1313 1364/1364/1364 1131/1131/1131 1130/1130/1130
f 1310/1310/1310 1367/1367/1367 1129/1129/1129 1128/1128/1128
f 1305/1305/1305 1372/1372/1372 1123/1123/1123 1122/1122/1122
f 1134/1134/1134 1135/1135/1135 1361/1361/1361 1316/1316/1316
f 1318/1318/1318 1359/1359/1359 1360/1360/1360 1317/1317/1317
f 1317/1317/1317 1360/1360/1360 1135/1135/1135 1134/1134/1134
f 1136/1136/1136 1137/1137/1137 1358/1358/1358 1319/1319/1319
f 1321/1321/1321 1356/1356/1356 1357/1357/1357 1320/1320/1320
f 1320/1320/1320 1357/1357/1357 1137/1137/1137 1136/1136/1136
f 1319/1319/1319 1358/1358/1358 1359/1359/1359 1318/1318/1318
f 1323/1323/1323 1354/1354/1354 1355/1355/1355 1322/1322/1322
f 1138/1138/1138 1139/1139/1139 1353/1353/1353 1324/1324/1324
f 1324/1324/1324 1353/1353/1353 1354/1354/1354 1323/1323/1323
f 1326/1326/1326 1351/1351/1351 1352/1352/1352 1325/1325/1325
f 1328/1328/1328 1349/1349/1349 1350/1350/1350 1327/1327/1327
f 1327/1327/1327 1350/1350/1350 1351/1351/1351 1326/1326/1326
f 1325/1325/1325 1352/1352/1352 1139/1139/1139 1138/1138/1138
f 1322/1322/1322 1355/1355/1355 1356/1356/1356 1321/1321/1321
f 1140/1140/1140 1141/1141/1141 1348/1348/1348 1329/1329/1329
f 1331/1331/1331 1346/1346/1346 1347/1347/1347 1330/1330/1330
f 1330/1330/1330 1347/1347/1347 1141/1141/1141 1140/1140/1140
f 1142/1142/1142 1143/1143/1143 1345/1345/1345 1332/1332/1332
f 1333/1333/1333 1144/1144/1144 1145/1145/1145 1344/1344/1344
f 1142/1142/1142 1333/1333/1333 1344/1344/1344 1143/1143/1143
f 1332/1332/1332 1345/1345/1345 1346/1346/1346 1331/1331/1331
f 1335/1335/1335 1342/1342/1342 1343/1343/1343 1334/1334/1334
f 1146/1146/1146 1147/1147/1147 1341/1341/1341 1336/1336/1336
f 1336/1336/1336 1341/1341/1341 1342/1342/1342 1335/1335/1335
f 1148/1148/1148 1149/1149/1149 1340/1340/1340 1337/1337/1337
f 1338/1338/1338 1150/1150/1150 1151/1151/1151 1339/1339/1339
f 1148/1148/1148 1338/1338/1338 1339/1339/1339 1149/1149/1149
f 1337/1337/1337 1340/1340/1340 1147/1147/1147 1146/1146/1146
f 1334/1334/1334 1343/1343/1343 1145/1145/1145 1144/1144/1144
f 1329/1329/1329 1348/1348/1348 1349/1349/1349 1328/1328/1328
f 1316/1316/1316 1361/1361/1361 1133/1133/1133 1132/1132/1132
f 1294/1294/1294 1383/1383/1383 1113/1113/1113 1112/1112/1112
f 1246/1246/1246 1431/1431/1431 1081/1081/1081 1080/1080/1080
f 1543/1543/1543 1654/1654/1654 2056/2056/2056 1544/1544/1544
f 1655/1655/1655 2055/2055/2055 1546/1546/1546 1545/1545/1545
f 1654/1654/1654 1545/1545/1545 1546/1546/1546 2056/2056/2056
f 1656/1656/1656 2054/2054/2054 1548/1548/1548 1547/1547/1547
f 1658/1658/1658 2052/2052/2052 2053/2053/2053 1657/1657/1657
f 1657/1657/1657 2053/2053/2053 2054/2054/2054 1656/1656/1656
f 1547/1547/1547 1548/1548/1548 2055/2055/2055 1655/1655/1655
f 1549/1549/1549 1659/1659/1659 2051/2051/2051 1550/1550/1550
f 1660/1660/1660 2050/2050/2050 1552/1552/1552 1551/1551/1551
f 1659/1659/1659 1551/1551/1551 1552/1552/1552 2051/2051/2051
f 1553/1553/1553 1661/1661/1661 2048/2048/2048 2049/2049/2049
f 1662/1662/1662 1663/1663/1663 2047/2047/2047 1554/1554/1554
f 1661/1661/1661 1662/1662/1662 1554/1554/1554 2048/2048/2048
f 1660/1660/1660 1553/1553/1553 2049/2049/2049 2050/2050/2050
f 1549/1549/1549 1550/1550/1550 2052/2052/2052 1658/1658/1658
f 1665/1665/1665 2045/2045/2045 2046/2046/2046 1664/1664/1664
f 1667/1667/1667 2043/2043/2043 2044/2044/2044 1666/1666/1666
f 1666/1666/1666 2044/2044/2044 2045/2045/2045 1665/1665/1665
f 1668/1668/1668 2042/2042/2042 1556/1556/1556 1555/1555/1555
f 1670/1670/1670 2040/2040/2040 2041/2041/2041 1669/1669/1669
f 1669/1669/1669 2041/2041/2041 2042/2042/2042 1668/1668/1668
f 1555/1555/1555 1556/1556/1556 2043/2043/2043 1667/1667/1667
f 1672/1672/1672 2038/2038/2038 2039/2039/2039 1671/1671/1671
f 1673/1673/1673 2037/2037/2037 1558/1558/1558 1557/1557/1557
f 1557/1557/1557 1558/1558/1558 2038/2038/2038 1672/1672/1672
f 1675/1675/1675 2035/2035/2035 2036/2036/2036 1674/1674/1674
f 1559/1559/1559 1676/1676/1676 2034/2034/2034 1560/1560/1560
f 1559/1559/1559 1560/1560/1560 2035/2035/2035 1675/1675/1675
f 1674/1674/1674 2036/2036/2036 2037/2037/2037 1673/1673/1673
f 1671/1671/1671 2039/2039/2039 2040/2040/2040 1670/1670/1670
f 1664/1664/1664 2046/2046/2046 2047/2047/2047 1663/1663/1663
f 1677/1677/1677 2033/2033/2033 1562/1562/1562 1561/1561/1561
f 1679/1679/1679 2031/2031/2031 2032/2032/2032 1678/1678/1678
f 1678/1678/1678 2032/2032/2032 2033/2033/2033 1677/1677/1677
f 1680/1680/1680 2030/2030/2030 1564/1564/1564 1563/1563/1563
f 1682/1682/1682 2028/2028/2028 2029/2029/2029 1681/1681/1681
f 1681/1681/1681 2029/2029/2029 2030/2030/2030 1680/1680/1680
f 1563/1563/1563 1564/1564/1564 2031/2031/2031 1679/1679/1679
f 1683/1683/1683 2027/2027/2027 1566/1566/1566 1565/1565/1565
f 1684/1684/1684 2026/2026/2026 1568/1568/1568 1567/1567/1567
f 1567/1567/1567 1568/1568/1568 2027/2027/2027 1683/1683/1683
f 1686/1686/1686 2024/2024/2024 2025/2025/2025 1685/1685/1685
f 1687/1687/1687 2023/2023/2023 1570/1570/1570 1569/1569/1569
f 1569/1569/1569 1570/1570/1570 2024/2024/2024 1686/1686/1686
f 1685/1685/1685 2025/2025/2025 2026/2026/2026 1684/1684/1684
f 1565/1565/1565 1566/1566/1566 2028/2028/2028 1682/1682/1682
f 1688/1688/1688 2022/2022/2022 1572/1572/1572 1571/1571/1571
f 1689/1689/1689 2021/2021/2021 1574/1574/1574 1573/1573/1573
f 1573/1573/1573 1574/1574/1574 2022/2022/2022 1688/1688/1688
f 1690/1690/1690 2020/2020/2020 1576/1576/1576 1575/1575/1575
f 1691/1691/1691 2019/2019/2019 1578/1578/1578 1577/1577/1577
f 1577/1577/1577 1578/1578/1578 2020/2020/2020 1690/1690/1690
f 1575/1575/1575 1576/1576/1576 2021/2021/2021 1689/1689/1689
f 1693/1693/1693 2017/2017/2017 2018/2018/2018 1692/1692/1692
f 1694/1694/1694 2016/2016/2016 1580/1580/1580 1579/1579/1579
f 1579/1579/1579 1580/1580/1580 2017/2017/2017 1693/1693/1693
f 1696/1696/1696 2014/2014/2014 2015/2015/2015 1695/1695/1695
f 1698/1698/1698 2012/2012/2012 2013/2013/2013 1697/1697/1697
f 1697/1697/1697 2013/2013/2013 2014/2014/2014 1696/1696/1696
f 1695/1695/1695 2015/2015/2015 2016/2016/2016 1694/1694/1694
f 1692/1692/1692 2018/2018/2018 2019/2019/2019 1691/1691/1691
f 1571/1571/1571 1572/1572/1572 2023/2023/2023 1687/1687/1687
f 1676/1676/1676 1561/1561/1561 1562/1562/1562 2034/2034/2034
f 1699/1699/1699 2011/2011/2011 1582/1582/1582 1581/1581/1581
f 1701/1701/1701 2009/2009/2009 2010/2010/2010 1700/1700/1700
f 1700/1700/1700 2010/2010/2010 2011/2011/2011 1699/1699/1699
f 1703/1703/1703 2007/2007/2007 2008/2008/2008 1702/1702/1702
f 1704/1704/1704 2006/2006/2006 1584/1584/1584 1583/1583/1583
f 1583/1583/1583 1584/1584/1584 2007/2007/2007 1703/1703/1703
f 1702/1702/1702 2008/2008/2008 2009/2009/2009 1701/1701/1701
f 1706/1706/1706 2004/2004/2004 2005/2005/2005 1705/1705/1705
f 1707/1707/1707 2003/2003/2003 1586/1586/1586 1585/1585/1585
f 1585/1585/1585 1586/1586/1586 2004/2004/2004 1706/1706/1706
f 1708/1708/1708 2002/2002/2002 1588/1588/1588 1587/1587/1587
f 1709/1709/1709 2001/2001/2001 1590/1590/1590 1589/1589/1589
f 1589/1589/1589 1590/1590/1590 2002/2002/2002 1708/1708/1708
f 1587/1587/1587 1588/1588/1588 2003/2003/2003 1707/1707/1707
f 1705/1705/1705 2005/2005/2005 2006/2006/2006 1704/1704/1704
f 1710/1710/1710 2000/2000/2000 1592/1592/1592 1591/1591/1591
f 1711/1711/1711 1999/1999/1999 1594/1594/1594 1593/1593/1593
f 1593/1593/1593 1594/1594/1594 2000/2000/2000 1710/1710/1710
f 1713/1713/1713 1997/1997/1997 1998/1998/1998 1712/1712/1712
f 1714/1714/1714 1996/1996/1996 1596/1596/1596 1595/1595/1595
f 1595/1595/1595 1596/1596/1596 1997/1997/1997 1713/1713/1713
f 1712/1712/1712 1998/1998/1998 1999/1999/1999 1711/1711/1711
f 1715/1715/1715 1716/1716/1716 1994/1994/1994 1995/1995/1995
f 1717/1717/1717 1718/1718/1718 1992/1992/1992 1993/1993/1993
f 1717/1717/1717 1993/1993/1993 1994/1994/1994 1716/1716/1716
f 1719/1719/1719 1991/1991/1991 1598/1598/1598 1597/1597/1597
f 1720/1720/1720 1990/1990/1990 1600/1600/1600 1599/1599/1599
f 1599/1599/1599 1600/1600/1600 1991/1991/1991 1719/1719/1719
f 1718/1718/1718 1597/1597/1597 1598/1598/1598 1992/1992/1992
f 1714/1714/1714 1715/1715/1715 1995/1995/1995 1996/1996/1996
f 1591/1591/1591 1592/1592/1592 2001/2001/2001 1709/1709/1709
f 1722/1722/1722 1988/1988/1988 1989/1989/1989 1721/1721/1721
f 1723/1723/1723 1724/1724/1724 1986/1986/1986 1987/1987/1987
f 1723/1723/1723 1987/1987/1987 1988/1988/1988 1722/1722/1722
f 1725/1725/1725 1726/1726/1726 1984/1984/1984 1985/1985/1985
f 1728/1728/1728 1982/1982/1982 1983/1983/1983 1727/1727/1727
f 1726/1726/1726 1727/1727/1727 1983/1983/1983 1984/1984/1984
f 1724/1724/1724 1725/1725/1725 1985/1985/1985 1986/1986/1986
f 1730/1730/1730 1980/1980/1980 1981/1981/1981 1729/1729/1729
f 1731/1731/1731 1732/1732/1732 1978/1978/1978 1979/1979/1979
f 1731/1731/1731 1979/1979/1979 1980/1980/1980 1730/1730/1730
f 1733/1733/1733 1977/1977/1977 1602/1602/1602 1601/1601/1601
f 1735/1735/1735 1975/1975/1975 1976/1976/1976 1734/1734/1734
f 1734/1734/1734 1976/1976/1976 1977/1977/1977 1733/1733/1733
f 1732/1732/1732 1601/1601/1601 1602/1602/1602 1978/1978/1978
f 1729/1729/1729 1981/1981/1981 1982/1982/1982 1728/1728/1728
f 1737/1737/1737 1973/1973/1973 1974/1974/1974 1736/1736/1736
f 1738/1738/1738 1972/1972/1972 1604/1604/1604 1603/1603/1603
f 1603/1603/1603 1604/1604/1604 1973/1973/1973 1737/1737/1737
f 1739/1739/1739 1971/1971/1971 1606/1606/1606 1605/1605/1605
f 1741/1741/1741 1969/1969/1969 1970/1970/1970 1740/1740/1740
f 1740/1740/1740 1970/1970/1970 1971/1971/1971 1739/1739/1739
f 1605/1605/1605 1606/1606/1606 1972/1972/1972 1738/1738/1738
f 1742/1742/1742 1968/1968/1968 1608/1608/1608 1607/1607/1607
f 1743/1743/1743 1967/1967/1967 1610/1610/1610 1609/1609/1609
f 1609/1609/1609 1610/1610/1610 1968/1968/1968 1742/1742/1742
f 1744/1744/1744 1966/1966/1966 1612/1612/1612 1611/1611/1611
f 1746/1746/1746 1964/1964/1964 1965/1965/1965 1745/1745/1745
f 1745/1745/1745 1965/1965/1965 1966/1966/1966 1744/1744/1744
f 1611/1611/1611 1612/1612/1612 1967/1967/1967 1743/1743/1743
f 1607/1607/1607 1608/1608/1608 1969/1969/1969 1741/1741/1741
f 1736/1736/1736 1974/1974/1974 1975/1975/1975 1735/1735/1735
f 1721/1721/1721 1989/1989/1989 1990/1990/1990 1720/1720/1720
f 1581/1581/1581 1582/1582/1582 2012/2012/2012 1698/1698/1698
f 1613/1613/1613 1614/1614/1614 1964/1964/1964 1746/1746/1746
f 1615/1615/1615 1616/1616/1616 1963/1963/1963 1747/1747/1747
f 1617/1617/1617 1618/1618/1618 1962/1962/1962 1748/1748/1748
f 1748/1748/1748 1962/1962/1962 1616/1616/1616 1615/1615/1615
f 1750/1750/1750 1960/1960/1960 1961/1961/1961 1749/1749/1749
f 1752/1752/1752 1958/1958/1958 1959/1959/1959 1751/1751/1751
f 1751/1751/1751 1959/1959/1959 1960/1960/1960 1750/1750/1750
f 1749/1749/1749 1961/1961/1961 1618/1618/1618 1617/1617/1617
f 1754/1754/1754 1956/1956/1956 1957/1957/1957 1753/1753/1753
f 1619/1619/1619 1620/1620/1620 1955/1955/1955 1755/1755/1755
f 1755/1755/1755 1955/1955/1955 1956/1956/1956 1754/1754/1754
f 1757/1757/1757 1953/1953/1953 1954/1954/1954 1756/1756/1756
f 1759/1759/1759 1951/1951/1951 1952/1952/1952 1758/1758/1758
f 1758/1758/1758 1952/1952/1952 1953/1953/1953 1757/1757/1757
f 1756/1756/1756 1954/1954/1954 1620/1620/1620 1619/1619/1619
f 1753/1753/1753 1957/1957/1957 1958/1958/1958 1752/1752/1752
f 1761/1761/1761 1949/1949/1949 1950/1950/1950 1760/1760/1760
f 1621/1621/1621 1622/1622/1622 1948/1948/1948 1762/1762/1762
f 1762/1762/1762 1948/1948/1948 1949/1949/1949 1761/1761/1761
f 1623/1623/1623 1624/1624/1624 1947/1947/1947 1763/1763/1763
f 1765/1765/1765 1945/1945/1945 1946/1946/1946 1764/1764/1764
f 1764/1764/1764 1946/1946/1946 1624/1624/1624 1623/1623/1623
f 1763/1763/1763 1947/1947/1947 1622/1622/1622 1621/1621/1621
f 1767/1767/1767 1943/1943/1943 1944/1944/1944 1766/1766/1766
f 1768/1768/1768 1625/1625/1625 1941/1941/1941 1942/1942/1942
f 1768/1768/1768 1942/1942/1942 1943/1943/1943 1767/1767/1767
f 1626/1626/1626 1627/1627/1627 1940/1940/1940 1769/1769/1769
f 1770/1770/1770 1771/1771/1771 1938/1938/1938 1939/1939/1939
f 1626/1626/1626 1770/1770/1770 1939/1939/1939 1627/1627/1627
f 1625/1625/1625 1769/1769/1769 1940/1940/1940 1941/1941/1941
f 1766/1766/1766 1944/1944/1944 1945/1945/1945 1765/1765/1765
f 1760/1760/1760 1950/1950/1950 1951/1951/1951 1759/1759/1759
f 1628/1628/1628 1629/1629/1629 1937/1937/1937 1772/1772/1772
f 1774/1774/1774 1935/1935/1935 1936/1936/1936 1773/1773/1773
f 1773/1773/1773 1936/1936/1936 1629/1629/1629 1628/1628/1628
f 1775/1775/1775 1776/1776/1776 1933/1933/1933 1934/1934/1934
f 1778/1778/1778 1931/1931/1931 1932/1932/1932 1777/1777/1777
f 1776/1776/1776 1777/1777/1777 1932/1932/1932 1933/1933/1933
f 1775/1775/1775 1934/1934/1934 1935/1935/1935 1774/1774/1774
f 1779/1779/1779 1630/1630/1630 1631/1631/1631 1930/1930/1930
f 1780/1780/1780 1632/1632/1632 1928/1928/1928 1929/1929/1929
f 1780/1780/1780 1929/1929/1929 1631/1631/1631 1630/1630/1630
f 1781/1781/1781 1782/1782/1782 1926/1926/1926 1927/1927/1927
f 1783/1783/1783 1633/1633/1633 1634/1634/1634 1925/1925/1925
f 1782/1782/1782 1783/1783/1783 1925/1925/1925 1926/1926/1926
f 1632/1632/1632 1781/1781/1781 1927/1927/1927 1928/1928/1928
f 1778/1778/1778 1779/1779/1779 1930/1930/1930 1931/1931/1931
f 1785/1785/1785 1923/1923/1923 1924/1924/1924 1784/1784/1784
f 1635/1635/1635 1636/1636/1636 1922/1922/1922 1786/1786/1786
f 1786/1786/1786 1922/1922/1922 1923/1923/1923 1785/1785/1785
f 1787/1787/1787 1788/1788/1788 1637/1637/1637 1921/1921/1921
f 1790/1790/1790 1919/1919/1919 1920/1920/1920 1789/1789/1789
f 1788/1788/1788 1789/1789/1789 1920/1920/1920 1637/1637/1637
f 1787/1787/1787 1921/1921/1921 1636/1636/1636 1635/1635/1635
f 1791/1791/1791 1792/1792/1792 1917/1917/1917 1918/1918/1918
f 1793/1793/1793 1794/1794/1794 1915/1915/1915 1916/1916/1916
f 1792/1792/1792 1793/1793/1793 1916/1916/1916 1917/1917/1917
f 1795/1795/1795 1796/1796/1796 1913/1913/1913 1914/1914/1914
f 1797/1797/1797 1798/1798/1798 1911/1911/1911 1912/1912/1912
f 1796/1796/1796 1797/1797/1797 1912/1912/1912 1913/1913/1913
f 1794/1794/1794 1795/1795/1795 1914/1914/1914 1915/1915/1915
f 1790/1790/1790 1791/1791/1791 1918/1918/1918 1919/1919/1919
f 1784/1784/1784 1924/1924/1924 1634/1634/1634 1633/1633/1633
f 1772/1772/1772 1937/1937/1937 1938/1938/1938 1771/1771/1771
f 1799/1799/1799 1638/1638/1638 1909/1909/1909 1910/1910/1910
f 1639/1639/1639 1640/1640/1640 1908/1908/1908 1800/1800/1800
f 1638/1638/1638 1800/1800/1800 1908/1908/1908 1909/1909/1909
f 1801/1801/1801 1802/1802/1802 1641/1641/1641 1907/1907/1907
f 1803/1803/1803 1804/1804/1804 1905/1905/1905 1906/1906/1906
f 1802/1802/1802 1803/1803/1803 1906/1906/1906 1641/1641/1641
f 1801/1801/1801 1907/1907/1907 1640/1640/1640 1639/1639/1639
f 1805/1805/1805 1642/1642/1642 1643/1643/1643 1904/1904/1904
f 1806/1806/1806 1807/1807/1807 1902/1902/1902 1903/1903/1903
f 1642/1642/1642 1806/1806/1806 1903/1903/1903 1643/1643/1643
f 1808/1808/1808 1809/1809/1809 1900/1900/1900 1901/1901/1901
f 1810/1810/1810 1811/1811/1811 1644/1644/1644 1899/1899/1899
f 1809/1809/1809 1810/1810/1810 1899/1899/1899 1900/1900/1900
f 1807/1807/1807 1808/1808/1808 1901/1901/1901 1902/1902/1902
f 1804/1804/1804 1805/1805/1805 1904/1904/1904 1905/1905/1905
f 1812/1812/1812 1813/1813/1813 1897/1897/1897 1898/1898/1898
f 1814/1814/1814 1815/1815/1815 1895/1895/1895 1896/1896/1896
f 1813/1813/1813 1814/1814/1814 1896/1896/1896 1897/1897/1897
f 1816/1816/1816 1645/1645/1645 1893/1893/1893 1894/1894/1894
f 1817/1817/1817 1646/1646/1646 1891/1891/1891 1892/1892/1892
f 1645/1645/1645 1817/1817/1817 1892/1892/1892 1893/1893/1893
f 1815/1815/1815 1816/1816/1816 1894/1894/1894 1895/1895/1895
f 1818/1818/1818 1647/1647/1647 1648/1648/1648 1890/1890/1890
f 1819/1819/1819 1820/1820/1820 1888/1888/1888 1889/1889/1889
f 1647/1647/1647 1819/1819/1819 1889/1889/1889 1648/1648/1648
f 1821/1821/1821 1822/1822/1822 1886/1886/1886 1887/1887/1887
f 1823/1823/1823 1824/1824/1824 1884/1884/1884 1885/1885/1885
f 1822/1822/1822 1823/1823/1823 1885/1885/1885 1886/1886/1886
f 1820/1820/1820 1821/1821/1821 1887/1887/1887 1888/1888/1888
f 1646/1646/1646 1818/1818/1818 1890/1890/1890 1891/1891/1891
f 1811/1811/1811 1812/1812/1812 1898/1898/1898 1644/1644/1644
f 1825/1825/1825 1649/1649/1649 1882/1882/1882 1883/1883/1883
f 1826/1826/1826 1827/1827/1827 1880/1880/1880 1881/1881/1881
f 1649/1649/1649 1826/1826/1826 1881/1881/1881 1882/1882/1882
f 1828/1828/1828 1829/1829/1829 1878/1878/1878 1879/1879/1879
f 1830/1830/1830 1831/1831/1831 1876/1876/1876 1877/1877/1877
f 1829/1829/1829 1830/1830/1830 1877/1877/1877 1878/1878/1878
f 1827/1827/1827 1828/1828/1828 1879/1879/1879 1880/1880/1880
f 1832/1832/1832 1833/1833/1833 1874/1874/1874 1875/1875/1875
f 1834/1834/1834 1650/1650/1650 1872/1872/1872 1873/1873/1873
f 1833/1833/1833 1834/1834/1834 1873/1873/1873 1874/1874/1874
f 1835/1835/1835 1836/1836/1836 1870/1870/1870 1871/1871/1871
f 1837/1837/1837 1838/1838/1838 1868/1868/1868 1869/1869/1869
f 1836/1836/1836 1837/1837/1837 1869/1869/1869 1870/1870/1870
f 1650/1650/1650 1835/1835/1835 1871/1871/1871 1872/1872/1872
f 1831/1831/1831 1832/1832/1832 1875/1875/1875 1876/1876/1876
f 1839/1839/1839 1840/1840/1840 1866/1866/1866 1867/1867/1867
f 1841/1841/1841 1842/1842/1842 1864/1864/1864 1865/1865/1865
f 1840/1840/1840 1841/1841/1841 1865/1865/1865 1866/1866/1866
f 1843/1843/1843 1651/1651/1651 1862/1862/1862 1863/1863/1863
f 1844/1844/1844 1845/1845/1845 1860/1860/1860 1861/1861/1861
f 1651/1651/1651 1844/1844/1844 1861/1861/1861 1862/1862/1862
f 1842/1842/1842 1843/1843/1843 1863/1863/1863 1864/1864/1864
f 1846/1846/1846 1847/1847/1847 1858/1858/1858 1859/1859/1859
f 1848/1848/1848 1849/1849/1849 1856/1856/1856 1857/1857/1857
f 1847/1847/1847 1848/1848/1848 1857/1857/1857 1858/1858/1858
f 1850/1850/1850 1851/1851/1851 1854/1854/1854 1855/1855/1855
f 1852/1852/1852 1652/1652/1652 1653/1653/1653 1853/1853/1853
f 1851/1851/1851 1852/1852/1852 1853/1853/1853 1854/1854/1854
f 1849/1849/1849 1850/1850/1850 1855/1855/1855 1856/1856/1856
f 1845/1845/1845 1846/1846/1846 1859/1859/1859 1860/1860/1860
f 1838/1838/1838 1839/1839/1839 1867/1867/1867 1868/1868/1868
f 1824/1824/1824 1825/1825/1825 1883/1883/1883 1884/1884/1884
f 1798/1798/1798 1799/1799/1799 1910/1910/1910 1911/1911/1911
f 1747/1747/1747 1963/1963/1963 1614/1614/1614 1613/1613/1613
g object_2
v 0 -72 -4
v 0 -72 0
v 3.400158643722534 -71.91967010498047 -4
v 3.400158643722534 -71.91967010498047 0
v 6.79272985458374 -71.67885589599609 -4
v 6.79272985458374 -71.67885589599609 0
v 10.17014408111572 -71.27810668945312 -4
v 10.17014408111572 -71.27810668945312 0
v 13.52486515045166 -70.71829986572266 -4
v 13.52486515045166 -70.71829986572266 0
v 16.84940719604492 -70.00069427490234 -4
v 16.84940719604492 -70.00069427490234 0
v 20.13635063171387 -69.12689208984375 -4
v 20.13635063171387 -69.12689208984375 0
v 23.37836265563965 -68.09883880615234 -4
v 23.37836265563965 -68.09883880615234 0
v 26.56820678710938 -66.91883087158203 -4
v 26.56820678710938 -66.91883087158203 0
v 29.69876861572266 -65.58950805664062 -4
v 29.69876861572266 -65.58950805664062 0
v 32.7630615234375 -64.11382293701172 -4
v 32.7630615234375 -64.11382293701172 0
v 35.75424575805664 -62.49507141113281 -4
v 35.75424575805664 -62.49507141113281 0
v 38.6656494140625 -60.73687362670898 -4
v 38.6656494140625 -60.73687362670898 0
v 41.49077224731445 -58.84314727783203 -4
v 41.49077224731445 -58.84314727783203 0
v 44.22331619262695 -56.818115234375 -4
v 44.22331619262695 -56.818115234375 0
v 46.857177734375 -54.66630554199219 -4
v 46.857177734375 -54.66630554199219 0
v 49.3864860534668 -52.39250946044922 -4
v 49.3864860534668 -52.39250946044922 0
v 51.80559158325195 -50.00180816650391 -4
v 51.80559158325195 -50.00180816650391 0
v 54.10909652709961 -47.49953079223633 -4
v 54.10909652709961 -47.49953079223633 0
v 56.29186630249023 -44.89126586914062 -4
v 56.29186630249023 -44.89126586914062 0
v 58.34902572631836 -42.18283081054688 -4
v 58.34902572631836 -42.18283081054688 0
v 60.27598571777344 -39.38026809692383 -4
v 60.27598571777344 -39.38026809692383 0
v 62.06844711303711 -36.48983383178711 -4
v 62.06844711303711 -36.48983383178711 0
v 63.72240829467773 -33.51797485351562 -4
v 63.72240829467773 -33.51797485351562 0
v 65.23418426513672 -30.4713249206543 -4
v 65.23418426513672 -30.4713249206543 0
v 66.60038757324219 -27.35667991638184 -4
v 66.60038757324219 -27.35667991638184 0
v 67.81798553466797 -24.18099403381348 -4
v 67.81798553466797 -24.18099403381348 0
v 68.88425445556641 -20.95134925842285 -4
v 68.88425445556641 -20.95134925842285 0
v 69.79682159423828 -17.67495536804199 -4
v 69.79682159423828 -17.67495536804199 0
v 70.55363464355469 -14.35912036895752 -4
v 70.55363464355469 -14.35912036895752 0
v 71.15302276611328 -11.01124572753906 -4
v 71.15302276611328 -11.01124572753906 0
v 71.59363555908203 -7.638799667358398 -4
v 71.59363555908203 -7.638799667358398 0
v 71.87449645996094 -4.249309062957764 -4
v 71.87449645996094 -4.249309062957764 0
v 71.99497985839844 -0.8503361344337463 -4
v 71.99497985839844 -0.8503361344337463 0
v 71.95481109619141 2.550534009933472 -4
v 71.95481109619141 2.550534009933472 0
v 71.75408172607422 5.945713043212891 -4
v 71.75408172607422 5.945713043212891 0
v 71.39324188232422 9.327624320983887 -4
v 71.39324188232422 9.327624320983887 0
v 70.87310028076172 12.68872261047363 -4
v 70.87310028076172 12.68872261047363 0
v 70.19480895996094 16.02150726318359 -4
v 70.19480895996094 16.02150726318359 0
v 69.35988616943359 19.31854248046875 -4
v 69.35988616943359 19.31854248046875 0
v 68.37019348144531 22.57246780395508 -4
v 68.37019348144531 22.57246780395508 0
v 67.22794342041016 25.77602767944336 -4
v 67.22794342041016 25.77602767944336 0
v 65.93567657470703 28.92207145690918 -4
v 65.93567657470703 28.92207145690918 0
v 64.49628448486328 32.00357818603516 -4
v 64.49628448486328 32.00357818603516 0
v 62.91297912597656 35.013671875 -4
v 62.91297912597656 35.013671875 0
v 61.18928527832031 37.94563674926758 -4
v 61.18928527832031 37.94563674926758 0
v 59.32905578613281 40.79292678833008 -4
v 59.32905578613281 40.79292678833008 0
v 57.33644104003906 43.54919815063477 -4
v 57.33644104003906 43.54919815063477 0
v 55.21588516235352 46.20829010009766 -4
v 55.21588516235352 46.20829010009766 0
v 52.97212219238281 48.76427459716797 -4
v 52.97212219238281 48.76427459716797 0
v 50.61015701293945 51.21144485473633 -4
v 50.61015701293945 51.21144485473633 0
v 48.13525772094727 53.54434585571289 -4
v 48.13525772094727 53.54434585571289 0
v 45.55295562744141 55.75776672363281 -4
v 45.55295562744141 55.75776672363281 0
v 42.86900329589844 57.84676742553711 -4
v 42.86900329589844 57.84676742553711 0
v 40.08939361572266 59.80669403076172 -4
v 40.08939361572266 59.80669403076172 0
v 37.22032928466797 61.63316345214844 -4
v 37.22032928466797 61.63316345214844 0
v 34.26821136474609 63.32210922241211 -4
v 34.26821136474609 63.32210922241211 0
v 31.2396297454834 64.86975860595703 -4
v 31.2396297454834 64.86975860595703 0
v 28.14133834838867 66.27265930175781 -4
v 28.14133834838867 66.27265930175781 0
v 24.98025321960449 67.52767181396484 -4
v 24.98025321960449 67.52767181396484 0
v 21.763427734375 68.63201141357422 -4
v 21.763427734375 68.63201141357422 0
v 18.49803924560547 69.58320617675781 -4
v 18.49803924560547 69.58320617675781 0
v 15.19137382507324 70.37913513183594 -4
v 15.19137382507324 70.37913513183594 0
v 11.85081005096436 71.01801300048828 -4
v 11.85081005096436 71.01801300048828 0
v 8.483803749084473 71.49842834472656 -4
v 8.483803749084473 71.49842834472656 0
v 5.097866535186768 71.81929779052734 -4
v 5.097866535186768 71.81929779052734 0
v 1.70055365562439 71.97991180419922 -4
v 1.70055365562439 71.97991180419922 0
v -1.70055365562439 71.97991180419922 -4
v -1.70055365562439 71.97991180419922 0
v -5.097866535186768 71.81929779052734 -4
v -5.097866535186768 71.81929779052734 0
v -8.483803749084473 71.49842834472656 -4
v -8.483803749084473 71.49842834472656 0
v -11.85081005096436 71.01801300048828 -4
v -11.85081005096436 71.01801300048828 0
v -15.19137382507324 70.37913513183594 -4
v -15.19137382507324 70.37913513183594 0
v -18.49803924560547 69.58320617675781 -4
v -18.49803924560547 69.58320617675781 0
v -21.763427734375 68.63201141357422 -4
v -21.763427734375 68.63201141357422 0
v -24.98025321960449 67.52767181396484 -4
v -24.98025321960449 67.52767181396484 0
v -28.14133834838867 66.27265930175781 -4
v -28.14133834838867 66.27265930175781 0
v -31.2396297454834 64.86975860595703 -4
v -31.2396297454834 64.86975860595703 0
v -34.26821136474609 63.32210922241211 -4
v -34.26821136474609 63.32210922241211 0
v -37.22032928466797 61.63316345214844 -4
v -37.22032928466797 61.63316345214844 0
v -40.08939361572266 59.80669403076172 -4
v -40.08939361572266 59.80669403076172 0
v -42.86900329589844 57.84676742553711 -4
v -42.86900329589844 57.84676742553711 0
v -45.55295562744141 55.75776672363281 -4
v -45.55295562744141 55.75776672363281 0
v -48.13525772094727 53.54434585571289 -4
v -48.13525772094727 53.54434585571289 0
v -50.61015701293945 51.21144485473633 -4
v -50.61015701293945 51.21144485473633 0
v -52.97212219238281 48.76427459716797 -4
v -52.97212219238281 48.76427459716797 0
v -55.21588516235352 46.20829010009766 -4
v -55.21588516235352 46.20829010009766 0
v -57.33644104003906 43.54919815063477 -4
v -57.33644104003906 43.54919815063477 0
v -59.32905578613281 40.79292678833008 -4
v -59.32905578613281 40.79292678833008 0
v -61.18928527832031 37.94563674926758 -4
v -61.18928527832031 37.94563674926758 0
v -62.91297912597656 35.013671875 -4
v -62.91297912597656 35.013671875 0
v -64.49628448486328 32.00357818603516 -4
v -64.49628448486328 32.00357818603516 0
v -65.93567657470703 28.92207145690918 -4
v -65.93567657470703 28.92207145690918 0
v -67.22794342041016 25.77602767944336 -4
v -67.22794342041016 25.77602767944336 0
v -68.37019348144531 22.57246780395508 -4
v -68.37019348144531 22.57246780395508 0
v -69.35988616943359 19.31854248046875 -4
v -69.35988616943359 19.31854248046875 0
v -70.19480895996094 16.02150726318359 -4
v -70.19480895996094 16.02150726318359 0
v -70.87310028076172 12.68872261047363 -4
v -70.87310028076172 12.68872261047363 0
v -71.39324188232422 9.327624320983887 -4
v -71.39324188232422 9.327624320983887 0
v -71.75408172607422 5.945713043212891 -4
v -71.75408172607422 5.945713043212891 0
v -71.95481109619141 2.550534009933472 -4
v -71.95481109619141 2.550534009933472 0
v -71.99497985839844 -0.8503361344337463 -4
v -71.99497985839844 -0.8503361344337463 0
v -71.87449645996094 -4.249309062957764 -4
v -71.87449645996094 -4.249309062957764 0
v -71.59363555908203 -7.638799667358398 -4
v -71.59363555908203 -7.638799667358398 0
v -71.15302276611328 -11.01124572753906 -4
v -71.15302276611328 -11.01124572753906 0
v -70.55363464355469 -14.35912036895752 -4
v -70.55363464355469 -14.35912036895752 0
v -69.79682159423828 -17.67495536804199 -4
v -69.79682159423828 -17.67495536804199 0
v -68.88425445556641 -20.95134925842285 -4
v -68.88425445556641 -20.95134925842285 0
v -67.81798553466797 -24.18099403381348 -4
v -67.81798553466797 -24.18099403381348 0
v -66.60038757324219 -27.35667991638184 -4
v -66.60038757324219 -27.35667991638184 0
v -65.23418426513672 -30.4713249206543 -4
v -65.23418426513672 -30.4713249206543 0
v -63.72240829467773 -33.51797485351562 -4
v -63.72240829467773 -33.51797485351562 0
v -62.06844711303711 -36.48983383178711 -4
v -62.06844711303711 -36.48983383178711 0
v -60.27598571777344 -39.38026809692383 -4
v -60.27598571777344 -39.38026809692383 0
v -58.34902572631836 -42.18283081054688 -4
v -58.34902572631836 -42.18283081054688 0
v -56.29186630249023 -44.89126586914062 -4
v -56.29186630249023 -44.89126586914062 0
v -54.10909652709961 -47.49953079223633 -4
v -54.10909652709961 -47.49953079223633 0
v -51.80559158325195 -50.00180816650391 -4
v -51.80559158325195 -50.00180816650391 0
v -49.3864860534668 -52.39250946044922 -4
v -49.3864860534668 -52.39250946044922 0
v -46.857177734375 -54.66630554199219 -4
v -46.857177734375 -54.66630554199219 0
v -44.22331619262695 -56.818115234375 -4
v -44.22331619262695 -56.818115234375 0
v -41.49077224731445 -58.84314727783203 -4
v -41.49077224731445 -58.84314727783203 0
v -38.6656494140625 -60.73687362670898 -4
v -38.6656494140625 -60.73687362670898 0
v -35.75424575805664 -62.49507141113281 -4
v -35.75424575805664 -62.49507141113281 0
v -32.7630615234375 -64.11382293701172 -4
v -32.7630615234375 -64.11382293701172 0
v -29.69876861572266 -65.58950805664062 -4
v -29.69876861572266 -65.58950805664062 0
v -26.56820678710938 -66.91883087158203 -4
v -26.56820678710938 -66.91883087158203 0
v -23.37836265563965 -68.09883880615234 -4
v -23.37836265563965 -68.09883880615234 0
v -20.13635063171387 -69.12689208984375 -4
v -20.13635063171387 -69.12689208984375 0
v -16.84940719604492 -70.00069427490234 -4
v -16.84940719604492 -70.00069427490234 0
v -13.52486515045166 -70.71829986572266 -4
v -13.52486515045166 -70.71829986572266 0
v -10.17014408111572 -71.27810668945312 -4
v -10.17014408111572 -71.27810668945312 0
v -6.79272985458374 -71.67885589599609 -4
v -6.79272985458374 -71.67885589599609 0
v -3.400158643722534 -71.91967010498047 -4
v -3.400158643722534 -71.91967010498047 0
v 0 -72 -4
v 0 -72 0
v 0 -72 -4
v 3.400158643722534 -71.91967010498047 -4
v 6.79272985458374 -71.67885589599609 -4
v 10.17014408111572 -71.27810668945312 -4
v 13.52486515045166 -70.71829986572266 -4
v 16.84940719604492 -70.00069427490234 -4
v 20.13635063171387 -69.12689208984375 -4
v 23.37836265563965 -68.09883880615234 -4
v 26.56820678710938 -66.91883087158203 -4
v 29.69876861572266 -65.58950805664062 -4
v 32.7630615234375 -64.11382293701172 -4
v 35.75424575805664 -62.49507141113281 -4
v 38.6656494140625 -60.73687362670898 -4
v 41.49077224731445 -58.84314727783203 -4
v 44.22331619262695 -56.818115234375 -4
v 46.857177734375 -54.66630554199219 -4
v 49.3864860534668 -52.39250946044922 -4
v 51.80559158325195 -50.00180816650391 -4
v 54.10909652709961 -47.49953079223633 -4
v 56.29186630249023 -44.89126586914062 -4
v 58.34902572631836 -42.18283081054688 -4
v 60.27598571777344 -39.38026809692383 -4
v 62.06844711303711 -36.48983383178711 -4
v 63.72240829467773 -33.51797485351562 -4
v 65.23418426513672 -30.4713249206543 -4
v 66.60038757324219 -27.35667991638184 -4
v 67.81798553466797 -24.18099403381348 -4
v 68.88425445556641 -20.95134925842285 -4
v 69.79682159423828 -17.67495536804199 -4
v 70.55363464355469 -14.35912036895752 -4
v 71.15302276611328 -11.01124572753906 -4
v 71.59363555908203 -7.638799667358398 -4
v 71.87449645996094 -4.249309062957764 -4
v 71.99497985839844 -0.8503361344337463 -4
v 71.95481109619141 2.550534009933472 -4
v 71.75408172607422 5.945713043212891 -4
v 71.39324188232422 9.327624320983887 -4
v 70.87310028076172 12.68872261047363 -4
v 70.19480895996094 16.02150726318359 -4
v 69.35988616943359 19.31854248046875 -4
v 68.37019348144531 22.57246780395508 -4
v 67.22794342041016 25.77602767944336 -4
v 65.93567657470703 28.92207145690918 -4
v 64.49628448486328 32.00357818603516 -4
v 62.91297912597656 35.013671875 -4
v 61.18928527832031 37.94563674926758 -4
v 59.32905578613281 40.79292678833008 -4
v 57.33644104003906 43.54919815063477 -4
v 55.21588516235352 46.20829010009766 -4
v 52.97212219238281 48.76427459716797 -4
v 50.61015701293945 51.21144485473633 -4
v 48.13525772094727 53.54434585571289 -4
v 45.55295562744141 55.75776672363281 -4
v 42.86900329589844 57.84676742553711 -4
v 40.08939361572266 59.80669403076172 -4
v 37.22032928466797 61.63316345214844 -4
v 34.26821136474609 63.32210922241211 -4
v 31.2396297454834 64.86975860595703 -4
v 28.14133834838867 66.27265930175781 -4
v 24.98025321960449 67.52767181396484 -4
v 21.763427734375 68.63201141357422 -4
v 18.49803924560547 69.58320617675781 -4
v 15.19137382507324 70.37913513183594 -4
v 11.85081005096436 71.01801300048828 -4
v 8.483803749084473 71.49842834472656 -4
v 5.097866535186768 71.81929779052734 -4
v 1.70055365562439 71.97991180419922 -4
v -1.70055365562439 71.97991180419922 -4
v -5.097866535186768 71.81929779052734 -4
v -8.483803749084473 71.49842834472656 -4
v -11.85081005096436 71.01801300048828 -4
v -15.19137382507324 70.37913513183594 -4
v -18.49803924560547 69.58320617675781 -4
v -21.763427734375 68.63201141357422 -4
v -24.98025321960449 67.52767181396484 -4
v -28.14133834838867 66.27265930175781 -4
v -31.2396297454834 64.86975860595703 -4
v -34.26821136474609 63.32210922241211 -4
v -37.22032928466797 61.63316345214844 -4
v -40.08939361572266 59.80669403076172 -4
v -42.86900329589844 57.84676742553711 -4
v -45.55295562744141 55.75776672363281 -4
v -48.13525772094727 53.54434585571289 -4
v -50.61015701293945 51.21144485473633 -4
v -52.97212219238281 48.76427459716797 -4
v -55.21588516235352 46.20829010009766 -4
v -57.33644104003906 43.54919815063477 -4
v -59.32905578613281 40.79292678833008 -4
v -61.18928527832031 37.94563674926758 -4
v -62.91297912597656 35.013671875 -4
v -64.49628448486328 32.00357818603516 -4
v -65.93567657470703 28.92207145690918 -4
v -67.22794342041016 25.77602767944336 -4
v -68.37019348144531 22.57246780395508 -4
v -69.35988616943359 19.31854248046875 -4
v -70.19480895996094 16.02150726318359 -4
v -70.87310028076172 12.68872261047363 -4
v -71.39324188232422 9.327624320983887 -4
v -71.75408172607422 5.945713043212891 -4
v -71.95481109619141 2.550534009933472 -4
v -71.99497985839844 -0.8503361344337463 -4
v -71.87449645996094 -4.249309062957764 -4
v -71.59363555908203 -7.638799667358398 -4
v -71.15302276611328 -11.01124572753906 -4
v -70.55363464355469 -14.35912036895752 -4
v -69.79682159423828 -17.67495536804199 -4
v -68.88425445556641 -20.95134925842285 -4
v -67.81798553466797 -24.18099403381348 -4
v -66.60038757324219 -27.35667991638184 -4
v -65.23418426513672 -30.4713249206543 -4
v -63.72240829467773 -33.51797485351562 -4
v -62.06844711303711 -36.48983383178711 -4
v -60.27598571777344 -39.38026809692383 -4
v -58.34902572631836 -42.18283081054688 -4
v -56.29186630249023 -44.89126586914062 -4
v -54.10909652709961 -47.49953079223633 -4
v -51.80559158325195 -50.00180816650391 -4
v -49.3864860534668 -52.39250946044922 -4
v -46.857177734375 -54.66630554199219 -4
v -44.22331619262695 -56.818115234375 -4
v -41.49077224731445 -58.84314727783203 -4
v -38.6656494140625 -60.73687362670898 -4
v -35.75424575805664 -62.49507141113281 -4
v -32.7630615234375 -64.11382293701172 -4
v -29.69876861572266 -65.58950805664062 -4
v -26.56820678710938 -66.91883087158203 -4
v -23.37836265563965 -68.09883880615234 -4
v -20.13635063171387 -69.12689208984375 -4
v -16.84940719604492 -70.00069427490234 -4
v -13.52486515045166 -70.71829986572266 -4
v -10.17014408111572 -71.27810668945312 -4
v -6.79272985458374 -71.67885589599609 -4
v -3.400158643722534 -71.91967010498047 -4
v 0 -72 0
v 3.400158643722534 -71.91967010498047 0
v 6.79272985458374 -71.67885589599609 0
v 10.17014408111572 -71.27810668945312 0
v 13.52486515045166 -70.71829986572266 0
v 16.84940719604492 -70.00069427490234 0
v 20.13635063171387 -69.12689208984375 0
v 23.37836265563965 -68.09883880615234 0
v 26.56820678710938 -66.91883087158203 0
v 29.69876861572266 -65.58950805664062 0
v 32.7630615234375 -64.11382293701172 0
v 35.75424575805664 -62.49507141113281 0
v 38.6656494140625 -60.73687362670898 0
v 41.49077224731445 -58.84314727783203 0
v 44.22331619262695 -56.818115234375 0
v 46.857177734375 -54.66630554199219 0
v 49.3864860534668 -52.39250946044922 0
v 51.80559158325195 -50.00180816650391 0
v 54.10909652709961 -47.49953079223633 0
v 56.29186630249023 -44.89126586914062 0
v 58.34902572631836 -42.18283081054688 0
v 60.27598571777344 -39.38026809692383 0
v 62.06844711303711 -36.48983383178711 0
v 63.72240829467773 -33.51797485351562 0
v 65.23418426513672 -30.4713249206543 0
v 66.60038757324219 -27.35667991638184 0
v 67.81798553466797 -24.18099403381348 0
v 68.88425445556641 -20.95134925842285 0
v 69.79682159423828 -17.67495536804199 0
v 70.55363464355469 -14.35912036895752 0
v 71.15302276611328 -11.01124572753906 0
v 71.59363555908203 -7.638799667358398 0
v 71.87449645996094 -4.249309062957764 0
v 71.99497985839844 -0.8503361344337463 0
v 71.95481109619141 2.550534009933472 0
v 71.75408172607422 5.945713043212891 0
v 71.39324188232422 9.327624320983887 0
v 70.87310028076172 12.68872261047363 0
v 70.19480895996094 16.02150726318359 0
v 69.35988616943359 19.31854248046875 0
v 68.37019348144531 22.57246780395508 0
v 67.22794342041016 25.77602767944336 0
v 65.93567657470703 28.92207145690918 0
v 64.49628448486328 32.00357818603516 0
v 62.91297912597656 35.013671875 0
v 61.18928527832031 37.94563674926758 0
v 59.32905578613281 40.79292678833008 0
v 57.33644104003906 43.54919815063477 0
v 55.21588516235352 46.20829010009766 0
v 52.97212219238281 48.76427459716797 0
v 50.61015701293945 51.21144485473633 0
v 48.13525772094727 53.54434585571289 0
v 45.55295562744141 55.75776672363281 0
v 42.86900329589844 57.84676742553711 0
v 40.08939361572266 59.80669403076172 0
v 37.22032928466797 61.63316345214844 0
v 34.26821136474609 63.32210922241211 0
v 31.2396297454834 64.86975860595703 0
v 28.14133834838867 66.27265930175781 0
v 24.98025321960449 67.52767181396484 0
v 21.763427734375 68.63201141357422 0
v 18.49803924560547 69.58320617675781 0
v 15.19137382507324 70.37913513183594 0
v 11.85081005096436 71.01801300048828 0
v 8.483803749084473 71.49842834472656 0
v 5.097866535186768 71.81929779052734 0
v 1.70055365562439 71.97991180419922 0
v -1.70055365562439 71.97991180419922 0
v -5.097866535186768 71.81929779052734 0
v -8.483803749084473 71.49842834472656 0
v -11.85081005096436 71.01801300048828 0
v -15.19137382507324 70.37913513183594 0
v -18.49803924560547 69.58320617675781 0
v -21.763427734375 68.63201141357422 0
v -24.98025321960449 67.52767181396484 0
v -28.14133834838867 66.27265930175781 0
v -31.2396297454834 64.86975860595703 0
v -34.26821136474609 63.32210922241211 0
v -37.22032928466797 61.63316345214844 0
v -40.08939361572266 59.80669403076172 0
v -42.86900329589844 57.84676742553711 0
v -45.55295562744141 55.75776672363281 0
v -48.13525772094727 53.54434585571289 0
v -50.61015701293945 51.21144485473633 0
v -52.97212219238281 48.76427459716797 0
v -55.21588516235352 46.20829010009766 0
v -57.33644104003906 43.54919815063477 0
v -59.32905578613281 40.79292678833008 0
v -61.18928527832031 37.94563674926758 0
v -62.91297912597656 35.013671875 0
v -64.49628448486328 32.00357818603516 0
v -65.93567657470703 28.92207145690918 0
v -67.22794342041016 25.77602767944336 0
v -68.37019348144531 22.57246780395508 0
v -69.35988616943359 19.31854248046875 0
v -70.19480895996094 16.02150726318359 0
v -70.87310028076172 12.68872261047363 0
v -71.39324188232422 9.327624320983887 0
v -71.75408172607422 5.945713043212891 0
v -71.95481109619141 2.550534009933472 0
v -71.99497985839844 -0.8503361344337463 0
v -71.87449645996094 -4.249309062957764 0
v -71.59363555908203 -7.638799667358398 0
v -71.15302276611328 -11.01124572753906 0
v -70.55363464355469 -14.35912036895752 0
v -69.79682159423828 -17.67495536804199 0
v -68.88425445556641 -20.95134925842285 0
v -67.81798553466797 -24.18099403381348 0
v -66.60038757324219 -27.35667991638184 0
v -65.23418426513672 -30.4713249206543 0
v -63.72240829467773 -33.51797485351562 0
v -62.06844711303711 -36.48983383178711 0
v -60.27598571777344 -39.38026809692383 0
v -58.34902572631836 -42.18283081054688 0
v -56.29186630249023 -44.89126586914062 0
v -54.10909652709961 -47.49953079223633 0
v -51.80559158325195 -50.00180816650391 0
v -49.3864860534668 -52.39250946044922 0
v -46.857177734375 -54.66630554199219 0
v -44.22331619262695 -56.818115234375 0
v -41.49077224731445 -58.84314727783203 0
v -38.6656494140625 -60.73687362670898 0
v -35.75424575805664 -62.49507141113281 0
v -32.7630615234375 -64.11382293701172 0
v -29.69876861572266 -65.58950805664062 0
v -26.56820678710938 -66.91883087158203 0
v -23.37836265563965 -68.09883880615234 0
v -20.13635063171387 -69.12689208984375 0
v -16.84940719604492 -70.00069427490234 0
v -13.52486515045166 -70.71829986572266 0
v -10.17014408111572 -71.27810668945312 0
v -6.79272985458374 -71.67885589599609 0
v -3.400158643722534 -71.91967010498047 0
vt 0 0
vt 0 0.506850004196167
vt 0.007518797181546688 0
vt 0.007518797181546688 0.506850004196167
vt 0.01503759436309338 0
vt 0.01503759436309338 0.506850004196167
vt 0.02255639061331749 0
vt 0.02255639061331749 0.506850004196167
vt 0.03007518872618675 0
vt 0.03007518872618675 0.506850004196167
vt 0.03759398311376572 0
vt 0.03759398311376572 0.506850004196167
vt 0.04511278122663498 0
vt 0.04511278122663498 0.506850004196167
vt 0.05263157933950424 0
vt 0.05263157933950424 0.506850004196167
vt 0.0601503774523735 0
vt 0.0601503774523735 0.506850004196167
vt 0.06766917556524277 0
vt 0.06766917556524277 0.506850004196167
vt 0.07518796622753143 0
vt 0.07518796622753143 0.506850004196167
vt 0.0827067643404007 0
vt 0.0827067643404007 0.506850004196167
vt 0.09022556245326996 0
vt 0.09022556245326996 0.506850004196167
vt 0.09774436056613922 0
vt 0.09774436056613922 0.506850004196167
vt 0.1052631586790085 0
vt 0.1052631586790085 0.506850004196167
vt 0.1127819567918777 0
vt 0.1127819567918777 0.506850004196167
vt 0.120300754904747 0
vt 0.120300754904747 0.506850004196167
vt 0.1278195530176163 0
vt 0.1278195530176163 0.506850004196167
vt 0.1353383511304855 0
vt 0.1353383511304855 0.506850004196167
vt 0.1428571492433548 0
vt 0.1428571492433548 0.506850004196167
vt 0.1503759324550629 0
vt 0.1503759324550629 0.506850004196167
vt 0.1578947305679321 0
vt 0.1578947305679321 0.506850004196167
vt 0.1654135286808014 0
vt 0.1654135286808014 0.506850004196167
vt 0.1729323267936707 0
vt 0.1729323267936707 0.506850004196167
vt 0.1804511249065399 0
vt 0.1804511249065399 0.506850004196167
vt 0.1879699230194092 0
vt 0.1879699230194092 0.506850004196167
vt 0.1954887211322784 0
vt 0.1954887211322784 0.506850004196167
vt 0.2030075192451477 0
vt 0.2030075192451477 0.506850004196167
vt 0.210526317358017 0
vt 0.210526317358017 0.506850004196167
vt 0.2180451154708862 0
vt 0.2180451154708862 0.506850004196167
vt 0.2255639135837555 0
vt 0.2255639135837555 0.506850004196167
vt 0.2330827116966248 0
vt 0.2330827116966248 0.506850004196167
vt 0.240601509809494 0
vt 0.240601509809494 0.506850004196167
vt 0.2481203079223633 0
vt 0.2481203079223633 0.506850004196167
vt 0.2556391060352325 0
vt 0.2556391060352325 0.506850004196167
vt 0.2631579041481018 0
vt 0.2631579041481018 0.506850004196167
vt 0.2706767022609711 0
vt 0.2706767022609711 0.506850004196167
vt 0.2781955003738403 0
vt 0.2781955003738403 0.506850004196167
vt 0.2857142984867096 0
vt 0.2857142984867096 0.506850004196167
vt 0.2932330965995789 0
vt 0.2932330965995789 0.506850004196167
vt 0.3007518649101257 0
vt 0.3007518649101257 0.506850004196167
vt 0.308270663022995 0
vt 0.308270663022995 0.506850004196167
vt 0.3157894611358643 0
vt 0.3157894611358643 0.506850004196167
vt 0.3233082592487335 0
vt 0.3233082592487335 0.506850004196167
vt 0.3308270573616028 0
vt 0.3308270573616028 0.506850004196167
vt 0.338345855474472 0
vt 0.338345855474472 0.506850004196167
vt 0.3458646535873413 0
vt 0.3458646535873413 0.506850004196167
vt 0.3533834517002106 0
vt 0.3533834517002106 0.506850004196167
vt 0.3609022498130798 0
vt 0.3609022498130798 0.506850004196167
vt 0.3684210479259491 0
vt 0.3684210479259491 0.506850004196167
vt 0.3759398460388184 0
vt 0.3759398460388184 0.506850004196167
vt 0.3834586441516876 0
vt 0.3834586441516876 0.506850004196167
vt 0.3909774422645569 0
vt 0.3909774422645569 0.506850004196167
vt 0.3984962403774261 0
vt 0.3984962403774261 0.506850004196167
vt 0.4060150384902954 0
vt 0.4060150384902954 0.506850004196167
vt 0.4135338366031647 0
vt 0.4135338366031647 0.506850004196167
vt 0.4210526347160339 0
vt 0.4210526347160339 0.506850004196167
vt 0.4285714328289032 0
vt 0.4285714328289032 0.506850004196167
vt 0.4360902309417725 0
vt 0.4360902309417725 0.506850004196167
vt 0.4436090290546417 0
vt 0.4436090290546417 0.506850004196167
vt 0.451127827167511 0
vt 0.451127827167511 0.506850004196167
vt 0.4586466252803802 0
vt 0.4586466252803802 0.506850004196167
vt 0.4661654233932495 0
vt 0.4661654233932495 0.506850004196167
vt 0.4736842215061188 0
vt 0.4736842215061188 0.506850004196167
vt 0.481203019618988 0
vt 0.481203019618988 0.506850004196167
vt 0.4887218177318573 0
vt 0.4887218177318573 0.506850004196167
vt 0.4962406158447266 0
vt 0.4962406158447266 0.506850004196167
vt 0.5037593841552734 0
vt 0.5037593841552734 0.506850004196167
vt 0.5112782120704651 0
vt 0.5112782120704651 0.506850004196167
vt 0.518796980381012 0
vt 0.518796980381012 0.506850004196167
vt 0.5263158082962036 0
vt 0.5263158082962036 0.506850004196167
vt 0.5338345766067505 0
vt 0.5338345766067505 0.506850004196167
vt 0.5413534045219421 0
vt 0.5413534045219421 0.506850004196167
vt 0.548872172832489 0
vt 0.548872172832489 0.506850004196167
vt 0.5563910007476807 0
vt 0.5563910007476807 0.506850004196167
vt 0.5639097690582275 0
vt 0.5639097690582275 0.506850004196167
vt 0.5714285969734192 0
vt 0.5714285969734192 0.506850004196167
vt 0.5789473652839661 0
vt 0.5789473652839661 0.506850004196167
vt 0.5864661931991577 0
vt 0.5864661931991577 0.506850004196167
vt 0.5939849615097046 0
vt 0.5939849615097046 0.506850004196167
vt 0.6015037298202515 0
vt 0.6015037298202515 0.506850004196167
vt 0.6090225577354431 0
vt 0.6090225577354431 0.506850004196167
vt 0.61654132604599 0
vt 0.61654132604599 0.506850004196167
vt 0.6240601539611816 0
vt 0.6240601539611816 0.506850004196167
vt 0.6315789222717285 0
vt 0.6315789222717285 0.506850004196167
vt 0.6390977501869202 0
vt 0.6390977501869202 0.506850004196167
vt 0.646616518497467 0
vt 0.646616518497467 0.506850004196167
vt 0.6541353464126587 0
vt 0.6541353464126587 0.506850004196167
vt 0.6616541147232056 0
vt 0.6616541147232056 0.506850004196167
vt 0.6691729426383972 0
vt 0.6691729426383972 0.506850004196167
vt 0.6766917109489441 0
vt 0.6766917109489441 0.506850004196167
vt 0.6842105388641357 0
vt 0.6842105388641357 0.506850004196167
vt 0.6917293071746826 0
vt 0.6917293071746826 0.506850004196167
vt 0.6992481350898743 0
vt 0.6992481350898743 0.506850004196167
vt 0.7067669034004211 0
vt 0.7067669034004211 0.506850004196167
vt 0.7142857313156128 0
vt 0.7142857313156128 0.506850004196167
vt 0.7218044996261597 0
vt 0.7218044996261597 0.506850004196167
vt 0.7293233275413513 0
vt 0.7293233275413513 0.506850004196167
vt 0.7368420958518982 0
vt 0.7368420958518982 0.506850004196167
vt 0.7443609237670898 0
vt 0.7443609237670898 0.506850004196167
vt 0.7518796920776367 0
vt 0.7518796920776367 0.506850004196167
vt 0.7593985199928284 0
vt 0.7593985199928284 0.506850004196167
vt 0.7669172883033752 0
vt 0.7669172883033752 0.506850004196167
vt 0.7744361162185669 0
vt 0.7744361162185669 0.506850004196167
vt 0.7819548845291138 0
vt 0.7819548845291138 0.506850004196167
vt 0.7894737124443054 0
vt 0.7894737124443054 0.506850004196167
vt 0.7969924807548523 0
vt 0.7969924807548523 0.506850004196167
vt 0.8045112490653992 0
vt 0.8045112490653992 0.506850004196167
vt 0.8120300769805908 0
vt 0.8120300769805908 0.506850004196167
vt 0.8195488452911377 0
vt 0.8195488452911377 0.506850004196167
vt 0.8270676732063293 0
vt 0.8270676732063293 0.506850004196167
vt 0.8345864415168762 0
vt 0.8345864415168762 0.506850004196167
vt 0.8421052694320679 0
vt 0.8421052694320679 0.506850004196167
vt 0.8496240377426147 0
vt 0.8496240377426147 0.506850004196167
vt 0.8571428656578064 0
vt 0.8571428656578064 0.506850004196167
vt 0.8646616339683533 0
vt 0.8646616339683533 0.506850004196167
vt 0.8721804618835449 0
vt 0.8721804618835449 0.506850004196167
vt 0.8796992301940918 0
vt 0.8796992301940918 0.506850004196167
vt 0.8872180581092834 0
vt 0.8872180581092834 0.506850004196167
vt 0.8947368264198303 0
vt 0.8947368264198303 0.506850004196167
vt 0.902255654335022 0
vt 0.902255654335022 0.506850004196167
vt 0.9097744226455688 0
vt 0.9097744226455688 0.506850004196167
vt 0.9172932505607605 0
vt 0.9172932505607605 0.506850004196167
vt 0.9248120188713074 0
vt 0.9248120188713074 0.506850004196167
vt 0.932330846786499 0
vt 0.932330846786499 0.506850004196167
vt 0.9398496150970459 0
vt 0.9398496150970459 0.506850004196167
vt 0.9473684430122375 0
vt 0.9473684430122375 0.506850004196167
vt 0.9548872113227844 0
vt 0.9548872113227844 0.506850004196167
vt 0.9624060392379761 0
vt 0.9624060392379761 0.506850004196167
vt 0.9699248075485229 0
vt 0.9699248075485229 0.506850004196167
vt 0.9774436354637146 0
vt 0.9774436354637146 0.506850004196167
vt 0.9849624037742615 0
vt 0.9849624037742615 0.506850004196167
vt 0.9924812316894531 0
vt 0.9924812316894531 0.506850004196167
vt 1 0
vt 1 0.506850004196167
vt 0.1591586470603943 0.5068504810333252
vt 0.1516419500112534 0.5071256756782532
vt 0.1441420167684555 0.507950484752655
vt 0.1366755962371826 0.5093231201171875
vt 0.1292593479156494 0.5112404823303223
vt 0.1219098120927811 0.513698399066925
vt 0.114643394947052 0.516691267490387
vt 0.1074763089418411 0.5202124714851379
vt 0.10042455047369 0.5242541432380676
vt 0.09350384771823883 0.5288072824478149
vt 0.08672964572906494 0.5338616967201233
vt 0.08011706173419952 0.5394061207771301
vt 0.07368084788322449 0.5454281568527222
vt 0.0674353688955307 0.551914393901825
vt 0.06139456108212471 0.5588504076004028
vt 0.05557190626859665 0.5662206411361694
vt 0.04998039081692696 0.5740086436271667
vt 0.04463249444961548 0.5821971297264099
vt 0.03954015299677849 0.5907677412033081
vt 0.034714724868536 0.5997013449668884
vt 0.030166981741786 0.6089780926704407
vt 0.02590706944465637 0.618577241897583
vt 0.02194449305534363 0.6284773349761963
vt 0.01828809455037117 0.6386563181877136
vt 0.0149460332468152 0.6490914821624756
vt 0.01192576624453068 0.659759521484375
vt 0.009234034456312656 0.6706366539001465
vt 0.006876842584460974 0.6816986203193665
vt 0.004859450738877058 0.6929206848144531
vt 0.003186361165717244 0.7042778134346008
vt 0.001861306489445269 0.7157447338104248
vt 0.0008872438338585198 0.7272958159446716
vt 0.0002663464983925223 0.7389052510261536
vt 0 0.7505471706390381
vt 8.879867527866736e-05 0.7621955275535583
vt 0.0005325443926267326 0.7738244533538818
vt 0.001330246916040778 0.7854079604148865
vt 0.002480126451700926 0.796920120716095
vt 0.003979616798460484 0.8083353638648987
vt 0.005825372412800789 0.819628119468689
vt 0.008013274520635605 0.8307732343673706
vt 0.0105384411290288 0.8417457938194275
vt 0.01339523680508137 0.8525214195251465
vt 0.01657728850841522 0.8630759716033936
vt 0.02007749490439892 0.8733859062194824
vt 0.02388804592192173 0.8834282755851746
vt 0.02800043672323227 0.8931806087493896
vt 0.03240549564361572 0.9026211500167847
vt 0.0370933897793293 0.9117289185523987
vt 0.04205365478992462 0.9204834699630737
vt 0.04727523028850555 0.928865373134613
vt 0.05274646356701851 0.9368558526039124
vt 0.05845514312386513 0.9444370865821838
vt 0.06438852846622467 0.9515922069549561
vt 0.070533387362957 0.9583051800727844
vt 0.07687599956989288 0.9645610451698303
vt 0.08340221643447876 0.9703459143638611
vt 0.09009747952222824 0.9756467938423157
vt 0.0969468429684639 0.9804519414901733
vt 0.1039350256323814 0.984750509262085
vt 0.1110464334487915 0.9885330200195312
vt 0.1182651966810226 0.9917909502983093
vt 0.1255752146244049 0.9945170879364014
vt 0.132960170507431 0.9967053532600403
vt 0.1404035687446594 0.9983508586883545
vt 0.1478888392448425 0.9994498491287231
vt 0.1553992480039597 1
vt 0.1629180461168289 1
vt 0.170428454875946 0.9994498491287231
vt 0.177913710474968 0.9983508586883545
vt 0.1853571236133575 0.9967053532600403
vt 0.1927420794963837 0.9945170879364014
vt 0.2000520825386047 0.9917909502983093
vt 0.2072708606719971 0.9885330200195312
vt 0.2143822610378265 0.984750509262085
vt 0.2213704437017441 0.9804519414901733
vt 0.2282198071479797 0.9756467938423157
vt 0.2349150627851486 0.9703459143638611
vt 0.2414412796497345 0.9645610451698303
vt 0.247783899307251 0.9583051800727844
vt 0.2539287507534027 0.9515922069549561
vt 0.2598621547222137 0.9444370865821838
vt 0.2655708193778992 0.9368558526039124
vt 0.2710420489311218 0.928865373134613
vt 0.2762636244297028 0.9204834699630737
vt 0.2812238931655884 0.9117289185523987
vt 0.2859117984771729 0.9026211500167847
vt 0.2903168499469757 0.8931806087493896
vt 0.2944292426109314 0.8834282755851746
vt 0.2982397973537445 0.8733859062194824
vt 0.3017399907112122 0.8630759716033936
vt 0.3049220442771912 0.8525214195251465
vt 0.3077788352966309 0.8417457938194275
vt 0.3103040158748627 0.8307732343673706
vt 0.3124919235706329 0.819628119468689
vt 0.3143376708030701 0.8083353638648987
vt 0.315837174654007 0.796920120716095
vt 0.3169870376586914 0.7854079604148865
vt 0.3177847564220428 0.7738244533538818
vt 0.3182284832000732 0.7621955275535583
vt 0.3183172941207886 0.7505471706390381
vt 0.3180509507656097 0.7389052510261536
vt 0.3174300491809845 0.7272958159446716
vt 0.3164559900760651 0.7157447338104248
vt 0.3151309192180634 0.7042778134346008
vt 0.3134578466415405 0.6929206848144531
vt 0.3114404380321503 0.6816986203193665
vt 0.3090832531452179 0.6706366539001465
vt 0.3063915073871613 0.659759521484375
vt 0.303371250629425 0.6490914821624756
vt 0.3000291883945465 0.6386563181877136
vt 0.2963728010654449 0.6284773349761963
vt 0.2924102246761322 0.618577241897583
vt 0.2881503105163574 0.6089780926704407
vt 0.2836025655269623 0.5997013449668884
vt 0.2787771224975586 0.5907677412033081
vt 0.2736847996711731 0.5821971297264099
vt 0.2683368921279907 0.5740086436271667
vt 0.2627453804016113 0.5662206411361694
vt 0.256922721862793 0.5588504076004028
vt 0.2508819103240967 0.551914393901825
vt 0.2446364462375641 0.5454281568527222
vt 0.2382002323865891 0.5394061207771301
vt 0.2315876483917236 0.5338616967201233
vt 0.2248134464025497 0.5288072824478149
vt 0.2178927361965179 0.5242541432380676
vt 0.2108409702777863 0.5202124714851379
vt 0.2036738842725754 0.516691267490387
vt 0.1964074671268463 0.513698399066925
vt 0.1890579462051392 0.5112404823303223
vt 0.1816416829824448 0.5093231201171875
vt 0.1741752624511719 0.507950484752655
vt 0.1666753441095352 0.5071256756782532
vt 0.1591586470603943 1
vt 0.1516419500112534 0.9997248649597168
vt 0.1441420167684555 0.9989000558853149
vt 0.1366755962371826 0.9975274205207825
vt 0.1292593479156494 0.9956099987030029
vt 0.1219098120927811 0.9931521415710449
vt 0.114643394947052 0.990159273147583
vt 0.1074763089418411 0.9866380095481873
vt 0.10042455047369 0.9825963377952576
vt 0.09350384771823883 0.978043258190155
vt 0.08672964572906494 0.9729888439178467
vt 0.08011706173419952 0.9674444198608398
vt 0.07368084788322449 0.9614223837852478
vt 0.0674353688955307 0.9549360871315002
vt 0.06139456108212471 0.9480001330375671
vt 0.05557190626859665 0.9406298995018005
vt 0.04998039081692696 0.9328418374061584
vt 0.04463249444961548 0.9246534109115601
vt 0.03954015299677849 0.9160827994346619
vt 0.034714724868536 0.9071491360664368
vt 0.030166981741786 0.8978723883628845
vt 0.02590706944465637 0.888273298740387
vt 0.02194449305534363 0.8783731460571289
vt 0.01828809455037117 0.8681941628456116
vt 0.0149460332468152 0.8577589988708496
vt 0.01192576624453068 0.8470909595489502
vt 0.009234034456312656 0.8362138271331787
vt 0.006876842584460974 0.8251518607139587
vt 0.004859450738877058 0.8139297962188721
vt 0.003186361165717244 0.8025726675987244
vt 0.001861306489445269 0.7911057472229004
vt 0.0008872438338585198 0.7795547246932983
vt 0.0002663464983925223 0.7679452896118164
vt 0 0.7563033699989319
vt 8.879867527866736e-05 0.7446549534797668
vt 0.0005325443926267326 0.7330260276794434
vt 0.001330246916040778 0.7214425802230835
vt 0.002480126451700926 0.7099303603172302
vt 0.003979616798460484 0.6985151767730713
vt 0.005825372412800789 0.687222421169281
vt 0.008013274520635605 0.6760773062705994
vt 0.0105384411290288 0.6651046872138977
vt 0.01339523680508137 0.6543291211128235
vt 0.01657728850841522 0.6437745690345764
vt 0.02007749490439892 0.6334645748138428
vt 0.02388804592192173 0.6234222650527954
vt 0.02800043672323227 0.6136698722839355
vt 0.03240549564361572 0.6042293310165405
vt 0.0370933897793293 0.5951216220855713
vt 0.04205365478992462 0.5863670110702515
vt 0.04727523028850555 0.5779851675033569
vt 0.05274646356701851 0.5699946880340576
vt 0.05845514312386513 0.5624134540557861
vt 0.06438852846622467 0.5552583336830139
vt 0.070533387362957 0.5485453605651855
vt 0.07687599956989288 0.5422894358634949
vt 0.08340221643447876 0.5365045666694641
vt 0.09009747952222824 0.5312036871910095
vt 0.0969468429684639 0.5263985991477966
vt 0.1039350256323814 0.5220999717712402
vt 0.1110464334487915 0.5183175206184387
vt 0.1182651966810226 0.5150595307350159
vt 0.1255752146244049 0.5123333930969238
vt 0.132960170507431 0.5101451277732849
vt 0.1404035687446594 0.5084996819496155
vt 0.1478888392448425 0.5074006319046021
vt 0.1553992480039597 0.5068504810333252
vt 0.1629180461168289 0.5068504810333252
vt 0.170428454875946 0.5074006319046021
vt 0.177913710474968 0.5084996819496155
vt 0.1853571236133575 0.5101451277732849
vt 0.1927420794963837 0.5123333930969238
vt 0.2000520825386047 0.5150595307350159
vt 0.2072708606719971 0.5183175206184387
vt 0.2143822610378265 0.5220999717712402
vt 0.2213704437017441 0.5263985991477966
vt 0.2282198071479797 0.5312036871910095
vt 0.2349150627851486 0.5365045666694641
vt 0.2414412796497345 0.5422894358634949
vt 0.247783899307251 0.5485453605651855
vt 0.2539287507534027 0.5552583336830139
vt 0.2598621547222137 0.5624134540557861
vt 0.2655708193778992 0.5699946880340576
vt 0.2710420489311218 0.5779851675033569
vt 0.2762636244297028 0.5863670110702515
vt 0.2812238931655884 0.5951216220855713
vt 0.2859117984771729 0.6042293310165405
vt 0.2903168499469757 0.6136698722839355
vt 0.2944292426109314 0.6234222650527954
vt 0.2982397973537445 0.6334645748138428
vt 0.3017399907112122 0.6437745690345764
vt 0.3049220442771912 0.6543291211128235
vt 0.3077788352966309 0.6651046872138977
vt 0.3103040158748627 0.6760773062705994
vt 0.3124919235706329 0.687222421169281
vt 0.3143376708030701 0.6985151767730713
vt 0.315837174654007 0.7099303603172302
vt 0.3169870376586914 0.7214425802230835
vt 0.3177847564220428 0.7330260276794434
vt 0.3182284832000732 0.7446549534797668
vt 0.3183172941207886 0.7563033699989319
vt 0.3180509507656097 0.7679452896118164
vt 0.3174300491809845 0.7795547246932983
vt 0.3164559900760651 0.7911057472229004
vt 0.3151309192180634 0.8025726675987244
vt 0.3134578466415405 0.8139297962188721
vt 0.3114404380321503 0.8251518607139587
vt 0.3090832531452179 0.8362138271331787
vt 0.3063915073871613 0.8470909595489502
vt 0.303371250629425 0.8577589988708496
vt 0.3000291883945465 0.8681941628456116
vt 0.2963728010654449 0.8783731460571289
vt 0.2924102246761322 0.888273298740387
vt 0.2881503105163574 0.8978723883628845
vt 0.2836025655269623 0.9071491360664368
vt 0.2787771224975586 0.9160827994346619
vt 0.2736847996711731 0.9246534109115601
vt 0.2683368921279907 0.9328418374061584
vt 0.2627453804016113 0.9406298995018005
vt 0.256922721862793 0.9480001330375671
vt 0.2508819103240967 0.9549360871315002
vt 0.2446364462375641 0.9614223837852478
vt 0.2382002323865891 0.9674444198608398
vt 0.2315876483917236 0.9729888439178467
vt 0.2248134464025497 0.978043258190155
vt 0.2178927361965179 0.9825963377952576
vt 0.2108409702777863 0.9866380095481873
vt 0.2036738842725754 0.990159273147583
vt 0.1964074671268463 0.9931521415710449
vt 0.1890579462051392 0.9956099987030029
vt 0.1816416829824448 0.9975274205207825
vt 0.1741752624511719 0.9989000558853149
vt 0.1666753441095352 0.9997248649597168
vn 0 -1 0
vn 0 -1 0
vn 0.04722442477941513 -0.9988843202590942 0
vn 0.04722442477941513 -0.9988843202590942 0
vn 0.09434347599744797 -0.9955397248268127 0
vn 0.09434347599744797 -0.9955397248268127 0
vn 0.1412519961595535 -0.9899736642837524 0
vn 0.1412519961595535 -0.9899736642837524 0
vn 0.1878453493118286 -0.9821985960006714 0
vn 0.1878453493118286 -0.9821985960006714 0
vn 0.2340195327997208 -0.972231924533844 0
vn 0.2340195327997208 -0.972231924533844 0
vn 0.2796715199947357 -0.9600957632064819 0
vn 0.2796715199947357 -0.9600957632064819 0
vn 0.3246994614601135 -0.945817232131958 0
vn 0.3246994614601135 -0.945817232131958 0
vn 0.3690028786659241 -0.9294282793998718 0
vn 0.3690028786659241 -0.9294282793998718 0
vn 0.412482887506485 -0.9109653234481812 0
vn 0.412482887506485 -0.9109653234481812 0
vn 0.4550425112247467 -0.8904697299003601 0
vn 0.4550425112247467 -0.8904697299003601 0
vn 0.4965867400169373 -0.8679870963096619 0
vn 0.4965867400169373 -0.8679870963096619 0
vn 0.5370228886604309 -0.8435676693916321 0
vn 0.5370228886604309 -0.8435676693916321 0
vn 0.5762607455253601 -0.8172659277915955 0
vn 0.5762607455253601 -0.8172659277915955 0
vn 0.614212691783905 -0.789140522480011 0
vn 0.614212691783905 -0.789140522480011 0
vn 0.6507941484451294 -0.7592542171478271 0
vn 0.6507941484451294 -0.7592542171478271 0
vn 0.6859233975410461 -0.7276737689971924 0
vn 0.6859233975410461 -0.7276737689971924 0
vn 0.7195221185684204 -0.6944695711135864 0
vn 0.7195221185684204 -0.6944695711135864 0
vn 0.75151526927948 -0.6597157120704651 0
vn 0.75151526927948 -0.6597157120704651 0
vn 0.7818315029144287 -0.6234897971153259 0
vn 0.7818315029144287 -0.6234897971153259 0
vn 0.8104031682014465 -0.5858726501464844 0
vn 0.8104031682014465 -0.5858726501464844 0
vn 0.8371664881706238 -0.5469481348991394 0
vn 0.8371664881706238 -0.5469481348991394 0
vn 0.8620617389678955 -0.5068032145500183 0
vn 0.8620617389678955 -0.5068032145500183 0
vn 0.8850334882736206 -0.4655274152755737 0
vn 0.8850334882736206 -0.4655274152755737 0
vn 0.9060302972793579 -0.4232128262519836 0
vn 0.9060302972793579 -0.4232128262519836 0
vn 0.9250054359436035 -0.3799538910388947 0
vn 0.9250054359436035 -0.3799538910388947 0
vn 0.9419165253639221 -0.3358471393585205 0
vn 0.9419165253639221 -0.3358471393585205 0
vn 0.9567257761955261 -0.2909909784793854 0
vn 0.9567257761955261 -0.2909909784793854 0
vn 0.9694002866744995 -0.2454854846000671 0
vn 0.9694002866744995 -0.2454854846000671 0
vn 0.9799116253852844 -0.1994322240352631 0
vn 0.9799116253852844 -0.1994322240352631 0
vn 0.9882364273071289 -0.1529339700937271 0
vn 0.9882364273071289 -0.1529339700937271 0
vn 0.9943560361862183 -0.1060944423079491 0
vn 0.9943560361862183 -0.1060944423079491 0
vn 0.9982569217681885 -0.05901817977428436 0
vn 0.9982569217681885 -0.05901817977428436 0
vn 0.9999302625656128 -0.01181022450327873 0
vn 0.9999302625656128 -0.01181022450327873 0
vn 0.9993723630905151 0.03542408347129822 0
vn 0.9993723630905151 0.03542408347129822 0
vn 0.9965844750404358 0.0825793445110321 0
vn 0.9965844750404358 0.0825793445110321 0
vn 0.9915728569030762 0.1295503377914429 0
vn 0.9915728569030762 0.1295503377914429 0
vn 0.9843485951423645 0.1762322634458542 0
vn 0.9843485951423645 0.1762322634458542 0
vn 0.9749279022216797 0.2225209325551987 0
vn 0.9749279022216797 0.2225209325551987 0
vn 0.9633317589759827 0.268313080072403 0
vn 0.9633317589759827 0.268313080072403 0
vn 0.949586033821106 0.3135065138339996 0
vn 0.949586033821106 0.3135065138339996 0
vn 0.9337214231491089 0.3580003976821899 0
vn 0.9337214231491089 0.3580003976821899 0
vn 0.915773332118988 0.4016954302787781 0
vn 0.915773332118988 0.4016954302787781 0
vn 0.8957817554473877 0.4444941282272339 0
vn 0.8957817554473877 0.4444941282272339 0
vn 0.8737913966178894 0.4863009750843048 0
vn 0.8737913966178894 0.4863009750843048 0
vn 0.8498511910438538 0.5270227193832397 0
vn 0.8498511910438538 0.5270227193832397 0
vn 0.8240146636962891 0.5665684342384338 0
vn 0.8240146636962891 0.5665684342384338 0
vn 0.7963394522666931 0.6048499345779419 0
vn 0.7963394522666931 0.6048499345779419 0
vn 0.7668873071670532 0.6417818069458008 0
vn 0.7668873071670532 0.6417818069458008 0
vn 0.7357239127159119 0.6772815585136414 0
vn 0.7357239127159119 0.6772815585136414 0
vn 0.7029188275337219 0.7112700939178467 0
vn 0.7029188275337219 0.7112700939178467 0
vn 0.6685452461242676 0.7436714172363281 0
vn 0.6685452461242676 0.7436714172363281 0
vn 0.6326799392700195 0.7744134068489075 0
vn 0.6326799392700195 0.7744134068489075 0
vn 0.5954028367996216 0.8034273386001587 0
vn 0.5954028367996216 0.8034273386001587 0
vn 0.5567971467971802 0.8306484818458557 0
vn 0.5567971467971802 0.8306484818458557 0
vn 0.5169489979743958 0.8560161590576172 0
vn 0.5169489979743958 0.8560161590576172 0
vn 0.475947380065918 0.8794737458229065 0
vn 0.475947380065918 0.8794737458229065 0
vn 0.4338837265968323 0.9009688496589661 0
vn 0.4338837265968323 0.9009688496589661 0
vn 0.3908519148826599 0.9204535484313965 0
vn 0.3908519148826599 0.9204535484313965 0
vn 0.346947968006134 0.9378843903541565 0
vn 0.346947968006134 0.9378843903541565 0
vn 0.3022698163986206 0.953222393989563 0
vn 0.3022698163986206 0.953222393989563 0
vn 0.2569172084331512 0.9664334058761597 0
vn 0.2569172084331512 0.9664334058761597 0
vn 0.2109912931919098 0.9774879217147827 0
vn 0.2109912931919098 0.9774879217147827 0
vn 0.1645945906639099 0.9863613247871399 0
vn 0.1645945906639099 0.9863613247871399 0
vn 0.1178306117653847 0.9930337071418762 0
vn 0.1178306117653847 0.9930337071418762 0
vn 0.07080370187759399 0.9974902868270874 0
vn 0.07080370187759399 0.9974902868270874 0
vn 0.0236188005656004 0.9997210502624512 0
vn 0.0236188005656004 0.9997210502624512 0
vn -0.0236188005656004 0.9997210502624512 0
vn -0.0236188005656004 0.9997210502624512 0
vn -0.07080370187759399 0.9974902868270874 0
vn -0.07080370187759399 0.9974902868270874 0
vn -0.1178306117653847 0.9930337071418762 0
vn -0.1178306117653847 0.9930337071418762 0
vn -0.1645945906639099 0.9863613247871399 0
vn -0.1645945906639099 0.9863613247871399 0
vn -0.2109912931919098 0.9774879217147827 0
vn -0.2109912931919098 0.9774879217147827 0
vn -0.2569172084331512 0.9664334058761597 0
vn -0.2569172084331512 0.9664334058761597 0
vn -0.3022698163986206 0.953222393989563 0
vn -0.3022698163986206 0.953222393989563 0
vn -0.346947968006134 0.9378843903541565 0
vn -0.346947968006134 0.9378843903541565 0
vn -0.3908519148826599 0.9204535484313965 0
vn -0.3908519148826599 0.9204535484313965 0
vn -0.4338837265968323 0.9009688496589661 0
vn -0.4338837265968323 0.9009688496589661 0
vn -0.475947380065918 0.8794737458229065 0
vn -0.475947380065918 0.8794737458229065 0
vn -0.5169489979743958 0.8560161590576172 0
vn -0.5169489979743958 0.8560161590576172 0
vn -0.5567971467971802 0.8306484818458557 0
vn -0.5567971467971802 0.8306484818458557 0
vn -0.5954028367996216 0.8034273386001587 0
vn -0.5954028367996216 0.8034273386001587 0
vn -0.6326799392700195 0.7744134068489075 0
vn -0.6326799392700195 0.7744134068489075 0
vn -0.6685452461242676 0.7436714172363281 0
vn -0.6685452461242676 0.7436714172363281 0
vn -0.7029188275337219 0.7112700939178467 0
vn -0.7029188275337219 0.7112700939178467 0
vn -0.7357239127159119 0.6772815585136414 0
vn -0.7357239127159119 0.6772815585136414 0
vn -0.7668873071670532 0.6417818069458008 0
vn -0.7668873071670532 0.6417818069458008 0
vn -0.7963394522666931 0.6048499345779419 0
vn -0.7963394522666931 0.6048499345779419 0
vn -0.8240146636962891 0.5665684342384338 0
vn -0.8240146636962891 0.5665684342384338 0
vn -0.8498511910438538 0.5270227193832397 0
vn -0.8498511910438538 0.5270227193832397 0
vn -0.8737913966178894 0.4863009750843048 0
vn -0.8737913966178894 0.4863009750843048 0
vn -0.8957817554473877 0.4444941282272339 0
vn -0.8957817554473877 0.4444941282272339 0
vn -0.915773332118988 0.4016954302787781 0
vn -0.915773332118988 0.4016954302787781 0
vn -0.9337214231491089 0.3580003976821899 0
vn -0.9337214231491089 0.3580003976821899 0
vn -0.949586033821106 0.3135065138339996 0
vn -0.949586033821106 0.3135065138339996 0
vn -0.9633317589759827 0.268313080072403 0
vn -0.9633317589759827 0.268313080072403 0
vn -0.9749279022216797 0.2225209325551987 0
vn -0.9749279022216797 0.2225209325551987 0
vn -0.9843485951423645 0.1762322634458542 0
vn -0.9843485951423645 0.1762322634458542 0
vn -0.9915728569030762 0.1295503377914429 0
vn -0.9915728569030762 0.1295503377914429 0
vn -0.9965844750404358 0.0825793445110321 0
vn -0.9965844750404358 0.0825793445110321 0
vn -0.9993723630905151 0.03542408347129822 0
vn -0.9993723630905151 0.03542408347129822 0
vn -0.9999302625656128 -0.01181022450327873 0
vn -0.9999302625656128 -0.01181022450327873 0
vn -0.9982569217681885 -0.05901817977428436 0
vn -0.9982569217681885 -0.05901817977428436 0
vn -0.9943560361862183 -0.1060944423079491 0
vn -0.9943560361862183 -0.1060944423079491 0
vn -0.9882364273071289 -0.1529339700937271 0
vn -0.9882364273071289 -0.1529339700937271 0
vn -0.9799116253852844 -0.1994322240352631 0
vn -0.9799116253852844 -0.1994322240352631 0
vn -0.9694002866744995 -0.2454854846000671 0
vn -0.9694002866744995 -0.2454854846000671 0
vn -0.9567257761955261 -0.2909909784793854 0
vn -0.9567257761955261 -0.2909909784793854 0
vn -0.9419165253639221 -0.3358471393585205 0
vn -0.9419165253639221 -0.3358471393585205 0
vn -0.9250054359436035 -0.3799538910388947 0
vn -0.9250054359436035 -0.3799538910388947 0
vn -0.9060302972793579 -0.4232128262519836 0
vn -0.9060302972793579 -0.4232128262519836 0
vn -0.8850334882736206 -0.4655274152755737 0
vn -0.8850334882736206 -0.4655274152755737 0
vn -0.8620617389678955 -0.5068032145500183 0
vn -0.8620617389678955 -0.5068032145500183 0
vn -0.8371664881706238 -0.5469481348991394 0
vn -0.8371664881706238 -0.5469481348991394 0
vn -0.8104031682014465 -0.5858726501464844 0
vn -0.8104031682014465 -0.5858726501464844 0
vn -0.7818315029144287 -0.6234897971153259 0
vn -0.7818315029144287 -0.6234897971153259 0
vn -0.75151526927948 -0.6597157120704651 0
vn -0.75151526927948 -0.6597157120704651 0
vn -0.7195221185684204 -0.6944695711135864 0
vn -0.7195221185684204 -0.6944695711135864 0
vn -0.6859233975410461 -0.7276737689971924 0
vn -0.6859233975410461 -0.7276737689971924 0
vn -0.6507941484451294 -0.7592542171478271 0
vn -0.6507941484451294 -0.7592542171478271 0
vn -0.614212691783905 -0.789140522480011 0
vn -0.614212691783905 -0.789140522480011 0
vn -0.5762607455253601 -0.8172659277915955 0
vn -0.5762607455253601 -0.8172659277915955 0
vn -0.5370228886604309 -0.8435676693916321 0
vn -0.5370228886604309 -0.8435676693916321 0
vn -0.4965867400169373 -0.8679870963096619 0
vn -0.4965867400169373 -0.8679870963096619 0
vn -0.4550425112247467 -0.8904697299003601 0
vn -0.4550425112247467 -0.8904697299003601 0
vn -0.412482887506485 -0.9109653234481812 0
vn -0.412482887506485 -0.9109653234481812 0
vn -0.3690028786659241 -0.9294282793998718 0
vn -0.3690028786659241 -0.9294282793998718 0
vn -0.3246994614601135 -0.945817232131958 0
vn -0.3246994614601135 -0.945817232131958 0
vn -0.2796715199947357 -0.9600957632064819 0
vn -0.2796715199947357 -0.9600957632064819 0
vn -0.2340195327997208 -0.972231924533844 0
vn -0.2340195327997208 -0.972231924533844 0
vn -0.1878453493118286 -0.9821985960006714 0
vn -0.1878453493118286 -0.9821985960006714 0
vn -0.1412519961595535 -0.9899736642837524 0
vn -0.1412519961595535 -0.9899736642837524 0
vn -0.09434347599744797 -0.9955397248268127 0
vn -0.09434347599744797 -0.9955397248268127 0
vn -0.04722442477941513 -0.9988843202590942 0
vn -0.04722442477941513 -0.9988843202590942 0
vn 0 -1 0
vn 0 -1 0
vn 0 0 -1
vn 0 0 -1
vn 0 0 -1
vn 0 0 -1
vn 0 0 -1
vn 0 0 -1
vn 0 0 -1
vn 0 0 -1
vn 0 0 -1
vn 0 0 -1
vn 0 0 -1
vn 0 0 -1
vn 0 0 -1
vn 0 0 -1
vn 0 0 -1
vn 0 0 -1
vn 0 0 -1
vn 0 0 -1
vn 0 0 -1
vn 0 0 -1
vn 0 0 -1
vn 0 0 -1
vn 0 0 -1
vn 0 0 -1
vn 0 0 -1
vn 0 0 -1
vn 0 0 -1
vn 0 0 -1
vn 0 0 -1
vn 0 0 -1
vn 0 0 -1
vn 0 0 -1
vn 0 0 -1
vn 0 0 -1
vn 0 0 -1
vn 0 0 -1
vn 0 0 -1
vn 0 0 -1
vn 0 0 -1
vn 0 0 -1
vn 0 0 -1
vn 0 0 -1
vn 0 0 -1
vn 0 0 -1
vn 0 0 -1
vn 0 0 -1
vn 0 0 -1
vn 0 0 -1
vn 0 0 -1
vn 0 0 -1
vn 0 0 -1
vn 0 0 -1
vn 0 0 -1
vn 0 0 -1
vn 0 0 -1
vn 0 0 -1
vn 0 0 -1
vn 0 0 -1
vn 0 0 -1
vn 0 0 -1
vn 0 0 -1
vn 0 0 -1
vn 0 0 -1
vn 0 0 -1
vn 0 0 -1
vn 0 0 -1
vn 0 0 -1
vn 0 0 -1
vn 0 0 -1
vn 0 0 -1
vn 0 0 -1
vn 0 0 -1
vn 0 0 -1
vn 0 0 -1
vn 0 0 -1
vn 0 0 -1
vn 0 0 -1
vn 0 0 -1
vn 0 0 -1
vn 0 0 -1
vn 0 0 -1
vn 0 0 -1
vn 0 0 -1
vn 0 0 -1
vn 0 0 -1
vn 0 0 -1
vn 0 0 -1
vn 0 0 -1
vn 0 0 -1
vn 0 0 -1
vn 0 0 -1
vn 0 0 -1
vn 0 0 -1
vn 0 0 -1
vn 0 0 -1
vn 0 0 -1
vn 0 0 -1
vn 0 0 -1
vn 0 0 -1
vn 0 0 -1
vn 0 0 -1
vn 0 0 -1
vn 0 0 -1
vn 0 0 -1
vn 0 0 -1
vn 0 0 -1
vn 0 0 -1
vn 0 0 -1
vn 0 0 -1
vn 0 0 -1
vn 0 0 -1
vn 0 0 -1
vn 0 0 -1
vn 0 0 -1
vn 0 0 -1
vn 0 0 -1
vn 0 0 -1
vn 0 0 -1
vn 0 0 -1
vn 0 0 -1
vn 0 0 -1
vn 0 0 -1
vn 0 0 -1
vn 0 0 -1
vn 0 0 -1
vn 0 0 -1
vn 0 0 -1
vn 0 0 -1
vn 0 0 -1
vn 0 0 -1
vn 0 0 -1
vn 0 0 -1
vn 0 0 -1
vn 0 0 1
vn 0 0 1
vn 0 0 1
vn 0 0 1
vn 0 0 1
vn 0 0 1
vn 0 0 1
vn 0 0 1
vn 0 0 1
vn 0 0 1
vn 0 0 1
vn 0 0 1
vn 0 0 1
vn 0 0 1
vn 0 0 1
vn 0 0 1
vn 0 0 1
vn 0 0 1
vn 0 0 1
vn 0 0 1
vn 0 0 1
vn 0 0 1
vn 0 0 1
vn 0 0 1
vn 0 0 1
vn 0 0 1
vn 0 0 1
vn 0 0 1
vn 0 0 1
vn 0 0 1
vn 0 0 1
vn 0 0 1
vn 0 0 1
vn 0 0 1
vn 0 0 1
vn 0 0 1
vn 0 0 1
vn 0 0 1
vn 0 0 1
vn 0 0 1
vn 0 0 1
vn 0 0 1
vn 0 0 1
vn 0 0 1
vn 0 0 1
vn 0 0 1
vn 0 0 1
vn 0 0 1
vn 0 0 1
vn 0 0 1
vn 0 0 1
vn 0 0 1
vn 0 0 1
vn 0 0 1
vn 0 0 1
vn 0 0 1
vn 0 0 1
vn 0 0 1
vn 0 0 1
vn 0 0 1
vn 0 0 1
vn 0 0 1
vn 0 0 1
vn 0 0 1
vn 0 0 1
vn 0 0 1
vn 0 0 1
vn 0 0 1
vn 0 0 1
vn 0 0 1
vn 0 0 1
vn 0 0 1
vn 0 0 1
vn 0 0 1
vn 0 0 1
vn 0 0 1
vn 0 0 1
vn 0 0 1
vn 0 0 1
vn 0 0 1
vn 0 0 1
vn 0 0 1
vn 0 0 1
vn 0 0 1
vn 0 0 1
vn 0 0 1
vn 0 0 1
vn 0 0 1
vn 0 0 1
vn 0 0 1
vn 0 0 1
vn 0 0 1
vn 0 0 1
vn 0 0 1
vn 0 0 1
vn 0 0 1
vn 0 0 1
vn 0 0 1
vn 0 0 1
vn 0 0 1
vn 0 0 1
vn 0 0 1
vn 0 0 1
vn 0 0 1
vn 0 0 1
vn 0 0 1
vn 0 0 1
vn 0 0 1
vn 0 0 1
vn 0 0 1
vn 0 0 1
vn 0 0 1
vn 0 0 1
vn 0 0 1
vn 0 0 1
vn 0 0 1
vn 0 0 1
vn 0 0 1
vn 0 0 1
vn 0 0 1
vn 0 0 1
vn 0 0 1
vn 0 0 1
vn 0 0 1
vn 0 0 1
vn 0 0 1
vn 0 0 1
vn 0 0 1
vn 0 0 1
vn 0 0 1
vn 0 0 1
vn 0 0 1
vn 0 0 1
f 2057/2057/2057 2059/2059/2059 2060/2060/2060 2058/2058/2058
f 2059/2059/2059 2061/2061/2061 2062/2062/2062 2060/2060/2060
f 2061/2061/2061 2063/2063/2063 2064/2064/2064 2062/2062/2062
f 2063/2063/2063 2065/2065/2065 2066/2066/2066 2064/2064/2064
f 2065/2065/2065 2067/2067/2067 2068/2068/2068 2066/2066/2066
f 2067/2067/2067 2069/2069/2069 2070/2070/2070 2068/2068/2068
f 2069/2069/2069 2071/2071/2071 2072/2072/2072 2070/2070/2070
f 2071/2071/2071 2073/2073/2073 2074/2074/2074 2072/2072/2072
f 2073/2073/2073 2075/2075/2075 2076/2076/2076 2074/2074/2074
f 2075/2075/2075 2077/2077/2077 2078/2078/2078 2076/2076/2076
f 2077/2077/2077 2079/2079/2079 2080/2080/2080 2078/2078/2078
f 2079/2079/2079 2081/2081/2081 2082/2082/2082 2080/2080/2080
f 2081/2081/2081 2083/2083/2083 2084/2084/2084 2082/2082/2082
f 2083/2083/2083 2085/2085/2085 2086/2086/2086 2084/2084/2084
f 2085/2085/2085 2087/2087/2087 2088/2088/2088 2086/2086/2086
f 2087/2087/2087 2089/2089/2089 2090/2090/2090 2088/2088/2088
f 2089/2089/2089 2091/2091/2091 2092/2092/2092 2090/2090/2090
f 2091/2091/2091 2093/2093/2093 2094/2094/2094 2092/2092/2092
f 2093/2093/2093 2095/2095/2095 2096/2096/2096 2094/2094/2094
f 2095/2095/2095 2097/2097/2097 2098/2098/2098 2096/2096/2096
f 2097/2097/2097 2099/2099/2099 2100/2100/2100 2098/2098/2098
f 2099/2099/2099 2101/2101/2101 2102/2102/2102 2100/2100/2100
f 2101/2101/2101 2103/2103/2103 2104/2104/2104 2102/2102/2102
f 2103/2103/2103 2105/2105/2105 2106/2106/2106 2104/2104/2104
f 2105/2105/2105 2107/2107/2107 2108/2108/2108 2106/2106/2106
f 2107/2107/2107 2109/2109/2109 2110/2110/2110 2108/2108/2108
f 2109/2109/2109 2111/2111/2111 2112/2112/2112 2110/2110/2110
f 2111/2111/2111 2113/2113/2113 2114/2114/2114 2112/2112/2112
f 2113/2113/2113 2115/2115/2115 2116/2116/2116 2114/2114/2114
f 2115/2115/2115 2117/2117/2117 2118/2118/2118 2116/2116/2116
f 2117/2117/2117 2119/2119/2119 2120/2120/2120 2118/2118/2118
f 2119/2119/2119 2121/2121/2121 2122/2122/2122 2120/2120/2120
f 2121/2121/2121 2123/2123/2123 2124/2124/2124 2122/2122/2122
f 2123/2123/2123 2125/2125/2125 2126/2126/2126 2124/2124/2124
f 2125/2125/2125 2127/2127/2127 2128/2128/2128 2126/2126/2126
f 2127/2127/2127 2129/2129/2129 2130/2130/2130 2128/2128/2128
f 2129/2129/2129 2131/2131/2131 2132/2132/2132 2130/2130/2130
f 2131/2131/2131 2133/2133/2133 2134/2134/2134 2132/2132/2132
f 2133/2133/2133 2135/2135/2135 2136/2136/2136 2134/2134/2134
f 2135/2135/2135 2137/2137/2137 2138/2138/2138 2136/2136/2136
f 2137/2137/2137 2139/2139/2139 2140/2140/2140 2138/2138/2138
f 2139/2139/2139 2141/2141/2141 2142/2142/2142 2140/2140/2140
f 2141/2141/2141 2143/2143/2143 2144/2144/2144 2142/2142/2142
f 2143/2143/2143 2145/2145/2145 2146/2146/2146 2144/2144/2144
f 2145/2145/2145 2147/2147/2147 2148/2148/2148 2146/2146/2146
f 2147/2147/2147 2149/2149/2149 2150/2150/2150 2148/2148/2148
f 2149/2149/2149 2151/2151/2151 2152/2152/2152 2150/2150/2150
f 2151/2151/2151 2153/2153/2153 2154/2154/2154 2152/2152/2152
f 2153/2153/2153 2155/2155/2155 2156/2156/2156 2154/2154/2154
f 2155/2155/2155 2157/2157/2157 2158/2158/2158 2156/2156/2156
f 2157/2157/2157 2159/2159/2159 2160/2160/2160 2158/2158/2158
f 2159/2159/2159 2161/2161/2161 2162/2162/2162 2160/2160/2160
f 2161/2161/2161 2163/2163/2163 2164/2164/2164 2162/2162/2162
f 2163/2163/2163 2165/2165/2165 2166/2166/2166 2164/2164/2164
f 2165/2165/2165 2167/2167/2167 2168/2168/2168 2166/2166/2166
f 2167/2167/2167 2169/2169/2169 2170/2170/2170 2168/2168/2168
f 2169/2169/2169 2171/2171/2171 2172/2172/2172 2170/2170/2170
f 2171/2171/2171 2173/2173/2173 2174/2174/2174 2172/2172/2172
f 2173/2173/2173 2175/2175/2175 2176/2176/2176 2174/2174/2174
f 2175/2175/2175 2177/2177/2177 2178/2178/2178 2176/2176/2176
f 2177/2177/2177 2179/2179/2179 2180/2180/2180 2178/2178/2178
f 2179/2179/2179 2181/2181/2181 2182/2182/2182 2180/2180/2180
f 2181/2181/2181 2183/2183/2183 2184/2184/2184 2182/2182/2182
f 2183/2183/2183 2185/2185/2185 2186/2186/2186 2184/2184/2184
f 2185/2185/2185 2187/2187/2187 2188/2188/2188 2186/2186/2186
f 2187/2187/2187 2189/2189/2189 2190/2190/2190 2188/2188/2188
f 2189/2189/2189 2191/2191/2191 2192/2192/2192 2190/2190/2190
f 2191/2191/2191 2193/2193/2193 2194/2194/2194 2192/2192/2192
f 2193/2193/2193 2195/2195/2195 2196/2196/2196 2194/2194/2194
f 2195/2195/2195 2197/2197/2197 2198/2198/2198 2196/2196/2196
f 2197/2197/2197 2199/2199/2199 2200/2200/2200 2198/2198/2198
f 2199/2199/2199 2201/2201/2201 2202/2202/2202 2200/2200/2200
f 2201/2201/2201 2203/2203/2203 2204/2204/2204 2202/2202/2202
f 2203/2203/2203 2205/2205/2205 2206/2206/2206 2204/2204/2204
f 2205/2205/2205 2207/2207/2207 2208/2208/2208 2206/2206/2206
f 2207/2207/2207 2209/2209/2209 2210/2210/2210 2208/2208/2208
f 2209/2209/2209 2211/2211/2211 2212/2212/2212 2210/2210/2210
f 2211/2211/2211 2213/2213/2213 2214/2214/2214 2212/2212/2212
f 2213/2213/2213 2215/2215/2215 2216/2216/2216 2214/2214/2214
f 2215/2215/2215 2217/2217/2217 2218/2218/2218 2216/2216/2216
f 2217/2217/2217 2219/2219/2219 2220/2220/2220 2218/2218/2218
f 2219/2219/2219 2221/2221/2221 2222/2222/2222 2220/2220/2220
f 2221/2221/2221 2223/2223/2223 2224/2224/2224 2222/2222/2222
f 2223/2223/2223 2225/2225/2225 2226/2226/2226 2224/2224/2224
f 2225/2225/2225 2227/2227/2227 2228/2228/2228 2226/2226/2226
f 2227/2227/2227 2229/2229/2229 2230/2230/2230 2228/2228/2228
f 2229/2229/2229 2231/2231/2231 2232/2232/2232 2230/2230/2230
f 2231/2231/2231 2233/2233/2233 2234/2234/2234 2232/2232/2232
f 2233/2233/2233 2235/2235/2235 2236/2236/2236 2234/2234/2234
f 2235/2235/2235 2237/2237/2237 2238/2238/2238 2236/2236/2236
f 2237/2237/2237 2239/2239/2239 2240/2240/2240 2238/2238/2238
f 2239/2239/2239 2241/2241/2241 2242/2242/2242 2240/2240/2240
f 2241/2241/2241 2243/2243/2243 2244/2244/2244 2242/2242/2242
f 2243/2243/2243 2245/2245/2245 2246/2246/2246 2244/2244/2244
f 2245/2245/2245 2247/2247/2247 2248/2248/2248 2246/2246/2246
f 2247/2247/2247 2249/2249/2249 2250/2250/2250 2248/2248/2248
f 2249/2249/2249 2251/2251/2251 2252/2252/2252 2250/2250/2250
f 2251/2251/2251 2253/2253/2253 2254/2254/2254 2252/2252/2252
f 2253/2253/2253 2255/2255/2255 2256/2256/2256 2254/2254/2254
f 2255/2255/2255 2257/2257/2257 2258/2258/2258 2256/2256/2256
f 2257/2257/2257 2259/2259/2259 2260/2260/2260 2258/2258/2258
f 2259/2259/2259 2261/2261/2261 2262/2262/2262 2260/2260/2260
f 2261/2261/2261 2263/2263/2263 2264/2264/2264 2262/2262/2262
f 2263/2263/2263 2265/2265/2265 2266/2266/2266 2264/2264/2264
f 2265/2265/2265 2267/2267/2267 2268/2268/2268 2266/2266/2266
f 2267/2267/2267 2269/2269/2269 2270/2270/2270 2268/2268/2268
f 2269/2269/2269 2271/2271/2271 2272/2272/2272 2270/2270/2270
f 2271/2271/2271 2273/2273/2273 2274/2274/2274 2272/2272/2272
f 2273/2273/2273 2275/2275/2275 2276/2276/2276 2274/2274/2274
f 2275/2275/2275 2277/2277/2277 2278/2278/2278 2276/2276/2276
f 2277/2277/2277 2279/2279/2279 2280/2280/2280 2278/2278/2278
f 2279/2279/2279 2281/2281/2281 2282/2282/2282 2280/2280/2280
f 2281/2281/2281 2283/2283/2283 2284/2284/2284 2282/2282/2282
f 2283/2283/2283 2285/2285/2285 2286/2286/2286 2284/2284/2284
f 2285/2285/2285 2287/2287/2287 2288/2288/2288 2286/2286/2286
f 2287/2287/2287 2289/2289/2289 2290/2290/2290 2288/2288/2288
f 2289/2289/2289 2291/2291/2291 2292/2292/2292 2290/2290/2290
f 2291/2291/2291 2293/2293/2293 2294/2294/2294 2292/2292/2292
f 2293/2293/2293 2295/2295/2295 2296/2296/2296 2294/2294/2294
f 2295/2295/2295 2297/2297/2297 2298/2298/2298 2296/2296/2296
f 2297/2297/2297 2299/2299/2299 2300/2300/2300 2298/2298/2298
f 2299/2299/2299 2301/2301/2301 2302/2302/2302 2300/2300/2300
f 2301/2301/2301 2303/2303/2303 2304/2304/2304 2302/2302/2302
f 2303/2303/2303 2305/2305/2305 2306/2306/2306 2304/2304/2304
f 2305/2305/2305 2307/2307/2307 2308/2308/2308 2306/2306/2306
f 2307/2307/2307 2309/2309/2309 2310/2310/2310 2308/2308/2308
f 2309/2309/2309 2311/2311/2311 2312/2312/2312 2310/2310/2310
f 2311/2311/2311 2313/2313/2313 2314/2314/2314 2312/2312/2312
f 2313/2313/2313 2315/2315/2315 2316/2316/2316 2314/2314/2314
f 2315/2315/2315 2317/2317/2317 2318/2318/2318 2316/2316/2316
f 2317/2317/2317 2319/2319/2319 2320/2320/2320 2318/2318/2318
f 2319/2319/2319 2321/2321/2321 2322/2322/2322 2320/2320/2320
f 2321/2321/2321 2323/2323/2323 2324/2324/2324 2322/2322/2322
f 2402/2402/2402 2400/2400/2400 2399/2399/2399
f 2402/2402/2402 2401/2401/2401 2400/2400/2400
f 2404/2404/2404 2403/2403/2403 2402/2402/2402
f 2405/2405/2405 2407/2407/2407 2406/2406/2406
f 2407/2407/2407 2405/2405/2405 2404/2404/2404
f 2402/2402/2402 2397/2397/2397 2404/2404/2404
f 2397/2397/2397 2415/2415/2415 2404/2404/2404
f 2397/2397/2397 2394/2394/2394 2393/2393/2393
f 2392/2392/2392 2388/2388/2388 2393/2393/2393
f 2395/2395/2395 2394/2394/2394 2396/2396/2396
f 2397/2397/2397 2399/2399/2399 2398/2398/2398
f 2397/2397/2397 2402/2402/2402 2399/2399/2399
f 2397/2397/2397 2396/2396/2396 2394/2394/2394
f 2393/2393/2393 2388/2388/2388 2397/2397/2397
f 2407/2407/2407 2404/2404/2404 2415/2415/2415
f 2418/2418/2418 2420/2420/2420 2419/2419/2419
f 2418/2418/2418 2417/2417/2417 2422/2422/2422
f 2421/2421/2421 2420/2420/2420 2418/2418/2418
f 2422/2422/2422 2424/2424/2424 2423/2423/2423
f 2417/2417/2417 2424/2424/2424 2422/2422/2422
f 2422/2422/2422 2421/2421/2421 2418/2418/2418
f 2415/2415/2415 2424/2424/2424 2417/2417/2417
f 2410/2410/2410 2407/2407/2407 2411/2411/2411
f 2407/2407/2407 2410/2410/2410 2409/2409/2409
f 2407/2407/2407 2415/2415/2415 2411/2411/2411
f 2416/2416/2416 2415/2415/2415 2417/2417/2417
f 2415/2415/2415 2414/2414/2414 2413/2413/2413
f 2413/2413/2413 2411/2411/2411 2415/2415/2415
f 2411/2411/2411 2413/2413/2413 2412/2412/2412
f 2415/2415/2415 2397/2397/2397 2424/2424/2424
f 2408/2408/2408 2407/2407/2407 2409/2409/2409
f 2424/2424/2424 2397/2397/2397 2359/2359/2359
f 2388/2388/2388 2391/2391/2391 2390/2390/2390
f 2390/2390/2390 2389/2389/2389 2388/2388/2388
f 2388/2388/2388 2385/2385/2385 2397/2397/2397
f 2385/2385/2385 2387/2387/2387 2386/2386/2386
f 2388/2388/2388 2387/2387/2387 2385/2385/2385
f 2384/2384/2384 2383/2383/2383 2385/2385/2385
f 2374/2374/2374 2385/2385/2385 2377/2377/2377
f 2382/2382/2382 2381/2381/2381 2377/2377/2377
f 2381/2381/2381 2380/2380/2380 2377/2377/2377
f 2382/2382/2382 2385/2385/2385 2383/2383/2383
f 2378/2378/2378 2380/2380/2380 2379/2379/2379
f 2377/2377/2377 2380/2380/2380 2378/2378/2378
f 2382/2382/2382 2377/2377/2377 2385/2385/2385
f 2377/2377/2377 2376/2376/2376 2374/2374/2374
f 2391/2391/2391 2388/2388/2388 2392/2392/2392
f 2374/2374/2374 2373/2373/2373 2370/2370/2370
f 2373/2373/2373 2372/2372/2372 2370/2370/2370
f 2385/2385/2385 2374/2374/2374 2370/2370/2370
f 2370/2370/2370 2372/2372/2372 2371/2371/2371
f 2370/2370/2370 2369/2369/2369 2368/2368/2368
f 2368/2368/2368 2367/2367/2367 2370/2370/2370
f 2374/2374/2374 2376/2376/2376 2375/2375/2375
f 2364/2364/2364 2367/2367/2367 2366/2366/2366
f 2366/2366/2366 2365/2365/2365 2364/2364/2364
f 2364/2364/2364 2363/2363/2363 2367/2367/2367
f 2361/2361/2361 2363/2363/2363 2362/2362/2362
f 2360/2360/2360 2359/2359/2359 2361/2361/2361
f 2367/2367/2367 2363/2363/2363 2361/2361/2361
f 2361/2361/2361 2359/2359/2359 2367/2367/2367
f 2359/2359/2359 2370/2370/2370 2367/2367/2367
f 2385/2385/2385 2370/2370/2370 2359/2359/2359
f 2397/2397/2397 2385/2385/2385 2359/2359/2359
f 2359/2359/2359 2346/2346/2346 2424/2424/2424
f 2426/2426/2426 2424/2424/2424 2431/2431/2431
f 2426/2426/2426 2428/2428/2428 2427/2427/2427
f 2428/2428/2428 2426/2426/2426 2430/2430/2430
f 2430/2430/2430 2426/2426/2426 2431/2431/2431
f 2435/2435/2435 2431/2431/2431 2424/2424/2424
f 2429/2429/2429 2428/2428/2428 2430/2430/2430
f 2431/2431/2431 2434/2434/2434 2432/2432/2432
f 2431/2431/2431 2435/2435/2435 2434/2434/2434
f 2435/2435/2435 2424/2424/2424 2440/2440/2440
f 2435/2435/2435 2437/2437/2437 2436/2436/2436
f 2435/2435/2435 2440/2440/2440 2438/2438/2438
f 2438/2438/2438 2440/2440/2440 2439/2439/2439
f 2437/2437/2437 2435/2435/2435 2438/2438/2438
f 2433/2433/2433 2432/2432/2432 2434/2434/2434
f 2440/2440/2440 2424/2424/2424 2452/2452/2452
f 2447/2447/2447 2442/2442/2442 2440/2440/2440
f 2442/2442/2442 2444/2444/2444 2443/2443/2443
f 2444/2444/2444 2442/2442/2442 2445/2445/2445
f 2447/2447/2447 2446/2446/2446 2445/2445/2445
f 2440/2440/2440 2452/2452/2452 2447/2447/2447
f 2445/2445/2445 2442/2442/2442 2447/2447/2447
f 2448/2448/2448 2447/2447/2447 2449/2449/2449
f 2452/2452/2452 2450/2450/2450 2449/2449/2449
f 2450/2450/2450 2452/2452/2452 2451/2451/2451
f 2452/2452/2452 2424/2424/2424 2346/2346/2346
f 2331/2331/2331 2454/2454/2454 2452/2452/2452
f 2455/2455/2455 2325/2325/2325 2456/2456/2456
f 2331/2331/2331 2455/2455/2455 2454/2454/2454
f 2453/2453/2453 2452/2452/2452 2454/2454/2454
f 2449/2449/2449 2447/2447/2447 2452/2452/2452
f 2442/2442/2442 2441/2441/2441 2440/2440/2440
f 2457/2457/2457 2456/2456/2456 2325/2325/2325
f 2347/2347/2347 2346/2346/2346 2354/2354/2354
f 2347/2347/2347 2349/2349/2349 2348/2348/2348
f 2346/2346/2346 2344/2344/2344 2337/2337/2337
f 2342/2342/2342 2341/2341/2341 2343/2343/2343
f 2344/2344/2344 2346/2346/2346 2345/2345/2345
f 2343/2343/2343 2339/2339/2339 2344/2344/2344
f 2347/2347/2347 2351/2351/2351 2349/2349/2349
f 2358/2358/2358 2356/2356/2356 2355/2355/2355
f 2356/2356/2356 2358/2358/2358 2357/2357/2357
f 2346/2346/2346 2359/2359/2359 2354/2354/2354
f 2359/2359/2359 2355/2355/2355 2354/2354/2354
f 2353/2353/2353 2352/2352/2352 2354/2354/2354
f 2352/2352/2352 2347/2347/2347 2354/2354/2354
f 2347/2347/2347 2352/2352/2352 2351/2351/2351
f 2351/2351/2351 2350/2350/2350 2349/2349/2349
f 2355/2355/2355 2359/2359/2359 2358/2358/2358
f 2331/2331/2331 2330/2330/2330 2329/2329/2329
f 2328/2328/2328 2331/2331/2331 2329/2329/2329
f 2337/2337/2337 2331/2331/2331 2346/2346/2346
f 2331/2331/2331 2328/2328/2328 2326/2326/2326
f 2326/2326/2326 2328/2328/2328 2327/2327/2327
f 2325/2325/2325 2331/2331/2331 2326/2326/2326
f 2333/2333/2333 2332/2332/2332 2331/2331/2331
f 2339/2339/2339 2338/2338/2338 2337/2337/2337
f 2339/2339/2339 2341/2341/2341 2340/2340/2340
f 2343/2343/2343 2341/2341/2341 2339/2339/2339
f 2339/2339/2339 2337/2337/2337 2344/2344/2344
f 2337/2337/2337 2336/2336/2336 2334/2334/2334
f 2335/2335/2335 2334/2334/2334 2336/2336/2336
f 2337/2337/2337 2334/2334/2334 2331/2331/2331
f 2334/2334/2334 2333/2333/2333 2331/2331/2331
f 2346/2346/2346 2331/2331/2331 2452/2452/2452
f 2325/2325/2325 2455/2455/2455 2331/2331/2331
f 2425/2425/2425 2424/2424/2424 2426/2426/2426
f 2535/2535/2535 2532/2532/2532 2533/2533/2533
f 2535/2535/2535 2533/2533/2533 2534/2534/2534
f 2537/2537/2537 2535/2535/2535 2536/2536/2536
f 2538/2538/2538 2539/2539/2539 2540/2540/2540
f 2540/2540/2540 2537/2537/2537 2538/2538/2538
f 2535/2535/2535 2537/2537/2537 2530/2530/2530
f 2530/2530/2530 2537/2537/2537 2548/2548/2548
f 2530/2530/2530 2526/2526/2526 2527/2527/2527
f 2525/2525/2525 2526/2526/2526 2521/2521/2521
f 2528/2528/2528 2529/2529/2529 2527/2527/2527
f 2530/2530/2530 2531/2531/2531 2532/2532/2532
f 2530/2530/2530 2532/2532/2532 2535/2535/2535
f 2530/2530/2530 2527/2527/2527 2529/2529/2529
f 2526/2526/2526 2530/2530/2530 2521/2521/2521
f 2540/2540/2540 2548/2548/2548 2537/2537/2537
f 2551/2551/2551 2552/2552/2552 2553/2553/2553
f 2551/2551/2551 2555/2555/2555 2550/2550/2550
f 2554/2554/2554 2551/2551/2551 2553/2553/2553
f 2555/2555/2555 2556/2556/2556 2557/2557/2557
f 2550/2550/2550 2555/2555/2555 2557/2557/2557
f 2555/2555/2555 2551/2551/2551 2554/2554/2554
f 2548/2548/2548 2550/2550/2550 2557/2557/2557
f 2543/2543/2543 2544/2544/2544 2540/2540/2540
f 2540/2540/2540 2542/2542/2542 2543/2543/2543
f 2540/2540/2540 2544/2544/2544 2548/2548/2548
f 2549/2549/2549 2550/2550/2550 2548/2548/2548
f 2548/2548/2548 2546/2546/2546 2547/2547/2547
f 2546/2546/2546 2548/2548/2548 2544/2544/2544
f 2544/2544/2544 2545/2545/2545 2546/2546/2546
f 2548/2548/2548 2557/2557/2557 2530/2530/2530
f 2541/2541/2541 2542/2542/2542 2540/2540/2540
f 2557/2557/2557 2492/2492/2492 2530/2530/2530
f 2521/2521/2521 2523/2523/2523 2524/2524/2524
f 2523/2523/2523 2521/2521/2521 2522/2522/2522
f 2521/2521/2521 2530/2530/2530 2518/2518/2518
f 2518/2518/2518 2519/2519/2519 2520/2520/2520
f 2521/2521/2521 2518/2518/2518 2520/2520/2520
f 2517/2517/2517 2518/2518/2518 2516/2516/2516
f 2507/2507/2507 2510/2510/2510 2518/2518/2518
f 2515/2515/2515 2510/2510/2510 2514/2514/2514
f 2514/2514/2514 2510/2510/2510 2513/2513/2513
f 2515/2515/2515 2516/2516/2516 2518/2518/2518
f 2511/2511/2511 2512/2512/2512 2513/2513/2513
f 2510/2510/2510 2511/2511/2511 2513/2513/2513
f 2515/2515/2515 2518/2518/2518 2510/2510/2510
f 2510/2510/2510 2507/2507/2507 2509/2509/2509
f 2524/2524/2524 2525/2525/2525 2521/2521/2521
f 2507/2507/2507 2503/2503/2503 2506/2506/2506
f 2506/2506/2506 2503/2503/2503 2505/2505/2505
f 2518/2518/2518 2503/2503/2503 2507/2507/2507
f 2503/2503/2503 2504/2504/2504 2505/2505/2505
f 2503/2503/2503 2501/2501/2501 2502/2502/2502
f 2501/2501/2501 2503/2503/2503 2500/2500/2500
f 2507/2507/2507 2508/2508/2508 2509/2509/2509
f 2497/2497/2497 2499/2499/2499 2500/2500/2500
f 2499/2499/2499 2497/2497/2497 2498/2498/2498
f 2497/2497/2497 2500/2500/2500 2496/2496/2496
f 2494/2494/2494 2495/2495/2495 2496/2496/2496
f 2493/2493/2493 2494/2494/2494 2492/2492/2492
f 2500/2500/2500 2494/2494/2494 2496/2496/2496
f 2494/2494/2494 2500/2500/2500 2492/2492/2492
f 2492/2492/2492 2500/2500/2500 2503/2503/2503
f 2518/2518/2518 2492/2492/2492 2503/2503/2503
f 2530/2530/2530 2492/2492/2492 2518/2518/2518
f 2492/2492/2492 2557/2557/2557 2479/2479/2479
f 2559/2559/2559 2564/2564/2564 2557/2557/2557
f 2559/2559/2559 2560/2560/2560 2561/2561/2561
f 2561/2561/2561 2563/2563/2563 2559/2559/2559
f 2563/2563/2563 2564/2564/2564 2559/2559/2559
f 2568/2568/2568 2557/2557/2557 2564/2564/2564
f 2562/2562/2562 2563/2563/2563 2561/2561/2561
f 2564/2564/2564 2565/2565/2565 2567/2567/2567
f 2564/2564/2564 2567/2567/2567 2568/2568/2568
f 2568/2568/2568 2573/2573/2573 2557/2557/2557
f 2568/2568/2568 2569/2569/2569 2570/2570/2570
f 2568/2568/2568 2571/2571/2571 2573/2573/2573
f 2571/2571/2571 2572/2572/2572 2573/2573/2573
f 2570/2570/2570 2571/2571/2571 2568/2568/2568
f 2566/2566/2566 2567/2567/2567 2565/2565/2565
f 2573/2573/2573 2585/2585/2585 2557/2557/2557
f 2580/2580/2580 2573/2573/2573 2575/2575/2575
f 2575/2575/2575 2576/2576/2576 2577/2577/2577
f 2577/2577/2577 2578/2578/2578 2575/2575/2575
f 2580/2580/2580 2578/2578/2578 2579/2579/2579
f 2573/2573/2573 2580/2580/2580 2585/2585/2585
f 2578/2578/2578 2580/2580/2580 2575/2575/2575
f 2581/2581/2581 2582/2582/2582 2580/2580/2580
f 2585/2585/2585 2582/2582/2582 2583/2583/2583
f 2583/2583/2583 2584/2584/2584 2585/2585/2585
f 2585/2585/2585 2479/2479/2479 2557/2557/2557
f 2464/2464/2464 2585/2585/2585 2587/2587/2587
f 2588/2588/2588 2589/2589/2589 2458/2458/2458
f 2464/2464/2464 2587/2587/2587 2588/2588/2588
f 2586/2586/2586 2587/2587/2587 2585/2585/2585
f 2582/2582/2582 2585/2585/2585 2580/2580/2580
f 2575/2575/2575 2573/2573/2573 2574/2574/2574
f 2590/2590/2590 2458/2458/2458 2589/2589/2589
f 2480/2480/2480 2487/2487/2487 2479/2479/2479
f 2480/2480/2480 2481/2481/2481 2482/2482/2482
f 2479/2479/2479 2470/2470/2470 2477/2477/2477
f 2475/2475/2475 2476/2476/2476 2474/2474/2474
f 2477/2477/2477 2478/2478/2478 2479/2479/2479
f 2476/2476/2476 2477/2477/2477 2472/2472/2472
f 2480/2480/2480 2482/2482/2482 2484/2484/2484
f 2491/2491/2491 2488/2488/2488 2489/2489/2489
f 2489/2489/2489 2490/2490/2490 2491/2491/2491
f 2479/2479/2479 2487/2487/2487 2492/2492/2492
f 2492/2492/2492 2487/2487/2487 2488/2488/2488
f 2486/2486/2486 2487/2487/2487 2485/2485/2485
f 2485/2485/2485 2487/2487/2487 2480/2480/2480
f 2480/2480/2480 2484/2484/2484 2485/2485/2485
f 2484/2484/2484 2482/2482/2482 2483/2483/2483
f 2488/2488/2488 2491/2491/2491 2492/2492/2492
f 2464/2464/2464 2462/2462/2462 2463/2463/2463
f 2461/2461/2461 2462/2462/2462 2464/2464/2464
f 2470/2470/2470 2479/2479/2479 2464/2464/2464
f 2464/2464/2464 2459/2459/2459 2461/2461/2461
f 2459/2459/2459 2460/2460/2460 2461/2461/2461
f 2458/2458/2458 2459/2459/2459 2464/2464/2464
f 2466/2466/2466 2464/2464/2464 2465/2465/2465
f 2472/2472/2472 2470/2470/2470 2471/2471/2471
f 2472/2472/2472 2473/2473/2473 2474/2474/2474
f 2476/2476/2476 2472/2472/2472 2474/2474/2474
f 2472/2472/2472 2477/2477/2477 2470/2470/2470
f 2470/2470/2470 2467/2467/2467 2469/2469/2469
f 2468/2468/2468 2469/2469/2469 2467/2467/2467
f 2470/2470/2470 2464/2464/2464 2467/2467/2467
f 2467/2467/2467 2464/2464/2464 2466/2466/2466
f 2479/2479/2479 2585/2585/2585 2464/2464/2464
f 2458/2458/2458 2464/2464/2464 2588/2588/2588
f 2558/2558/2558 2559/2559/2559 2557/2557/2557
