  0
SECTION
  2
HEADER
  9
$ACADVER
  1
AC1018
  9
$ACADMAINTVER
 70
     0
  9
$DWGCODEPAGE
  3
MAC-ROMAN
  9
$INSBASE
 10
0.0
 20
0.0
 30
0.0
  9
$EXTMIN
 10
-8.251201434641944
 20
-20.0
 30
0.0
  9
$EXTMAX
 10
5.837750789085968
 20
19.99704050874858
 30
0.0
  9
$LIMMIN
 10
0.0
 20
0.0
  9
$LIMMAX
 10
12.0
 20
9.0
  9
$ORTHOMODE
 70
     0
  9
$REGENMODE
 70
     1
  9
$FILLMODE
 70
     1
  9
$QTEXTMODE
 70
     0
  9
$MIRRTEXT
 70
     1
  9
$LTSCALE
 40
1.0
  9
$ATTMODE
 70
     1
  9
$TEXTSIZE
 40
0.2
  9
$TRACEWID
 40
0.05
  9
$TEXTSTYLE
  7
Standard
  9
$CLAYER
  8
Default
  9
$CELTYPE
  6
ByLayer
  9
$CECOLOR
 62
   256
  9
$CELTSCALE
 40
1.0
  9
$DISPSILH
 70
     0
  9
$DIMSCALE
 40
1.0
  9
$DIMASZ
 40
0.18
  9
$DIMEXO
 40
0.0625
  9
$DIMDLI
 40
0.38
  9
$DIMRND
 40
0.0
  9
$DIMDLE
 40
0.0
  9
$DIMEXE
 40
0.18
  9
$DIMTP
 40
0.0
  9
$DIMTM
 40
0.0
  9
$DIMTXT
 40
0.18
  9
$DIMCEN
 40
0.09
  9
$DIMTSZ
 40
0.0
  9
$DIMTOL
 70
     0
  9
$DIMLIM
 70
     0
  9
$DIMTIH
 70
     1
  9
$DIMTOH
 70
     1
  9
$DIMSE1
 70
     0
  9
$DIMSE2
 70
     0
  9
$DIMTAD
 70
     0
  9
$DIMZIN
 70
     0
  9
$DIMBLK
  1

  9
$DIMASO
 70
     1
  9
$DIMSHO
 70
     1
  9
$DIMPOST
  1

  9
$DIMAPOST
  1

  9
$DIMALT
 70
     0
  9
$DIMALTD
 70
     2
  9
$DIMALTF
 40
25.4
  9
$DIMLFAC
 40
1.0
  9
$DIMTOFL
 70
     0
  9
$DIMTVP
 40
0.0
  9
$DIMTIX
 70
     0
  9
$DIMSOXD
 70
     0
  9
$DIMSAH
 70
     0
  9
$DIMBLK1
  1

  9
$DIMBLK2
  1

  9
$DIMSTYLE
  2
Standard
  9
$DIMCLRD
 70
     0
  9
$DIMCLRE
 70
     0
  9
$DIMCLRT
 70
     0
  9
$DIMTFAC
 40
1.0
  9
$DIMGAP
 40
0.09
  9
$DIMJUST
 70
     0
  9
$DIMSD1
 70
     0
  9
$DIMSD2
 70
     0
  9
$DIMTOLJ
 70
     1
  9
$DIMTZIN
 70
     0
  9
$DIMALTZ
 70
     0
  9
$DIMALTTZ
 70
     0
  9
$DIMUPT
 70
     0
  9
$DIMDEC
 70
     4
  9
$DIMTDEC
 70
     4
  9
$DIMALTU
 70
     2
  9
$DIMALTTD
 70
     2
  9
$DIMTXSTY
  7
Standard
  9
$DIMAUNIT
 70
     0
  9
$DIMADEC
 70
     0
  9
$DIMALTRND
 40
0.0
  9
$DIMAZIN
 70
     0
  9
$DIMDSEP
 70
    46
  9
$DIMATFIT
 70
     3
  9
$DIMFRAC
 70
     0
  9
$DIMLDRBLK
  1

  9
$DIMLUNIT
 70
     2
  9
$DIMLWD
 70
    -2
  9
$DIMLWE
 70
    -2
  9
$DIMTMOVE
 70
     2
  9
$LUNITS
 70
     2
  9
$LUPREC
 70
     3
  9
$SKETCHINC
 40
0.1
  9
$FILLETRAD
 40
0.5
  9
$AUNITS
 70
     0
  9
$AUPREC
 70
     0
  9
$MENU
  1
.
  9
$ELEVATION
 40
0.0
  9
$PELEVATION
 40
0.0
  9
$THICKNESS
 40
0.0
  9
$LIMCHECK
 70
     0
  9
$CHAMFERA
 40
0.0
  9
$CHAMFERB
 40
0.0
  9
$CHAMFERC
 40
0.0
  9
$CHAMFERD
 40
0.0
  9
$SKPOLY
 70
     0
  9
$TDCREATE
 40
2458406.425335648
  9
$TDUCREATE
 40
2458406.633668981
  9
$TDUPDATE
 40
2458406.425347222
  9
$TDUUPDATE
 40
2458406.633680556
  9
$TDINDWG
 40
0.0000000116
  9
$TDUSRTIMER
 40
0.0000000116
  9
$USRTIMER
 70
     1
  9
$ANGBASE
 50
0.0
  9
$ANGDIR
 70
     0
  9
$PDMODE
 70
     0
  9
$PDSIZE
 40
0.0
  9
$PLINEWID
 40
0.0
  9
$SPLFRAME
 70
     0
  9
$SPLINETYPE
 70
     6
  9
$SPLINESEGS
 70
     8
  9
$HANDSEED
  5
3DB
  9
$SURFTAB1
 70
     6
  9
$SURFTAB2
 70
     6
  9
$SURFTYPE
 70
     6
  9
$SURFU
 70
     6
  9
$SURFV
 70
     6
  9
$UCSBASE
  2

  9
$UCSNAME
  2

  9
$UCSORG
 10
0.0
 20
0.0
 30
0.0
  9
$UCSXDIR
 10
1.0
 20
0.0
 30
0.0
  9
$UCSYDIR
 10
0.0
 20
1.0
 30
0.0
  9
$UCSORTHOREF
  2

  9
$UCSORTHOVIEW
 70
     0
  9
$UCSORGTOP
 10
0.0
 20
0.0
 30
0.0
  9
$UCSORGBOTTOM
 10
0.0
 20
0.0
 30
0.0
  9
$UCSORGLEFT
 10
0.0
 20
0.0
 30
0.0
  9
$UCSORGRIGHT
 10
0.0
 20
0.0
 30
0.0
  9
$UCSORGFRONT
 10
0.0
 20
0.0
 30
0.0
  9
$UCSORGBACK
 10
0.0
 20
0.0
 30
0.0
  9
$PUCSBASE
  2

  9
$PUCSNAME
  2

  9
$PUCSORG
 10
0.0
 20
0.0
 30
0.0
  9
$PUCSXDIR
 10
1.0
 20
0.0
 30
0.0
  9
$PUCSYDIR
 10
0.0
 20
1.0
 30
0.0
  9
$PUCSORTHOREF
  2

  9
$PUCSORTHOVIEW
 70
     0
  9
$PUCSORGTOP
 10
0.0
 20
0.0
 30
0.0
  9
$PUCSORGBOTTOM
 10
0.0
 20
0.0
 30
0.0
  9
$PUCSORGLEFT
 10
0.0
 20
0.0
 30
0.0
  9
$PUCSORGRIGHT
 10
0.0
 20
0.0
 30
0.0
  9
$PUCSORGFRONT
 10
0.0
 20
0.0
 30
0.0
  9
$PUCSORGBACK
 10
0.0
 20
0.0
 30
0.0
  9
$USERI1
 70
     0
  9
$USERI2
 70
     0
  9
$USERI3
 70
     0
  9
$USERI4
 70
     0
  9
$USERI5
 70
     0
  9
$USERR1
 40
0.0
  9
$USERR2
 40
0.0
  9
$USERR3
 40
0.0
  9
$USERR4
 40
0.0
  9
$USERR5
 40
0.0
  9
$WORLDVIEW
 70
     1
  9
$SHADEDGE
 70
     3
  9
$SHADEDIF
 70
    70
  9
$TILEMODE
 70
     1
  9
$MAXACTVP
 70
    64
  9
$PINSBASE
 10
0.0
 20
0.0
 30
0.0
  9
$PLIMCHECK
 70
     0
  9
$PEXTMIN
 10
1.000000000000000E+20
 20
1.000000000000000E+20
 30
1.000000000000000E+20
  9
$PEXTMAX
 10
-1.000000000000000E+20
 20
-1.000000000000000E+20
 30
-1.000000000000000E+20
  9
$PLIMMIN
 10
0.0
 20
0.0
  9
$PLIMMAX
 10
12.0
 20
9.0
  9
$UNITMODE
 70
     0
  9
$VISRETAIN
 70
     1
  9
$PLINEGEN
 70
     0
  9
$PSLTSCALE
 70
     1
  9
$TREEDEPTH
 70
  3020
  9
$CMLSTYLE
  2
Standard
  9
$CMLJUST
 70
     0
  9
$CMLSCALE
 40
1.0
  9
$PROXYGRAPHICS
 70
     1
  9
$MEASUREMENT
 70
     0
  9
$CELWEIGHT
370
    -1
  9
$ENDCAPS
280
     0
  9
$JOINSTYLE
280
     0
  9
$LWDISPLAY
290
     0
  9
$INSUNITS
 70
     4
  9
$HYPERLINKBASE
  1

  9
$STYLESHEET
  1

  9
$XEDIT
290
     1
  9
$CEPSNTYPE
380
     0
  9
$PSTYLEMODE
290
     1
  9
$FINGERPRINTGUID
  2
{943B115A-DF61-41AA-AD25-C79BCE4A1C92}
  9
$VERSIONGUID
  2
{FAEB1C32-E019-11D5-929B-00C0DF256EC4}
  9
$EXTNAMES
290
     1
  9
$PSVPSCALE
 40
0.0
  9
$OLESTARTUP
290
     0
  9
$SORTENTS
280
   127
  9
$INDEXCTL
280
     0
  9
$HIDETEXT
280
     1
  9
$XCLIPFRAME
290
     0
  9
$HALOGAP
280
     0
  9
$OBSCOLOR
 70
   257
  9
$OBSLTYPE
280
     0
  9
$INTERSECTIONDISPLAY
280
     0
  9
$INTERSECTIONCOLOR
 70
   257
  9
$DIMASSOC
280
     2
  9
$PROJECTNAME
  1

  0
ENDSEC
  0
SECTION
  2
CLASSES
  0
CLASS
  1
ACDBDICTIONARYWDFLT
  2
AcDbDictionaryWithDefault
  3
ObjectDBX Classes
 90
        0
 91
        4
280
     0
281
     0
  0
CLASS
  1
VISUALSTYLE
  2
AcDbVisualStyle
  3
ObjectDBX Classes
 90
     4095
 91
        4
280
     0
281
     0
  0
CLASS
  1
MATERIAL
  2
AcDbMaterial
  3
ObjectDBX Classes
 90
     1153
 91
        4
280
     0
281
     0
  0
CLASS
  1
SCALE
  2
AcDbScale
  3
ObjectDBX Classes
 90
     1153
 91
        4
280
     0
281
     0
  0
CLASS
  1
TABLESTYLE
  2
AcDbTableStyle
  3
ObjectDBX Classes
 90
     4095
 91
        4
280
     0
281
     0
  0
CLASS
  1
MLEADERSTYLE
  2
AcDbMLeaderStyle
  3
ACDB_MLEADERSTYLE_CLASS
 90
     4095
 91
        4
280
     0
281
     0
  0
CLASS
  1
SUN
  2
AcDbSun
  3
SCENEOE
 90
     1153
 91
        4
280
     0
281
     0
  0
CLASS
  1
DICTIONARYVAR
  2
AcDbDictionaryVar
  3
ObjectDBX Classes
 90
        0
 91
        4
280
     0
281
     0
  0
CLASS
  1
CELLSTYLEMAP
  2
AcDbCellStyleMap
  3
ObjectDBX Classes
 90
     1152
 91
        4
280
     0
281
     0
  0
ENDSEC
  0
SECTION
  2
TABLES
  0
TABLE
  2
VPORT
  5
8
102
{ACAD_XDICTIONARY
360
394
102
}
330
0
100
AcDbSymbolTable
 70
     1
  0
VPORT
  5
29
330
8
100
AcDbSymbolTableRecord
100
AcDbViewportTableRecord
  2
*Active
 70
     0
 10
0.0
 20
0.0
 11
1.0
 21
1.0
 12
-1.206725322777988
 22
-0.0014797456257121
 13
0.0
 23
0.0
 14
0.5
 24
0.5
 15
0.5
 25
0.5
 16
0.0
 26
0.0
 36
1.0
 17
0.0
 27
0.0
 37
0.0
 40
40.79698131892356
 41
0.3522498676032349
 42
50.0
 43
0.0
 44
0.0
 50
0.0
 51
0.0
 71
     0
 72
   100
 73
     1
 74
     3
 75
     0
 76
     0
 77
     0
 78
     0
281
     0
 65
     1
110
0.0
120
0.0
130
0.0
111
1.0
121
0.0
131
0.0
112
0.0
122
1.0
132
0.0
 79
     0
146
0.0
  0
ENDTAB
  0
TABLE
  2
LTYPE
  5
5
330
0
100
AcDbSymbolTable
 70
     1
  0
LTYPE
  5
14
330
5
100
AcDbSymbolTableRecord
100
AcDbLinetypeTableRecord
  2
ByBlock
 70
     0
  3

 72
    65
 73
     0
 40
0.0
  0
LTYPE
  5
15
330
5
100
AcDbSymbolTableRecord
100
AcDbLinetypeTableRecord
  2
ByLayer
 70
     0
  3

 72
    65
 73
     0
 40
0.0
  0
LTYPE
  5
16
330
5
100
AcDbSymbolTableRecord
100
AcDbLinetypeTableRecord
  2
Continuous
 70
     0
  3
Solid line
 72
    65
 73
     0
 40
0.0
  0
ENDTAB
  0
TABLE
  2
LAYER
  5
2
330
0
100
AcDbSymbolTable
 70
     2
  0
LAYER
  5
10
330
2
100
AcDbSymbolTableRecord
100
AcDbLayerTableRecord
  2
0
 70
     0
 62
     7
  6
Continuous
370
    -3
390
F
  0
LAYER
  5
6E
330
2
100
AcDbSymbolTableRecord
100
AcDbLayerTableRecord
  2
Default
 70
     0
 62
   178
420
        0
  6
Continuous
370
    -3
390
F
  0
ENDTAB
  0
TABLE
  2
STYLE
  5
3
330
0
100
AcDbSymbolTable
 70
     1
  0
STYLE
  5
11
330
3
100
AcDbSymbolTableRecord
100
AcDbTextStyleTableRecord
  2
Standard
 70
     0
 40
0.0
 41
1.0
 50
0.0
 71
     0
 42
0.2
  3
txt
  4

  0
ENDTAB
  0
TABLE
  2
VIEW
  5
6
330
0
100
AcDbSymbolTable
 70
     0
  0
ENDTAB
  0
TABLE
  2
UCS
  5
7
330
0
100
AcDbSymbolTable
 70
     0
  0
ENDTAB
  0
TABLE
  2
APPID
  5
9
330
0
100
AcDbSymbolTable
 70
     2
  0
APPID
  5
12
330
9
100
AcDbSymbolTableRecord
100
AcDbRegAppTableRecord
  2
ACAD
 70
     0
  0
APPID
  5
3D3
330
9
100
AcDbSymbolTableRecord
100
AcDbRegAppTableRecord
  2
ACAD_MLEADERVER
 70
     0
  0
ENDTAB
  0
TABLE
  2
DIMSTYLE
  5
A
330
0
100
AcDbSymbolTable
 70
     1
100
AcDbDimStyleTable
  0
DIMSTYLE
105
27
330
A
100
AcDbSymbolTableRecord
100
AcDbDimStyleTableRecord
  2
Standard
 70
     0
178
     0
340
11
  0
ENDTAB
  0
TABLE
  2
BLOCK_RECORD
  5
1
330
0
100
AcDbSymbolTable
 70
     1
  0
BLOCK_RECORD
  5
1F
330
1
100
AcDbSymbolTableRecord
100
AcDbBlockTableRecord
  2
*Model_Space
340
22
  0
BLOCK_RECORD
  5
1B
330
1
100
AcDbSymbolTableRecord
100
AcDbBlockTableRecord
  2
*Paper_Space
340
1E
  0
BLOCK_RECORD
  5
23
330
1
100
AcDbSymbolTableRecord
100
AcDbBlockTableRecord
  2
*Paper_Space0
340
26
  0
ENDTAB
  0
ENDSEC
  0
SECTION
  2
BLOCKS
  0
BLOCK
  5
20
330
1F
100
AcDbEntity
  8
0
100
AcDbBlockBegin
  2
*Model_Space
 70
     0
 10
0.0
 20
0.0
 30
0.0
  3
*Model_Space
  1

  0
ENDBLK
  5
21
330
1F
100
AcDbEntity
  8
0
100
AcDbBlockEnd
  0
BLOCK
  5
1C
330
1B
100
AcDbEntity
 67
     1
  8
0
100
AcDbBlockBegin
  2
*Paper_Space
 70
     0
 10
0.0
 20
0.0
 30
0.0
  3
*Paper_Space
  1

  0
ENDBLK
  5
1D
330
1B
100
AcDbEntity
 67
     1
  8
0
100
AcDbBlockEnd
  0
BLOCK
  5
24
330
23
100
AcDbEntity
  8
0
100
AcDbBlockBegin
  2
*Paper_Space0
 70
     0
 10
0.0
 20
0.0
 30
0.0
  3
*Paper_Space0
  1

  0
ENDBLK
  5
25
330
23
100
AcDbEntity
  8
0
100
AcDbBlockEnd
  0
ENDSEC
  0
SECTION
  2
ENTITIES
  0
SPLINE
  5
6F
330
1F
100
AcDbEntity
  8
Default
 62
   178
420
   395273
370
     0
100
AcDbSpline
210
0.0
220
0.0
230
1.0
 70
     8
 71
     3
 72
     8
 73
     4
 74
     0
 42
0.000000001
 43
0.0000000001
 40
0.0
 40
0.0
 40
0.0
 40
0.0
 40
1.0
 40
1.0
 40
1.0
 40
1.0
 10
-4.635608184438786
 20
5.303722701853752
 30
0.0
 10
-4.499962042963467
 20
5.256736399165209
 30
0.0
 10
-4.361586406726158
 20
5.216183905558502
 30
0.0
 10
-4.221017426483678
 20
5.182211443967306
 30
0.0
  0
SPLINE
  5
70
330
1F
100
AcDbEntity
  8
Default
 62
   178
420
   395273
370
     0
100
AcDbSpline
210
0.0
220
0.0
230
1.0
 70
     8
 71
     3
 72
     8
 73
     4
 74
     0
 42
0.000000001
 43
0.0000000001
 40
1.0
 40
1.0
 40
1.0
 40
1.0
 40
2.0
 40
2.0
 40
2.0
 40
2.0
 10
-4.221017426483678
 20
5.182211443967306
 30
0.0
 10
-4.090294123775521
 20
5.152187001585419
 30
0.0
 10
-3.955963988703304
 20
5.136248701814513
 30
0.0
 10
-3.820853997984805
 20
5.134737731499842
 30
0.0
  0
SPLINE
  5
71
330
1F
100
AcDbEntity
  8
Default
 62
   178
420
   395273
370
     0
100
AcDbSpline
210
0.0
220
0.0
230
1.0
 70
     8
 71
     3
 72
     8
 73
     4
 74
     0
 42
0.000000001
 43
0.0000000001
 40
2.0
 40
2.0
 40
2.0
 40
2.0
 40
3.0
 40
3.0
 40
3.0
 40
3.0
 10
-3.820853997984805
 20
5.134737731499842
 30
0.0
 10
-3.787027759327287
 20
5.134396544654591
 30
0.0
 10
-3.75320152066977
 20
5.13210571869364
 30
0.0
 10
-3.719716468857501
 20
5.127913994594869
 30
0.0
  0
SPLINE
  5
72
330
1F
100
AcDbEntity
  8
Default
 62
   178
420
   395273
370
     0
100
AcDbSpline
210
0.0
220
0.0
230
1.0
 70
     8
 71
     3
 72
     8
 73
     4
 74
     0
 42
0.000000001
 43
0.0000000001
 40
3.0
 40
3.0
 40
3.0
 40
3.0
 40
4.0
 40
4.0
 40
4.0
 40
4.0
 10
-3.719716468857501
 20
5.127913994594869
 30
0.0
 10
-3.698855330319435
 20
5.126841693081228
 30
0.0
 10
-3.678969011339224
 20
5.11977425128679
 30
0.0
 10
-3.663079452546211
 20
5.107783970725193
 30
0.0
  0
SPLINE
  5
73
330
1F
100
AcDbEntity
  8
Default
 62
   178
420
   395273
370
     0
100
AcDbSpline
210
0.0
220
0.0
230
1.0
 70
     8
 71
     3
 72
     8
 73
     4
 74
     0
 42
0.000000001
 43
0.0000000001
 40
4.0
 40
4.0
 40
4.0
 40
4.0
 40
5.0
 40
5.0
 40
5.0
 40
5.0
 10
-3.663079452546211
 20
5.107783970725193
 30
0.0
 10
-3.640219933914546
 20
5.086435422408201
 30
0.0
 10
-3.621600880359543
 20
5.061821228572399
 30
0.0
 10
-3.608099629483271
 20
5.035013690731424
 30
0.0
  0
SPLINE
  5
74
330
1F
100
AcDbEntity
  8
Default
 62
   178
420
   395273
370
     0
100
AcDbSpline
210
0.0
220
0.0
230
1.0
 70
     8
 71
     3
 72
     8
 73
     4
 74
     0
 42
0.000000001
 43
0.0000000001
 40
5.0
 40
5.0
 40
5.0
 40
5.0
 40
6.0
 40
6.0
 40
6.0
 40
6.0
 10
-3.608099629483271
 20
5.035013690731424
 30
0.0
 10
-3.594890824474356
 20
4.997921806555099
 30
0.0
 10
-3.588018346591489
 20
4.959367693041989
 30
0.0
 10
-3.58767715974624
 20
4.920521133661531
 30
0.0
  0
SPLINE
  5
75
330
1F
100
AcDbEntity
  8
Default
 62
   178
420
   395273
370
     0
100
AcDbSpline
210
0.0
220
0.0
230
1.0
 70
     8
 71
     3
 72
     8
 73
     4
 74
     0
 42
0.000000001
 43
0.0000000001
 40
6.0
 40
6.0
 40
6.0
 40
6.0
 40
7.0
 40
7.0
 40
7.0
 40
7.0
 10
-3.58767715974624
 20
4.920521133661531
 30
0.0
 10
-3.586848563122065
 20
4.879968640054824
 30
0.0
 10
-3.589188130060913
 20
4.83936740547022
 30
0.0
 10
-3.594598378607
 20
4.799058616752977
 30
0.0
  0
SPLINE
  5
76
330
1F
100
AcDbEntity
  8
Default
 62
   178
420
   395273
370
     0
100
AcDbSpline
210
0.0
220
0.0
230
1.0
 70
     8
 71
     3
 72
     8
 73
     4
 74
     0
 42
0.000000001
 43
0.0000000001
 40
7.0
 40
7.0
 40
7.0
 40
7.0
 40
8.0
 40
8.0
 40
8.0
 40
8.0
 10
-3.594598378607
 20
4.799058616752977
 30
0.0
 10
-3.605077688853926
 20
4.69743367784675
 30
0.0
 10
-3.602933085826648
 20
4.59512636525002
 30
0.0
 10
-3.588262051480952
 20
4.493940095144822
 30
0.0
  0
SPLINE
  5
77
330
1F
100
AcDbEntity
  8
Default
 62
   178
420
   395273
370
     0
100
AcDbSpline
210
0.0
220
0.0
230
1.0
 70
     8
 71
     3
 72
     8
 73
     4
 74
     0
 42
0.000000001
 43
0.0000000001
 40
8.0
 40
8.0
 40
8.0
 40
8.0
 40
9.0
 40
9.0
 40
9.0
 40
9.0
 10
-3.588262051480952
 20
4.493940095144822
 30
0.0
 10
-3.576759180698281
 20
4.421559742974197
 30
0.0
 10
-3.549659196989952
 20
4.351762662631889
 30
0.0
 10
-3.508424329692748
 20
4.288301909415623
 30
0.0
  0
SPLINE
  5
78
330
1F
100
AcDbEntity
  8
Default
 62
   178
420
   395273
370
     0
100
AcDbSpline
210
0.0
220
0.0
230
1.0
 70
     8
 71
     3
 72
     8
 73
     4
 74
     0
 42
0.000000001
 43
0.0000000001
 40
9.0
 40
9.0
 40
9.0
 40
9.0
 40
10.0
 40
10.0
 40
10.0
 40
10.0
 10
-3.508424329692748
 20
4.288301909415623
 30
0.0
 10
-3.412599567155747
 20
4.133500563628481
 30
0.0
 10
-3.261015125909522
 20
4.011111968139971
 30
0.0
 10
-3.077310380232025
 20
3.940340068239805
 30
0.0
  0
SPLINE
  5
79
330
1F
100
AcDbEntity
  8
Default
 62
   178
420
   395273
370
     0
100
AcDbSpline
210
0.0
220
0.0
230
1.0
 70
     8
 71
     3
 72
     8
 73
     4
 74
     0
 42
0.000000001
 43
0.0000000001
 40
10.0
 40
10.0
 40
10.0
 40
10.0
 40
11.0
 40
11.0
 40
11.0
 40
11.0
 10
-3.077310380232025
 20
3.940340068239805
 30
0.0
 10
-3.019357357517632
 20
3.91518972364718
 30
0.0
 10
-2.958041207328646
 20
3.896668152047964
 30
0.0
 10
-2.894775418023952
 20
3.885214022243187
 30
0.0
  0
SPLINE
  5
7A
330
1F
100
AcDbEntity
  8
Default
 62
   178
420
   395273
370
     0
100
AcDbSpline
210
0.0
220
0.0
230
1.0
 70
     8
 71
     3
 72
     8
 73
     4
 74
     0
 42
0.000000001
 43
0.0000000001
 40
11.0
 40
11.0
 40
11.0
 40
11.0
 40
12.0
 40
12.0
 40
12.0
 40
12.0
 10
-2.894775418023952
 20
3.885214022243187
 30
0.0
 10
-2.867236765514589
 20
3.880827334232847
 30
0.0
 10
-2.838918257358944
 20
3.88219208161384
 30
0.0
 10
-2.812110719517972
 20
3.889308264386172
 30
0.0
  0
SPLINE
  5
7B
330
1F
100
AcDbEntity
  8
Default
 62
   178
420
   395273
370
     0
100
AcDbSpline
210
0.0
220
0.0
230
1.0
 70
     8
 71
     3
 72
     8
 73
     4
 74
     0
 42
0.000000001
 43
0.0000000001
 40
12.0
 40
12.0
 40
12.0
 40
12.0
 40
13.0
 40
13.0
 40
13.0
 40
13.0
 10
-2.812110719517972
 20
3.889308264386172
 30
0.0
 10
-2.770729629287089
 20
3.902565810372982
 30
0.0
 10
-2.731346919149807
 20
3.920161303392238
 30
0.0
 10
-2.694839926708192
 20
3.941753556598693
 30
0.0
  0
SPLINE
  5
7C
330
1F
100
AcDbEntity
  8
Default
 62
   178
420
   395273
370
     0
100
AcDbSpline
210
0.0
220
0.0
230
1.0
 70
     8
 71
     3
 72
     8
 73
     4
 74
     0
 42
0.000000001
 43
0.0000000001
 40
13.0
 40
13.0
 40
13.0
 40
13.0
 40
14.0
 40
14.0
 40
14.0
 40
14.0
 10
-2.694839926708192
 20
3.941753556598693
 30
0.0
 10
-2.683385796903414
 20
3.94882099839313
 30
0.0
 10
-2.67295522763438
 20
3.957106964634883
 30
0.0
 10
-2.663791923790557
 20
3.966367750434494
 30
0.0
  0
SPLINE
  5
7D
330
1F
100
AcDbEntity
  8
Default
 62
   178
420
   395273
370
     0
100
AcDbSpline
210
0.0
220
0.0
230
1.0
 70
     8
 71
     3
 72
     8
 73
     4
 74
     0
 42
0.000000001
 43
0.0000000001
 40
14.0
 40
14.0
 40
14.0
 40
14.0
 40
15.0
 40
15.0
 40
15.0
 40
15.0
 10
-2.663791923790557
 20
3.966367750434494
 30
0.0
 10
-2.653020167676276
 20
3.980161447178122
 30
0.0
 10
-2.644977906323984
 20
3.995514855214312
 30
0.0
 10
-2.640103808534715
 20
4.01169685987468
 30
0.0
  0
SPLINE
  5
7E
330
1F
100
AcDbEntity
  8
Default
 62
   178
420
   395273
370
     0
100
AcDbSpline
210
0.0
220
0.0
230
1.0
 70
     8
 71
     3
 72
     8
 73
     4
 74
     0
 42
0.000000001
 43
0.0000000001
 40
15.0
 40
15.0
 40
15.0
 40
15.0
 40
16.0
 40
16.0
 40
16.0
 40
16.0
 10
-2.640103808534715
 20
4.01169685987468
 30
0.0
 10
-2.624847882454308
 20
4.057854565939046
 30
0.0
 10
-2.62397054485224
 20
4.106790507743294
 30
0.0
 10
-2.637520536706404
 20
4.153386882608693
 30
0.0
  0
SPLINE
  5
7F
330
1F
100
AcDbEntity
  8
Default
 62
   178
420
   395273
370
     0
100
AcDbSpline
210
0.0
220
0.0
230
1.0
 70
     8
 71
     3
 72
     8
 73
     4
 74
     0
 42
0.000000001
 43
0.0000000001
 40
16.0
 40
16.0
 40
16.0
 40
16.0
 40
17.0
 40
17.0
 40
17.0
 40
17.0
 10
-2.637520536706404
 20
4.153386882608693
 30
0.0
 10
-2.645367834147125
 20
4.182387764454838
 30
0.0
 10
-2.655505957548803
 20
4.210901236522049
 30
0.0
 10
-2.667837424955649
 20
4.238683593920877
 30
0.0
  0
SPLINE
  5
80
330
1F
100
AcDbEntity
  8
Default
 62
   178
420
   395273
370
     0
100
AcDbSpline
210
0.0
220
0.0
230
1.0
 70
     8
 71
     3
 72
     8
 73
     4
 74
     0
 42
0.000000001
 43
0.0000000001
 40
17.0
 40
17.0
 40
17.0
 40
17.0
 40
18.0
 40
18.0
 40
18.0
 40
18.0
 10
-2.667837424955649
 20
4.238683593920877
 30
0.0
 10
-2.717601963384073
 20
4.368578300004859
 30
0.0
 10
-2.769901032662914
 20
4.497693150442559
 30
0.0
 10
-2.824637150836389
 20
4.626076886211869
 30
0.0
  0
SPLINE
  5
81
330
1F
100
AcDbEntity
  8
Default
 62
   178
420
   395273
370
     0
100
AcDbSpline
210
0.0
220
0.0
230
1.0
 70
     8
 71
     3
 72
     8
 73
     4
 74
     0
 42
0.000000001
 43
0.0000000001
 40
18.0
 40
18.0
 40
18.0
 40
18.0
 40
19.0
 40
19.0
 40
19.0
 40
19.0
 10
-2.824637150836389
 20
4.626076886211869
 30
0.0
 10
-2.853881737571996
 20
4.691682242455411
 30
0.0
 10
-2.886976861561123
 20
4.755922851317958
 30
0.0
 10
-2.923678817914308
 20
4.818603748887943
 30
0.0
  0
SPLINE
  5
82
330
1F
100
AcDbEntity
  8
Default
 62
   178
420
   395273
370
     0
100
AcDbSpline
210
0.0
220
0.0
230
1.0
 70
     8
 71
     3
 72
     8
 73
     4
 74
     0
 42
0.000000001
 43
0.0000000001
 40
19.0
 40
19.0
 40
19.0
 40
19.0
 40
20.0
 40
20.0
 40
20.0
 40
20.0
 10
-2.923678817914308
 20
4.818603748887943
 30
0.0
 10
-2.956384014080295
 20
4.873486089995096
 30
0.0
 10
-2.984800004191724
 20
4.930318070217959
 30
0.0
 10
-3.008731824337029
 20
4.988661020755488
 30
0.0
  0
SPLINE
  5
83
330
1F
100
AcDbEntity
  8
Default
 62
   178
420
   395273
370
     0
100
AcDbSpline
210
0.0
220
0.0
230
1.0
 70
     8
 71
     3
 72
     8
 73
     4
 74
     0
 42
0.000000001
 43
0.0000000001
 40
20.0
 40
20.0
 40
20.0
 40
20.0
 40
21.0
 40
21.0
 40
21.0
 40
21.0
 10
-3.008731824337029
 20
4.988661020755488
 30
0.0
 10
-3.026717245179426
 20
5.035891028333494
 30
0.0
 10
-3.038512561829454
 20
5.084826970137742
 30
0.0
 10
-3.043825328419756
 20
5.134445285632488
 30
0.0
  0
SPLINE
  5
84
330
1F
100
AcDbEntity
  8
Default
 62
   178
420
   395273
370
     0
100
AcDbSpline
210
0.0
220
0.0
230
1.0
 70
     8
 71
     3
 72
     8
 73
     4
 74
     0
 42
0.000000001
 43
0.0000000001
 40
21.0
 40
21.0
 40
21.0
 40
21.0
 40
22.0
 40
22.0
 40
22.0
 40
22.0
 10
-3.043825328419756
 20
5.134445285632488
 30
0.0
 10
-3.048748167186916
 20
5.163641131390198
 30
0.0
 10
-3.049917950656341
 20
5.193275645948948
 30
0.0
 10
-3.047334678828029
 20
5.222715196596122
 30
0.0
  0
SPLINE
  5
85
330
1F
100
AcDbEntity
  8
Default
 62
   178
420
   395273
370
     0
100
AcDbSpline
210
0.0
220
0.0
230
1.0
 70
     8
 71
     3
 72
     8
 73
     4
 74
     0
 42
0.000000001
 43
0.0000000001
 40
22.0
 40
22.0
 40
22.0
 40
22.0
 40
23.0
 40
23.0
 40
23.0
 40
23.0
 10
-3.047334678828029
 20
5.222715196596122
 30
0.0
 10
-3.046798528071209
 20
5.233974362489329
 30
0.0
 10
-3.040121014099913
 20
5.244307449802577
 30
0.0
 10
-3.029397998963524
 20
5.250400072039161
 30
0.0
  0
SPLINE
  5
86
330
1F
100
AcDbEntity
  8
Default
 62
   178
420
   395273
370
     0
100
AcDbSpline
210
0.0
220
0.0
230
1.0
 70
     8
 71
     3
 72
     8
 73
     4
 74
     0
 42
0.000000001
 43
0.0000000001
 40
23.0
 40
23.0
 40
23.0
 40
23.0
 40
24.0
 40
24.0
 40
24.0
 40
24.0
 10
-3.029397998963524
 20
5.250400072039161
 30
0.0
 10
-2.992598560654554
 20
5.278474875305344
 30
0.0
 10
-2.945417294054442
 20
5.293828283341539
 30
0.0
 10
-2.896676316161765
 20
5.293584578452077
 30
0.0
  0
SPLINE
  5
87
330
1F
100
AcDbEntity
  8
Default
 62
   178
420
   395273
370
     0
100
AcDbSpline
210
0.0
220
0.0
230
1.0
 70
     8
 71
     3
 72
     8
 73
     4
 74
     0
 42
0.000000001
 43
0.0000000001
 40
24.0
 40
24.0
 40
24.0
 40
24.0
 40
25.0
 40
25.0
 40
25.0
 40
25.0
 10
-2.896676316161765
 20
5.293584578452077
 30
0.0
 10
-2.760445282951735
 20
5.295046807788856
 30
0.0
 10
-2.62504284636588
 20
5.274721820007607
 30
0.0
 10
-2.497195261353389
 20
5.233584434666191
 30
0.0
  0
LINE
  5
88
330
1F
100
AcDbEntity
  8
Default
 62
   178
420
   395273
370
     0
100
AcDbLine
 10
-2.497195261353389
 20
5.233584434666191
 30
0.0
 11
-1.988485675087525
 21
5.059286697721979
 31
0.0
  0
SPLINE
  5
89
330
1F
100
AcDbEntity
  8
Default
 62
   178
420
   395273
370
     0
100
AcDbSpline
210
0.0
220
0.0
230
1.0
 70
     8
 71
     3
 72
     8
 73
     4
 74
     0
 42
0.000000001
 43
0.0000000001
 40
36.0326218552074
 40
36.0326218552074
 40
36.0326218552074
 40
36.0326218552074
 40
37.0326218552074
 40
37.0326218552074
 40
37.0326218552074
 40
37.0326218552074
 10
-1.988485675087525
 20
5.059286697721979
 30
0.0
 10
-1.837437384598119
 20
5.007670002133636
 30
0.0
 10
-1.681953665120481
 20
4.966678839725895
 30
0.0
 10
-1.52349674599139
 20
4.936703138321898
 30
0.0
  0
SPLINE
  5
8A
330
1F
100
AcDbEntity
  8
Default
 62
   178
420
   395273
370
     0
100
AcDbSpline
210
0.0
220
0.0
230
1.0
 70
     8
 71
     3
 72
     8
 73
     4
 74
     0
 42
0.000000001
 43
0.0000000001
 40
37.0326218552074
 40
37.0326218552074
 40
37.0326218552074
 40
37.0326218552074
 40
38.0326218552074
 40
38.0326218552074
 40
38.0326218552074
 40
38.0326218552074
 10
-1.52349674599139
 20
4.936703138321898
 30
0.0
 10
-1.39038513536649
 20
4.913258727955522
 30
0.0
 10
-1.255128921714314
 20
4.900439850769746
 30
0.0
 10
-1.119336557305318
 20
4.898441470676143
 30
0.0
  0
SPLINE
  5
8B
330
1F
100
AcDbEntity
  8
Default
 62
   178
420
   395273
370
     0
100
AcDbSpline
210
0.0
220
0.0
230
1.0
 70
     8
 71
     3
 72
     8
 73
     4
 74
     0
 42
0.000000001
 43
0.0000000001
 40
38.0326218552074
 40
38.0326218552074
 40
38.0326218552074
 40
38.0326218552074
 40
39.0326218552074
 40
39.0326218552074
 40
39.0326218552074
 40
39.0326218552074
 10
-1.119336557305318
 20
4.898441470676143
 30
0.0
 10
-1.091261754039135
 20
4.896881759383581
 30
0.0
 10
-1.063040727839275
 20
4.898051542853006
 30
0.0
 10
-1.035209629462558
 20
4.901950821084417
 30
0.0
  0
SPLINE
  5
8C
330
1F
100
AcDbEntity
  8
Default
 62
   178
420
   395273
370
     0
100
AcDbSpline
210
0.0
220
0.0
230
1.0
 70
     8
 71
     3
 72
     8
 73
     4
 74
     0
 42
0.000000001
 43
0.0000000001
 40
39.0326218552074
 40
39.0326218552074
 40
39.0326218552074
 40
39.0326218552074
 40
40.0326218552074
 40
40.0326218552074
 40
40.0326218552074
 40
40.0326218552074
 10
-1.035209629462558
 20
4.901950821084417
 30
0.0
 10
-1.029653157982791
 20
4.902925640642275
 30
0.0
 10
-1.024632837259847
 20
4.905508912470586
 30
0.0
 10
-1.020879781962109
 20
4.909261967768322
 30
0.0
  0
SPLINE
  5
8D
330
1F
100
AcDbEntity
  8
Default
 62
   178
420
   395273
370
     0
100
AcDbSpline
210
0.0
220
0.0
230
1.0
 70
     8
 71
     3
 72
     8
 73
     4
 74
     0
 42
0.000000001
 43
0.0000000001
 40
40.0326218552074
 40
40.0326218552074
 40
40.0326218552074
 40
40.0326218552074
 40
41.0326218552074
 40
41.0326218552074
 40
41.0326218552074
 40
41.0326218552074
 10
-1.020879781962109
 20
4.909261967768322
 30
0.0
 10
-0.9950470636789919
 20
4.949570756485565
 30
0.0
 10
-1.002017023517643
 20
4.999871445670804
 30
0.0
 10
-1.03818282911401
 20
5.033502720416753
 30
0.0
  0
SPLINE
  5
8E
330
1F
100
AcDbEntity
  8
Default
 62
   178
420
   395273
370
     0
100
AcDbSpline
210
0.0
220
0.0
230
1.0
 70
     8
 71
     3
 72
     8
 73
     4
 74
     0
 42
0.000000001
 43
0.0000000001
 40
41.0326218552074
 40
41.0326218552074
 40
41.0326218552074
 40
41.0326218552074
 40
42.0326218552074
 40
42.0326218552074
 40
42.0326218552074
 40
42.0326218552074
 10
-1.03818282911401
 20
5.033502720416753
 30
0.0
 10
-1.075908346002942
 20
5.071179496327794
 30
0.0
 10
-1.126647703989218
 20
5.097060955588803
 30
0.0
 10
-1.182651087587903
 20
5.107052856056804
 30
0.0
  0
SPLINE
  5
8F
330
1F
100
AcDbEntity
  8
Default
 62
   178
420
   395273
370
     0
100
AcDbSpline
210
0.0
220
0.0
230
1.0
 70
     8
 71
     3
 72
     8
 73
     4
 74
     0
 42
0.000000001
 43
0.0000000001
 40
42.0326218552074
 40
42.0326218552074
 40
42.0326218552074
 40
42.0326218552074
 40
43.0326218552074
 40
43.0326218552074
 40
43.0326218552074
 40
43.0326218552074
 10
-1.182651087587903
 20
5.107052856056804
 30
0.0
 10
-1.221838833813615
 20
5.112853032426028
 30
0.0
 10
-1.260441688304615
 20
5.121626408446713
 30
0.0
 10
-1.297923500304084
 20
5.133178020207275
 30
0.0
  0
SPLINE
  5
90
330
1F
100
AcDbEntity
  8
Default
 62
   178
420
   395273
370
     0
100
AcDbSpline
210
0.0
220
0.0
230
1.0
 70
     8
 71
     3
 72
     8
 73
     4
 74
     0
 42
0.000000001
 43
0.0000000001
 40
43.0326218552074
 40
43.0326218552074
 40
43.0326218552074
 40
43.0326218552074
 40
44.0326218552074
 40
44.0326218552074
 40
44.0326218552074
 40
44.0326218552074
 10
-1.297923500304084
 20
5.133178020207275
 30
0.0
 10
-1.370693780297849
 20
5.158425846755683
 30
0.0
 10
-1.437761365878172
 20
5.194786616263618
 30
0.0
 10
-1.496055575437814
 20
5.240554394504841
 30
0.0
  0
SPLINE
  5
91
330
1F
100
AcDbEntity
  8
Default
 62
   178
420
   395273
370
     0
100
AcDbSpline
210
0.0
220
0.0
230
1.0
 70
     8
 71
     3
 72
     8
 73
     4
 74
     0
 42
0.000000001
 43
0.0000000001
 40
44.0326218552074
 40
44.0326218552074
 40
44.0326218552074
 40
44.0326218552074
 40
45.0326218552074
 40
45.0326218552074
 40
45.0326218552074
 40
45.0326218552074
 10
-1.496055575437814
 20
5.240554394504841
 30
0.0
 10
-1.535584508508774
 20
5.271456174488798
 30
0.0
 10
-1.574382326911345
 20
5.303089069141145
 30
0.0
 10
-1.612449030645525
 20
5.335453078461882
 30
0.0
  0
SPLINE
  5
92
330
1F
100
AcDbEntity
  8
Default
 62
   178
420
   395273
370
     0
100
AcDbSpline
210
0.0
220
0.0
230
1.0
 70
     8
 71
     3
 72
     8
 73
     4
 74
     0
 42
0.000000001
 43
0.0000000001
 40
45.0326218552074
 40
45.0326218552074
 40
45.0326218552074
 40
45.0326218552074
 40
46.0326218552074
 40
46.0326218552074
 40
46.0326218552074
 40
46.0326218552074
 10
-1.612449030645525
 20
5.335453078461882
 30
0.0
 10
-1.734691403200357
 20
5.42952316579475
 30
0.0
 10
-1.878282324072182
 20
5.499612692004418
 30
0.0
 10
-2.03376604354982
 20
5.541237487124766
 30
0.0
  0
SPLINE
  5
93
330
1F
100
AcDbEntity
  8
Default
 62
   178
420
   395273
370
     0
100
AcDbSpline
210
0.0
220
0.0
230
1.0
 70
     8
 71
     3
 72
     8
 73
     4
 74
     0
 42
0.000000001
 43
0.0000000001
 40
46.0326218552074
 40
46.0326218552074
 40
46.0326218552074
 40
46.0326218552074
 40
47.0326218552074
 40
47.0326218552074
 40
47.0326218552074
 40
47.0326218552074
 10
-2.03376604354982
 20
5.541237487124766
 30
0.0
 10
-2.119647646596716
 20
5.562001143707043
 30
0.0
 10
-2.20567547257729
 20
5.582472354421971
 30
0.0
 10
-2.291849521491543
 20
5.60255363731375
 30
0.0
  0
SPLINE
  5
94
330
1F
100
AcDbEntity
  8
Default
 62
   178
420
   395273
370
     0
100
AcDbSpline
210
0.0
220
0.0
230
1.0
 70
     8
 71
     3
 72
     8
 73
     4
 74
     0
 42
0.000000001
 43
0.0000000001
 40
47.0326218552074
 40
47.0326218552074
 40
47.0326218552074
 40
47.0326218552074
 40
48.0326218552074
 40
48.0326218552074
 40
48.0326218552074
 40
48.0326218552074
 10
-2.291849521491543
 20
5.60255363731375
 30
0.0
 10
-2.35063114083011
 20
5.616103629167915
 30
0.0
 10
-2.40707319322983
 20
5.636428616949162
 30
0.0
 10
-2.45971344935392
 20
5.663041190878561
 30
0.0
  0
SPLINE
  5
95
330
1F
100
AcDbEntity
  8
Default
 62
   178
420
   395273
370
     0
100
AcDbSpline
210
0.0
220
0.0
230
1.0
 70
     8
 71
     3
 72
     8
 73
     4
 74
     0
 42
0.000000001
 43
0.0000000001
 40
48.0326218552074
 40
48.0326218552074
 40
48.0326218552074
 40
48.0326218552074
 40
49.0326218552074
 40
49.0326218552074
 40
49.0326218552074
 40
49.0326218552074
 10
-2.45971344935392
 20
5.663041190878561
 30
0.0
 10
-2.509721692671807
 20
5.687899089603826
 30
0.0
 10
-2.550761596057441
 20
5.724649786934904
 30
0.0
 10
-2.578154025633124
 20
5.769004076817244
 30
0.0
  0
SPLINE
  5
96
330
1F
100
AcDbEntity
  8
Default
 62
   178
420
   395273
370
     0
100
AcDbSpline
210
0.0
220
0.0
230
1.0
 70
     8
 71
     3
 72
     8
 73
     4
 74
     0
 42
0.000000001
 43
0.0000000001
 40
49.0326218552074
 40
49.0326218552074
 40
49.0326218552074
 40
49.0326218552074
 40
50.0326218552074
 40
50.0326218552074
 40
50.0326218552074
 40
50.0326218552074
 10
-2.578154025633124
 20
5.769004076817244
 30
0.0
 10
-2.601988363822644
 20
5.810433908026014
 30
0.0
 10
-2.621679718891285
 20
5.853569673461033
 30
0.0
 10
-2.637033126927478
 20
5.897972704321264
 30
0.0
  0
LINE
  5
97
330
1F
100
AcDbEntity
  8
Default
 62
   178
420
   395273
370
     0
100
AcDbLine
 10
-2.637033126927478
 20
5.897972704321264
 30
0.0
 11
-2.637033126927478
 21
6.100930136266368
 31
0.0
  0
LINE
  5
98
330
1F
100
AcDbEntity
  8
Default
 62
   178
420
   395273
370
     0
100
AcDbLine
 10
-2.637033126927478
 20
6.100930136266368
 30
0.0
 11
-2.637033126927478
 21
6.210499854569107
 31
0.0
  0
LINE
  5
99
330
1F
100
AcDbEntity
  8
Default
 62
   178
420
   395273
370
     0
100
AcDbLine
 10
-2.637033126927478
 20
6.210499854569107
 30
0.0
 11
-2.637033126927478
 21
6.41340854553632
 31
0.0
  0
SPLINE
  5
9A
330
1F
100
AcDbEntity
  8
Default
 62
   178
420
   395273
370
     0
100
AcDbSpline
210
0.0
220
0.0
230
1.0
 70
     8
 71
     3
 72
     8
 73
     4
 74
     0
 42
0.000000001
 43
0.0000000001
 40
60.60762185520744
 40
60.60762185520744
 40
60.60762185520744
 40
60.60762185520744
 40
61.60762185520744
 40
61.60762185520744
 40
61.60762185520744
 40
61.60762185520744
 10
-2.637033126927478
 20
6.41340854553632
 30
0.0
 10
-2.620412453466074
 20
6.465171464058337
 30
0.0
 10
-2.596285669409199
 20
6.514887261508872
 30
0.0
 10
-2.56533514844735
 20
6.5612886724627
 30
0.0
  0
SPLINE
  5
9B
330
1F
100
AcDbEntity
  8
Default
 62
   178
420
   395273
370
     0
100
AcDbSpline
210
0.0
220
0.0
230
1.0
 70
     8
 71
     3
 72
     8
 73
     4
 74
     0
 42
0.000000001
 43
0.0000000001
 40
61.60762185520744
 40
61.60762185520744
 40
61.60762185520744
 40
61.60762185520744
 40
62.60762185520744
 40
62.60762185520744
 40
62.60762185520744
 40
62.60762185520744
 10
-2.56533514844735
 20
6.5612886724627
 30
0.0
 10
-2.533507289883433
 20
6.603352136384077
 30
0.0
 10
-2.489445445868454
 20
6.637129634063701
 30
0.0
 10
-2.437780009302216
 20
6.659258038026979
 30
0.0
  0
SPLINE
  5
9C
330
1F
100
AcDbEntity
  8
Default
 62
   178
420
   395273
370
     0
100
AcDbSpline
210
0.0
220
0.0
230
1.0
 70
     8
 71
     3
 72
     8
 73
     4
 74
     0
 42
0.000000001
 43
0.0000000001
 40
62.60762185520744
 40
62.60762185520744
 40
62.60762185520744
 40
62.60762185520744
 40
63.60762185520744
 40
63.60762185520744
 40
63.60762185520744
 40
63.60762185520744
 10
-2.437780009302216
 20
6.659258038026979
 30
0.0
 10
-2.369981309053504
 20
6.68845388378469
 30
0.0
 10
-2.298527035462839
 20
6.710582287747968
 30
0.0
 10
-2.224879417867005
 20
6.72525332209366
 30
0.0
  0
SPLINE
  5
9D
330
1F
100
AcDbEntity
  8
Default
 62
   178
420
   395273
370
     0
100
AcDbSpline
210
0.0
220
0.0
230
1.0
 70
     8
 71
     3
 72
     8
 73
     4
 74
     0
 42
0.000000001
 43
0.0000000001
 40
63.60762185520744
 40
63.60762185520744
 40
63.60762185520744
 40
63.60762185520744
 40
64.60762185520744
 40
64.60762185520744
 40
64.60762185520744
 40
64.60762185520744
 10
-2.224879417867005
 20
6.72525332209366
 30
0.0
 10
-2.160736290960243
 20
6.738754572969934
 30
0.0
 10
-2.097031832854514
 20
6.753766794160877
 30
0.0
 10
-2.03376604354982
 20
6.770192503710709
 30
0.0
  0
SPLINE
  5
9E
330
1F
100
AcDbEntity
  8
Default
 62
   178
420
   395273
370
     0
100
AcDbSpline
210
0.0
220
0.0
230
1.0
 70
     8
 71
     3
 72
     8
 73
     4
 74
     0
 42
0.000000001
 43
0.0000000001
 40
64.60762185520744
 40
64.60762185520744
 40
64.60762185520744
 40
64.60762185520744
 40
65.60762185520744
 40
65.60762185520744
 40
65.60762185520744
 40
65.60762185520744
 10
-2.03376604354982
 20
6.770192503710709
 30
0.0
 10
-1.878282324072182
 20
6.811768557853165
 30
0.0
 10
-1.734691403200357
 20
6.881906825040725
 30
0.0
 10
-1.612449030645525
 20
6.975976912373588
 30
0.0
  0
SPLINE
  5
9F
330
1F
100
AcDbEntity
  8
Default
 62
   178
420
   395273
370
     0
100
AcDbSpline
210
0.0
220
0.0
230
1.0
 70
     8
 71
     3
 72
     8
 73
     4
 74
     0
 42
0.000000001
 43
0.0000000001
 40
65.60762185520744
 40
65.60762185520744
 40
65.60762185520744
 40
65.60762185520744
 40
66.60762185520744
 40
66.60762185520744
 40
66.60762185520744
 40
66.60762185520744
 10
-1.612449030645525
 20
6.975976912373588
 30
0.0
 10
-1.559808774521434
 20
7.022134618437953
 30
0.0
 10
-1.504146577767998
 20
7.065611570718223
 30
0.0
 10
-1.445754886252572
 20
7.106115323347038
 30
0.0
  0
SPLINE
  5
A0
330
1F
100
AcDbEntity
  8
Default
 62
   178
420
   395273
370
     0
100
AcDbSpline
210
0.0
220
0.0
230
1.0
 70
     8
 71
     3
 72
     8
 73
     4
 74
     0
 42
0.000000001
 43
0.0000000001
 40
66.60762185520744
 40
66.60762185520744
 40
66.60762185520744
 40
66.60762185520744
 40
67.60762185520744
 40
67.60762185520744
 40
67.60762185520744
 40
67.60762185520744
 10
-1.445754886252572
 20
7.106115323347038
 30
0.0
 10
-1.390628840255954
 20
7.142622315788648
 30
0.0
 10
-1.328825280288041
 20
7.170599637099048
 30
0.0
 10
-1.263024960132927
 20
7.18882876283091
 30
0.0
  0
SPLINE
  5
A1
330
1F
100
AcDbEntity
  8
Default
 62
   178
420
   395273
370
     0
100
AcDbSpline
210
0.0
220
0.0
230
1.0
 70
     8
 71
     3
 72
     8
 73
     4
 74
     0
 42
0.000000001
 43
0.0000000001
 40
67.60762185520744
 40
67.60762185520744
 40
67.60762185520744
 40
67.60762185520744
 40
68.60762185520744
 40
68.60762185520744
 40
68.60762185520744
 40
68.60762185520744
 10
-1.263024960132927
 20
7.18882876283091
 30
0.0
 10
-1.225201961288209
 20
7.195165089956958
 30
0.0
 10
-1.187768890266635
 20
7.203012387397676
 30
0.0
 10
-1.150774488046093
 20
7.21237065515307
 30
0.0
  0
SPLINE
  5
A2
330
1F
100
AcDbEntity
  8
Default
 62
   178
420
   395273
370
     0
100
AcDbSpline
210
0.0
220
0.0
230
1.0
 70
     8
 71
     3
 72
     8
 73
     4
 74
     0
 42
0.000000001
 43
0.0000000001
 40
68.60762185520744
 40
68.60762185520744
 40
68.60762185520744
 40
68.60762185520744
 40
69.60762185520744
 40
69.60762185520744
 40
69.60762185520744
 40
69.60762185520744
 10
-1.150774488046093
 20
7.21237065515307
 30
0.0
 10
-1.099401497347212
 20
7.226895466565088
 30
0.0
 10
-1.054803502575413
 20
7.255603902543878
 30
0.0
 10
-1.023609276724101
 20
7.294255498012764
 30
0.0
  0
SPLINE
  5
A3
330
1F
100
AcDbEntity
  8
Default
 62
   178
420
   395273
370
     0
100
AcDbSpline
210
0.0
220
0.0
230
1.0
 70
     8
 71
     3
 72
     8
 73
     4
 74
     0
 42
0.000000001
 43
0.0000000001
 40
69.60762185520744
 40
69.60762185520744
 40
69.60762185520744
 40
69.60762185520744
 40
70.60762185520744
 40
70.60762185520744
 40
70.60762185520744
 40
70.60762185520744
 10
-1.023609276724101
 20
7.294255498012764
 30
0.0
 10
-1.000506053202971
 20
7.327155658090325
 30
0.0
 10
-0.9994337516893316
 20
7.368390525387529
 30
0.0
 10
-1.020879781962109
 20
7.402168023067153
 30
0.0
  0
SPLINE
  5
A4
330
1F
100
AcDbEntity
  8
Default
 62
   178
420
   395273
370
     0
100
AcDbSpline
210
0.0
220
0.0
230
1.0
 70
     8
 71
     3
 72
     8
 73
     4
 74
     0
 42
0.000000001
 43
0.0000000001
 40
70.60762185520744
 40
70.60762185520744
 40
70.60762185520744
 40
70.60762185520744
 40
71.60762185520744
 40
71.60762185520744
 40
71.60762185520744
 40
71.60762185520744
 10
-1.020879781962109
 20
7.402168023067153
 30
0.0
 10
-1.02507150606088
 20
7.406359747165924
 30
0.0
 10
-1.030920423408001
 20
7.409040500950018
 30
0.0
 10
-1.037256750534049
 20
7.409722874640517
 30
0.0
  0
SPLINE
  5
A5
330
1F
100
AcDbEntity
  8
Default
 62
   178
420
   395273
370
     0
100
AcDbSpline
210
0.0
220
0.0
230
1.0
 70
     8
 71
     3
 72
     8
 73
     4
 74
     0
 42
0.000000001
 43
0.0000000001
 40
71.60762185520744
 40
71.60762185520744
 40
71.60762185520744
 40
71.60762185520744
 40
72.60762185520744
 40
72.60762185520744
 40
72.60762185520744
 40
72.60762185520744
 10
-1.037256750534049
 20
7.409722874640517
 30
0.0
 10
-1.08497416789098
 20
7.414596972429785
 30
0.0
 10
-1.133081513071051
 20
7.41503564123082
 30
0.0
 10
-1.180847671405875
 20
7.411038881043621
 30
0.0
  0
SPLINE
  5
A6
330
1F
100
AcDbEntity
  8
Default
 62
   178
420
   395273
370
     0
100
AcDbSpline
210
0.0
220
0.0
230
1.0
 70
     8
 71
     3
 72
     8
 73
     4
 74
     0
 42
0.000000001
 43
0.0000000001
 40
72.60762185520744
 40
72.60762185520744
 40
72.60762185520744
 40
72.60762185520744
 40
73.60762185520744
 40
73.60762185520744
 40
73.60762185520744
 40
73.60762185520744
 10
-1.180847671405875
 20
7.411038881043621
 30
0.0
 10
-1.395697901956793
 20
7.402655432846079
 30
0.0
 10
-1.608013601657291
 20
7.367610669741248
 30
0.0
 10
-1.811653407292894
 20
7.306879411286968
 30
0.0
  0
SPLINE
  5
A7
330
1F
100
AcDbEntity
  8
Default
 62
   178
420
   395273
370
     0
100
AcDbSpline
210
0.0
220
0.0
230
1.0
 70
     8
 71
     3
 72
     8
 73
     4
 74
     0
 42
0.000000001
 43
0.0000000001
 40
73.60762185520744
 40
73.60762185520744
 40
73.60762185520744
 40
73.60762185520744
 40
74.60762185520744
 40
74.60762185520744
 40
74.60762185520744
 40
74.60762185520744
 10
-1.811653407292894
 20
7.306879411286968
 30
0.0
 10
-1.939111064482243
 20
7.269251376353825
 30
0.0
 10
-2.06525271526849
 20
7.228211472968193
 30
0.0
 10
-2.189932136717956
 20
7.183808442107961
 30
0.0
  0
SPLINE
  5
A8
330
1F
100
AcDbEntity
  8
Default
 62
   178
420
   395273
370
     0
100
AcDbSpline
210
0.0
220
0.0
230
1.0
 70
     8
 71
     3
 72
     8
 73
     4
 74
     0
 42
0.000000001
 43
0.0000000001
 40
74.60762185520744
 40
74.60762185520744
 40
74.60762185520744
 40
74.60762185520744
 40
75.60762185520744
 40
75.60762185520744
 40
75.60762185520744
 40
75.60762185520744
 10
-2.189932136717956
 20
7.183808442107961
 30
0.0
 10
-2.291752039535757
 20
7.147203967710563
 30
0.0
 10
-2.394205575066163
 20
7.111866758738371
 30
0.0
 10
-2.497195261353389
 20
7.077796815191392
 30
0.0
  0
SPLINE
  5
A9
330
1F
100
AcDbEntity
  8
Default
 62
   178
420
   395273
370
     0
100
AcDbSpline
210
0.0
220
0.0
230
1.0
 70
     8
 71
     3
 72
     8
 73
     4
 74
     0
 42
0.000000001
 43
0.0000000001
 40
75.60762185520744
 40
75.60762185520744
 40
75.60762185520744
 40
75.60762185520744
 40
76.60762185520744
 40
76.60762185520744
 40
76.60762185520744
 40
76.60762185520744
 10
-2.497195261353389
 20
7.077796815191392
 30
0.0
 10
-2.62504284636588
 20
7.036659429849971
 30
0.0
 10
-2.760445282951735
 20
7.016334442068723
 30
0.0
 10
-2.896676316161765
 20
7.017796671405508
 30
0.0
  0
SPLINE
  5
AA
330
1F
100
AcDbEntity
  8
Default
 62
   178
420
   395273
370
     0
100
AcDbSpline
210
0.0
220
0.0
230
1.0
 70
     8
 71
     3
 72
     8
 73
     4
 74
     0
 42
0.000000001
 43
0.0000000001
 40
76.60762185520744
 40
76.60762185520744
 40
76.60762185520744
 40
76.60762185520744
 40
77.60762185520744
 40
77.60762185520744
 40
77.60762185520744
 40
77.60762185520744
 10
-2.896676316161765
 20
7.017796671405508
 30
0.0
 10
-2.945417294054442
 20
7.017601707493936
 30
0.0
 10
-2.992598560654554
 20
7.032955115530126
 30
0.0
 10
-3.029397998963524
 20
7.061029918796309
 30
0.0
  0
SPLINE
  5
AB
330
1F
100
AcDbEntity
  8
Default
 62
   178
420
   395273
370
     0
100
AcDbSpline
210
0.0
220
0.0
230
1.0
 70
     8
 71
     3
 72
     8
 73
     4
 74
     0
 42
0.000000001
 43
0.0000000001
 40
77.60762185520744
 40
77.60762185520744
 40
77.60762185520744
 40
77.60762185520744
 40
78.60762185520744
 40
78.60762185520744
 40
78.60762185520744
 40
78.60762185520744
 10
-3.029397998963524
 20
7.061029918796309
 30
0.0
 10
-3.040121014099913
 20
7.067122541032894
 30
0.0
 10
-3.046798528071209
 20
7.07745562834614
 30
0.0
 10
-3.047334678828029
 20
7.088666053261456
 30
0.0
  0
SPLINE
  5
AC
330
1F
100
AcDbEntity
  8
Default
 62
   178
420
   395273
370
     0
100
AcDbSpline
210
0.0
220
0.0
230
1.0
 70
     8
 71
     3
 72
     8
 73
     4
 74
     0
 42
0.000000001
 43
0.0000000001
 40
78.60762185520744
 40
78.60762185520744
 40
78.60762185520744
 40
78.60762185520744
 40
79.60762185520744
 40
79.60762185520744
 40
79.60762185520744
 40
79.60762185520744
 10
-3.047334678828029
 20
7.088666053261456
 30
0.0
 10
-3.049917950656341
 20
7.118105603908636
 30
0.0
 10
-3.048748167186916
 20
7.147740118467381
 30
0.0
 10
-3.043825328419756
 20
7.176935964225096
 30
0.0
  0
SPLINE
  5
AD
330
1F
100
AcDbEntity
  8
Default
 62
   178
420
   395273
370
     0
100
AcDbSpline
210
0.0
220
0.0
230
1.0
 70
     8
 71
     3
 72
     8
 73
     4
 74
     0
 42
0.000000001
 43
0.0000000001
 40
79.60762185520744
 40
79.60762185520744
 40
79.60762185520744
 40
79.60762185520744
 40
80.60762185520744
 40
80.60762185520744
 40
80.60762185520744
 40
80.60762185520744
 10
-3.043825328419756
 20
7.176935964225096
 30
0.0
 10
-3.03461328359804
 20
7.256481240145941
 30
0.0
 10
-3.00985286682856
 20
7.334076876951081
 30
0.0
 10
-2.970616379624955
 20
7.406213524232244
 30
0.0
  0
SPLINE
  5
AE
330
1F
100
AcDbEntity
  8
Default
 62
   178
420
   395273
370
     0
100
AcDbSpline
210
0.0
220
0.0
230
1.0
 70
     8
 71
     3
 72
     8
 73
     4
 74
     0
 42
0.000000001
 43
0.0000000001
 40
80.60762185520744
 40
80.60762185520744
 40
80.60762185520744
 40
80.60762185520744
 40
81.60762185520744
 40
81.60762185520744
 40
81.60762185520744
 40
81.60762185520744
 10
-2.970616379624955
 20
7.406213524232244
 30
0.0
 10
-2.928260469836219
 20
7.481567076054324
 30
0.0
 10
-2.88746427134005
 20
7.557554260589005
 30
0.0
 10
-2.848227784136445
 20
7.634175077836293
 30
0.0
  0
SPLINE
  5
AF
330
1F
100
AcDbEntity
  8
Default
 62
   178
420
   395273
370
     0
100
AcDbSpline
210
0.0
220
0.0
230
1.0
 70
     8
 71
     3
 72
     8
 73
     4
 74
     0
 42
0.000000001
 43
0.0000000001
 40
81.60762185520744
 40
81.60762185520744
 40
81.60762185520744
 40
81.60762185520744
 40
82.60762185520744
 40
82.60762185520744
 40
82.60762185520744
 40
82.60762185520744
 10
-2.848227784136445
 20
7.634175077836293
 30
0.0
 10
-2.822638770742789
 20
7.688228822319273
 30
0.0
 10
-2.798901914509056
 20
7.742964940492746
 30
0.0
 10
-2.777163438368922
 20
7.798334691378829
 30
0.0
  0
SPLINE
  5
B0
330
1F
100
AcDbEntity
  8
Default
 62
   178
420
   395273
370
     0
100
AcDbSpline
210
0.0
220
0.0
230
1.0
 70
     8
 71
     3
 72
     8
 73
     4
 74
     0
 42
0.000000001
 43
0.0000000001
 40
82.60762185520744
 40
82.60762185520744
 40
82.60762185520744
 40
82.60762185520744
 40
83.60762185520744
 40
83.60762185520744
 40
83.60762185520744
 40
83.60762185520744
 10
-2.777163438368922
 20
7.798334691378829
 30
0.0
 10
-2.732614184575017
 20
7.907465740880529
 30
0.0
 10
-2.689137232294749
 20
8.016986718205375
 30
0.0
 10
-2.646878804461798
 20
8.12684888237547
 30
0.0
  0
SPLINE
  5
B1
330
1F
100
AcDbEntity
  8
Default
 62
   178
420
   395273
370
     0
100
AcDbSpline
210
0.0
220
0.0
230
1.0
 70
     8
 71
     3
 72
     8
 73
     4
 74
     0
 42
0.000000001
 43
0.0000000001
 40
83.60762185520744
 40
83.60762185520744
 40
83.60762185520744
 40
83.60762185520744
 40
84.60762185520744
 40
84.60762185520744
 40
84.60762185520744
 40
84.60762185520744
 10
-2.646878804461798
 20
8.12684888237547
 30
0.0
 10
-2.630355612956181
 20
8.170520798567306
 30
0.0
 10
-2.624847882454308
 20
8.216824727565351
 30
0.0
 10
-2.630599317845644
 20
8.262592505806571
 30
0.0
  0
SPLINE
  5
B2
330
1F
100
AcDbEntity
  8
Default
 62
   178
420
   395273
370
     0
100
AcDbSpline
210
0.0
220
0.0
230
1.0
 70
     8
 71
     3
 72
     8
 73
     4
 74
     0
 42
0.000000001
 43
0.0000000001
 40
84.60762185520744
 40
84.60762185520744
 40
84.60762185520744
 40
84.60762185520744
 40
85.60762185520744
 40
85.60762185520744
 40
85.60762185520744
 40
85.60762185520744
 10
-2.630599317845644
 20
8.262592505806571
 30
0.0
 10
-2.634742300966522
 20
8.288668928979153
 30
0.0
 10
-2.643954345788238
 20
8.313965496505451
 30
0.0
 10
-2.657845524487652
 20
8.337312424916046
 30
0.0
  0
SPLINE
  5
B3
330
1F
100
AcDbEntity
  8
Default
 62
   178
420
   395273
370
     0
100
AcDbSpline
210
0.0
220
0.0
230
1.0
 70
     8
 71
     3
 72
     8
 73
     4
 74
     0
 42
0.000000001
 43
0.0000000001
 40
85.60762185520744
 40
85.60762185520744
 40
85.60762185520744
 40
85.60762185520744
 40
86.60762185520744
 40
86.60762185520744
 40
86.60762185520744
 40
86.60762185520744
 10
-2.657845524487652
 20
8.337312424916046
 30
0.0
 10
-2.663694441834771
 20
8.346085800936725
 30
0.0
 10
-2.671687962209171
 20
8.353640652510089
 30
0.0
 10
-2.681241193876136
 20
8.359392087901428
 30
0.0
  0
LINE
  5
B4
330
1F
100
AcDbEntity
  8
Default
 62
   178
420
   395273
370
     0
100
AcDbLine
 10
-2.681241193876136
 20
8.359392087901428
 30
0.0
 11
-2.704149453485694
 21
8.37508668278287
 31
0.0
  0
SPLINE
  5
B5
330
1F
100
AcDbEntity
  8
Default
 62
   178
420
   395273
370
     0
100
AcDbSpline
210
0.0
220
0.0
230
1.0
 70
     8
 71
     3
 72
     8
 73
     4
 74
     0
 42
0.000000001
 43
0.0000000001
 40
87.17734459479223
 40
87.17734459479223
 40
87.17734459479223
 40
87.17734459479223
 40
88.17734459479223
 40
88.17734459479223
 40
88.17734459479223
 40
88.17734459479223
 10
-2.704149453485694
 20
8.37508668278287
 30
0.0
 10
-2.738024433121103
 20
8.394193146116795
 30
0.0
 10
-2.774238979695362
 20
8.409936481976134
 30
0.0
 10
-2.812110719517972
 20
8.422072985471406
 30
0.0
  0
SPLINE
  5
B6
330
1F
100
AcDbEntity
  8
Default
 62
   178
420
   395273
370
     0
100
AcDbSpline
210
0.0
220
0.0
230
1.0
 70
     8
 71
     3
 72
     8
 73
     4
 74
     0
 42
0.000000001
 43
0.0000000001
 40
88.17734459479223
 40
88.17734459479223
 40
88.17734459479223
 40
88.17734459479223
 40
89.17734459479223
 40
89.17734459479223
 40
89.17734459479223
 40
89.17734459479223
 10
-2.812110719517972
 20
8.422072985471406
 30
0.0
 10
-2.838918257358944
 20
8.429189168243742
 30
0.0
 10
-2.867236765514589
 20
8.430602656602629
 30
0.0
 10
-2.894775418023952
 20
8.426167227614394
 30
0.0
  0
SPLINE
  5
B7
330
1F
100
AcDbEntity
  8
Default
 62
   178
420
   395273
370
     0
100
AcDbSpline
210
0.0
220
0.0
230
1.0
 70
     8
 71
     3
 72
     8
 73
     4
 74
     0
 42
0.000000001
 43
0.0000000001
 40
89.17734459479223
 40
89.17734459479223
 40
89.17734459479223
 40
89.17734459479223
 40
90.17734459479223
 40
90.17734459479223
 40
90.17734459479223
 40
90.17734459479223
 10
-2.894775418023952
 20
8.426167227614394
 30
0.0
 10
-2.958041207328646
 20
8.414713097809615
 30
0.0
 10
-3.019357357517632
 20
8.396191526210398
 30
0.0
 10
-3.077310380232025
 20
8.37108992259567
 30
0.0
  0
SPLINE
  5
B8
330
1F
100
AcDbEntity
  8
Default
 62
   178
420
   395273
370
     0
100
AcDbSpline
210
0.0
220
0.0
230
1.0
 70
     8
 71
     3
 72
     8
 73
     4
 74
     0
 42
0.000000001
 43
0.0000000001
 40
90.17734459479223
 40
90.17734459479223
 40
90.17734459479223
 40
90.17734459479223
 40
91.17734459479223
 40
91.17734459479223
 40
91.17734459479223
 40
91.17734459479223
 10
-3.077310380232025
 20
8.37108992259567
 30
0.0
 10
-3.288553778418885
 20
8.289253820713867
 30
0.0
 10
-3.456417706281262
 20
8.140155169340167
 30
0.0
 10
-3.546929702227963
 20
7.953623446944893
 30
0.0
  0
SPLINE
  5
B9
330
1F
100
AcDbEntity
  8
Default
 62
   178
420
   395273
370
     0
100
AcDbSpline
210
0.0
220
0.0
230
1.0
 70
     8
 71
     3
 72
     8
 73
     4
 74
     0
 42
0.000000001
 43
0.0000000001
 40
91.17734459479223
 40
91.17734459479223
 40
91.17734459479223
 40
91.17734459479223
 40
92.17734459479223
 40
92.17734459479223
 40
92.17734459479223
 40
92.17734459479223
 10
-3.546929702227963
 20
7.953623446944893
 30
0.0
 10
-3.57437087278154
 20
7.892892188490619
 30
0.0
 10
-3.590747841353479
 20
7.828749061583856
 30
0.0
 10
-3.595475716209068
 20
7.763533633163456
 30
0.0
  0
SPLINE
  5
BA
330
1F
100
AcDbEntity
  8
Default
 62
   178
420
   395273
370
     0
100
AcDbSpline
210
0.0
220
0.0
230
1.0
 70
     8
 71
     3
 72
     8
 73
     4
 74
     0
 42
0.000000001
 43
0.0000000001
 40
92.17734459479223
 40
92.17734459479223
 40
92.17734459479223
 40
92.17734459479223
 40
93.17734459479223
 40
93.17734459479223
 40
93.17734459479223
 40
93.17734459479223
 10
-3.595475716209068
 20
7.763533633163456
 30
0.0
 10
-3.603810423428716
 20
7.666441605201246
 30
0.0
 10
-3.602153230180365
 20
7.568910908438002
 30
0.0
 10
-3.590552877441908
 20
7.47206258536525
 30
0.0
  0
SPLINE
  5
BB
330
1F
100
AcDbEntity
  8
Default
 62
   178
420
   395273
370
     0
100
AcDbSpline
210
0.0
220
0.0
230
1.0
 70
     8
 71
     3
 72
     8
 73
     4
 74
     0
 42
0.000000001
 43
0.0000000001
 40
93.17734459479223
 40
93.17734459479223
 40
93.17734459479223
 40
93.17734459479223
 40
94.17734459479223
 40
94.17734459479223
 40
94.17734459479223
 40
94.17734459479223
 10
-3.590552877441908
 20
7.47206258536525
 30
0.0
 10
-3.583631658581148
 20
7.4151818641645
 30
0.0
 10
-3.586897304099957
 20
7.357667510251138
 30
0.0
 10
-3.600203591064659
 20
7.301664126652454
 30
0.0
  0
SPLINE
  5
BC
330
1F
100
AcDbEntity
  8
Default
 62
   178
420
   395273
370
     0
100
AcDbSpline
210
0.0
220
0.0
230
1.0
 70
     8
 71
     3
 72
     8
 73
     4
 74
     0
 42
0.000000001
 43
0.0000000001
 40
94.17734459479223
 40
94.17734459479223
 40
94.17734459479223
 40
94.17734459479223
 40
95.17734459479223
 40
95.17734459479223
 40
95.17734459479223
 40
95.17734459479223
 10
-3.600203591064659
 20
7.301664126652454
 30
0.0
 10
-3.603176790716111
 20
7.286164495682583
 30
0.0
 10
-3.609366894908482
 20
7.271249756447422
 30
0.0
 10
-3.618335234840734
 20
7.257651023615366
 30
0.0
  0
SPLINE
  5
BD
330
1F
100
AcDbEntity
  8
Default
 62
   178
420
   395273
370
     0
100
AcDbSpline
210
0.0
220
0.0
230
1.0
 70
     8
 71
     3
 72
     8
 73
     4
 74
     0
 42
0.000000001
 43
0.0000000001
 40
95.17734459479223
 40
95.17734459479223
 40
95.17734459479223
 40
95.17734459479223
 40
96.17734459479223
 40
96.17734459479223
 40
96.17734459479223
 40
96.17734459479223
 10
-3.618335234840734
 20
7.257651023615366
 30
0.0
 10
-3.631007889092829
 20
7.238252114414085
 30
0.0
 10
-3.646020110283774
 20
7.220169211615897
 30
0.0
 10
-3.663079452546211
 20
7.203597279132391
 30
0.0
  0
SPLINE
  5
BE
330
1F
100
AcDbEntity
  8
Default
 62
   178
420
   395273
370
     0
100
AcDbSpline
210
0.0
220
0.0
230
1.0
 70
     8
 71
     3
 72
     8
 73
     4
 74
     0
 42
0.000000001
 43
0.0000000001
 40
96.17734459479223
 40
96.17734459479223
 40
96.17734459479223
 40
96.17734459479223
 40
97.17734459479223
 40
97.17734459479223
 40
97.17734459479223
 40
97.17734459479223
 10
-3.663079452546211
 20
7.203597279132391
 30
0.0
 10
-3.678969011339224
 20
7.191655739548685
 30
0.0
 10
-3.698855330319435
 20
7.184588297754242
 30
0.0
 10
-3.719716468857501
 20
7.183467255262715
 30
0.0
  0
SPLINE
  5
BF
330
1F
100
AcDbEntity
  8
Default
 62
   178
420
   395273
370
     0
100
AcDbSpline
210
0.0
220
0.0
230
1.0
 70
     8
 71
     3
 72
     8
 73
     4
 74
     0
 42
0.000000001
 43
0.0000000001
 40
97.17734459479223
 40
97.17734459479223
 40
97.17734459479223
 40
97.17734459479223
 40
98.17734459479223
 40
98.17734459479223
 40
98.17734459479223
 40
98.17734459479223
 10
-3.719716468857501
 20
7.183467255262715
 30
0.0
 10
-3.780204022422313
 20
7.17722841009245
 30
0.0
 10
-3.841032762832373
 20
7.174011505551532
 30
0.0
 10
-3.901861503242433
 20
7.173719059684178
 30
0.0
  0
SPLINE
  5
C0
330
1F
100
AcDbEntity
  8
Default
 62
   178
420
   395273
370
     0
100
AcDbSpline
210
0.0
220
0.0
230
1.0
 70
     8
 71
     3
 72
     8
 73
     4
 74
     0
 42
0.000000001
 43
0.0000000001
 40
98.17734459479223
 40
98.17734459479223
 40
98.17734459479223
 40
98.17734459479223
 40
99.17734459479223
 40
99.17734459479223
 40
99.17734459479223
 40
99.17734459479223
 10
-3.901861503242433
 20
7.173719059684178
 30
0.0
 10
-4.031025094658026
 20
7.167041545712884
 30
0.0
 10
-4.158775197714731
 20
7.147106485754779
 30
0.0
 10
-4.282626022540022
 20
7.114401289588791
 30
0.0
  0
SPLINE
  5
C1
330
1F
100
AcDbEntity
  8
Default
 62
   178
420
   395273
370
     0
100
AcDbSpline
210
0.0
220
0.0
230
1.0
 70
     8
 71
     3
 72
     8
 73
     4
 74
     0
 42
0.000000001
 43
0.0000000001
 40
99.17734459479223
 40
99.17734459479223
 40
99.17734459479223
 40
99.17734459479223
 40
100.1773445947922
 40
100.1773445947922
 40
100.1773445947922
 40
100.1773445947922
 10
-4.282626022540022
 20
7.114401289588791
 30
0.0
 10
-4.406623070298991
 20
7.081306165599665
 30
0.0
 10
-4.529109147743287
 20
7.04406805848966
 30
0.0
 10
-4.649840549983447
 20
7.002686968258775
 30
0.0
  0
SPLINE
  5
C2
330
1F
100
AcDbEntity
  8
Default
 62
   178
420
   395273
370
     0
100
AcDbSpline
210
0.0
220
0.0
230
1.0
 70
     8
 71
     3
 72
     8
 73
     4
 74
     0
 42
0.000000001
 43
0.0000000001
 40
100.1773445947922
 40
100.1773445947922
 40
100.1773445947922
 40
100.1773445947922
 40
101.1773445947922
 40
101.1773445947922
 40
101.1773445947922
 40
101.1773445947922
 10
-4.649840549983447
 20
7.002686968258775
 30
0.0
 10
-4.785194245591409
 20
6.955846888503912
 30
0.0
 10
-4.923228694983469
 20
6.915050690007742
 30
0.0
 10
-5.063359006424914
 20
6.880493336681837
 30
0.0
  0
SPLINE
  5
C3
330
1F
100
AcDbEntity
  8
Default
 62
   178
420
   395273
370
     0
100
AcDbSpline
210
0.0
220
0.0
230
1.0
 70
     8
 71
     3
 72
     8
 73
     4
 74
     0
 42
0.000000001
 43
0.0000000001
 40
101.1773445947922
 40
101.1773445947922
 40
101.1773445947922
 40
101.1773445947922
 40
102.1773445947922
 40
102.1773445947922
 40
102.1773445947922
 40
102.1773445947922
 10
-5.063359006424914
 20
6.880493336681837
 30
0.0
 10
-5.236535700877593
 20
6.84052573480984
 30
0.0
 10
-5.411905739335444
 20
6.808356689400675
 30
0.0
 10
-5.588835489085859
 20
6.784132423388018
 30
0.0
  0
SPLINE
  5
C4
330
1F
100
AcDbEntity
  8
Default
 62
   178
420
   395273
370
     0
100
AcDbSpline
210
0.0
220
0.0
230
1.0
 70
     8
 71
     3
 72
     8
 73
     4
 74
     0
 42
0.000000001
 43
0.0000000001
 40
102.1773445947922
 40
102.1773445947922
 40
102.1773445947922
 40
102.1773445947922
 40
103.1773445947922
 40
103.1773445947922
 40
103.1773445947922
 40
103.1773445947922
 10
-5.588835489085859
 20
6.784132423388018
 30
0.0
 10
-5.872751685310701
 20
6.745724532808588
 30
0.0
 10
-6.156375435668186
 20
6.70575693093659
 30
0.0
 10
-6.439657999180421
 20
6.664278358749923
 30
0.0
  0
SPLINE
  5
C5
330
1F
100
AcDbEntity
  8
Default
 62
   178
420
   395273
370
     0
100
AcDbSpline
210
0.0
220
0.0
230
1.0
 70
     8
 71
     3
 72
     8
 73
     4
 74
     0
 42
0.000000001
 43
0.0000000001
 40
103.1773445947922
 40
103.1773445947922
 40
103.1773445947922
 40
103.1773445947922
 40
104.1773445947922
 40
104.1773445947922
 40
104.1773445947922
 40
104.1773445947922
 10
-6.439657999180421
 20
6.664278358749923
 30
0.0
 10
-6.538407220390983
 20
6.651215776674684
 30
0.0
 10
-6.635353025419517
 20
6.629623523468229
 30
0.0
 10
-6.729228148840812
 20
6.599794044997913
 30
0.0
  0
SPLINE
  5
C6
330
1F
100
AcDbEntity
  8
Default
 62
   178
420
   395273
370
     0
100
AcDbSpline
210
0.0
220
0.0
230
1.0
 70
     8
 71
     3
 72
     8
 73
     4
 74
     0
 42
0.000000001
 43
0.0000000001
 40
104.1773445947922
 40
104.1773445947922
 40
104.1773445947922
 40
104.1773445947922
 40
105.1773445947922
 40
105.1773445947922
 40
105.1773445947922
 40
105.1773445947922
 10
-6.729228148840812
 20
6.599794044997913
 30
0.0
 10
-6.819203994030692
 20
6.571085609019124
 30
0.0
 10
-6.901771210580886
 20
6.526975024026253
 30
0.0
 10
-6.972153182657912
 20
6.469996820869715
 30
0.0
  0
SPLINE
  5
C7
330
1F
100
AcDbEntity
  8
Default
 62
   178
420
   395273
370
     0
100
AcDbSpline
210
0.0
220
0.0
230
1.0
 70
     8
 71
     3
 72
     8
 73
     4
 74
     0
 42
0.000000001
 43
0.0000000001
 40
105.1773445947922
 40
105.1773445947922
 40
105.1773445947922
 40
105.1773445947922
 40
106.1773445947922
 40
106.1773445947922
 40
106.1773445947922
 40
106.1773445947922
 10
-6.972153182657912
 20
6.469996820869715
 30
0.0
 10
-7.009878699546843
 20
6.438461408173151
 30
0.0
 10
-7.042388931801258
 20
6.40253930746625
 30
0.0
 10
-7.068904023774875
 20
6.363254079284756
 30
0.0
  0
LINE
  5
C8
330
1F
100
AcDbEntity
  8
Default
 62
   178
420
   395273
370
     0
100
AcDbLine
 10
-7.068904023774875
 20
6.363254079284756
 30
0.0
 11
-7.076215170458775
 21
6.349752828408483
 31
0.0
  0
SPLINE
  5
C9
330
1F
100
AcDbEntity
  8
Default
 62
   178
420
   395273
370
     0
100
AcDbSpline
210
0.0
220
0.0
230
1.0
 70
     8
 71
     3
 72
     8
 73
     4
 74
     0
 42
0.000000001
 43
0.0000000001
 40
106.4923509439346
 40
106.4923509439346
 40
106.4923509439346
 40
106.4923509439346
 40
107.4923509439346
 40
107.4923509439346
 40
107.4923509439346
 40
107.4923509439346
 10
-7.076215170458775
 20
6.349752828408483
 30
0.0
 10
-7.08557343821417
 20
6.327770647378885
 30
0.0
 10
-7.093030807831749
 20
6.305203574614577
 30
0.0
 10
-7.098587279311515
 20
6.282246574027126
 30
0.0
  0
LINE
  5
CA
330
1F
100
AcDbEntity
  8
Default
 62
   178
420
   395273
370
     0
100
AcDbLine
 10
-7.098587279311515
 20
6.282246574027126
 30
0.0
 11
-7.115890326463416
 21
6.228631498345181
 31
0.0
  0
LINE
  5
CB
330
1F
100
AcDbEntity
  8
Default
 62
   178
420
   395273
370
     0
100
AcDbLine
 10
-7.115890326463416
 20
6.228631498345181
 30
0.0
 11
-4.84675410066986
 21
6.228631498345181
 31
0.0
  0
LINE
  5
CC
330
1F
100
AcDbEntity
  8
Default
 62
   178
420
   395273
370
     0
100
AcDbLine
 10
-4.84675410066986
 20
6.228631498345181
 30
0.0
 11
-4.84675410066986
 21
6.082749751512398
 31
0.0
  0
LINE
  5
CD
330
1F
100
AcDbEntity
  8
Default
 62
   178
420
   395273
370
     0
100
AcDbLine
 10
-4.84675410066986
 20
6.082749751512398
 30
0.0
 11
-7.115890326463416
 21
6.082749751512398
 31
0.0
  0
LINE
  5
CE
330
1F
100
AcDbEntity
  8
Default
 62
   178
420
   395273
370
     0
100
AcDbLine
 10
-7.115890326463416
 20
6.082749751512398
 30
0.0
 11
-7.098587279311515
 21
6.029134675830457
 31
0.0
  0
LINE
  5
CF
330
1F
100
AcDbEntity
  8
Default
 62
   178
420
   395273
370
     0
100
AcDbLine
 10
-7.098587279311515
 20
6.029134675830457
 30
0.0
 11
-7.08357505812057
 21
5.980101252070421
 31
0.0
  0
SPLINE
  5
D0
330
1F
100
AcDbEntity
  8
Default
 62
   178
420
   395273
370
     0
100
AcDbSpline
210
0.0
220
0.0
230
1.0
 70
     8
 71
     3
 72
     8
 73
     4
 74
     0
 42
0.000000001
 43
0.0000000001
 40
206.9591750489077
 40
206.9591750489077
 40
206.9591750489077
 40
206.9591750489077
 40
207.9591750489077
 40
207.9591750489077
 40
207.9591750489077
 40
207.9591750489077
 10
-7.08357505812057
 20
5.980101252070421
 30
0.0
 10
-7.079968225756511
 20
5.969037050088785
 30
0.0
 10
-7.075094127967244
 20
5.958314034952394
 30
0.0
 10
-7.068904023774875
 20
5.948175911550719
 30
0.0
  0
SPLINE
  5
D1
330
1F
100
AcDbEntity
  8
Default
 62
   178
420
   395273
370
     0
100
AcDbSpline
210
0.0
220
0.0
230
1.0
 70
     8
 71
     3
 72
     8
 73
     4
 74
     0
 42
0.000000001
 43
0.0000000001
 40
207.9591750489077
 40
207.9591750489077
 40
207.9591750489077
 40
207.9591750489077
 40
208.9591750489077
 40
208.9591750489077
 40
208.9591750489077
 40
208.9591750489077
 10
-7.068904023774875
 20
5.948175911550719
 30
0.0
 10
-7.007685355541672
 20
5.859808518631297
 30
0.0
 10
-6.918733070887538
 20
5.788939136775348
 30
0.0
 10
-6.812672702993074
 20
5.743951214180408
 30
0.0
  0
SPLINE
  5
D2
330
1F
100
AcDbEntity
  8
Default
 62
   178
420
   395273
370
     0
100
AcDbSpline
210
0.0
220
0.0
230
1.0
 70
     8
 71
     3
 72
     8
 73
     4
 74
     0
 42
0.000000001
 43
0.0000000001
 40
208.9591750489077
 40
208.9591750489077
 40
208.9591750489077
 40
208.9591750489077
 40
209.9591750489077
 40
209.9591750489077
 40
209.9591750489077
 40
209.9591750489077
 10
-6.812672702993074
 20
5.743951214180408
 30
0.0
 10
-6.7439479241644
 20
5.714072994732194
 30
0.0
 10
-6.671567571993775
 20
5.691067253166851
 30
0.0
 10
-6.596945134840087
 20
5.675470140241193
 30
0.0
  0
SPLINE
  5
D3
330
1F
100
AcDbEntity
  8
Default
 62
   178
420
   395273
370
     0
100
AcDbSpline
210
0.0
220
0.0
230
1.0
 70
     8
 71
     3
 72
     8
 73
     4
 74
     0
 42
0.000000001
 43
0.0000000001
 40
209.9591750489077
 40
209.9591750489077
 40
209.9591750489077
 40
209.9591750489077
 40
210.9591750489077
 40
210.9591750489077
 40
210.9591750489077
 40
210.9591750489077
 10
-6.596945134840087
 20
5.675470140241193
 30
0.0
 10
-6.54581584903067
 20
5.664503420215345
 30
0.0
 10
-6.494199153442326
 20
5.655145152459951
 30
0.0
 10
-6.442241271008732
 20
5.64754155990869
 30
0.0
  0
SPLINE
  5
D4
330
1F
100
AcDbEntity
  8
Default
 62
   178
420
   395273
370
     0
100
AcDbSpline
210
0.0
220
0.0
230
1.0
 70
     8
 71
     3
 72
     8
 73
     4
 74
     0
 42
0.000000001
 43
0.0000000001
 40
210.9591750489077
 40
210.9591750489077
 40
210.9591750489077
 40
210.9591750489077
 40
211.9591750489077
 40
211.9591750489077
 40
211.9591750489077
 40
211.9591750489077
 10
-6.442241271008732
 20
5.64754155990869
 30
0.0
 10
-6.158081369894429
 20
5.605868023810451
 30
0.0
 10
-5.873580281934876
 20
5.565802939982671
 30
0.0
 10
-5.588835489085859
 20
5.527248826469567
 30
0.0
  0
SPLINE
  5
D5
330
1F
100
AcDbEntity
  8
Default
 62
   178
420
   395273
370
     0
100
AcDbSpline
210
0.0
220
0.0
230
1.0
 70
     8
 71
     3
 72
     8
 73
     4
 74
     0
 42
0.000000001
 43
0.0000000001
 40
211.9591750489077
 40
211.9591750489077
 40
211.9591750489077
 40
211.9591750489077
 40
212.9591750489077
 40
212.9591750489077
 40
212.9591750489077
 40
212.9591750489077
 10
-5.588835489085859
 20
5.527248826469567
 30
0.0
 10
-5.411905739335444
 20
5.503024560456908
 30
0.0
 10
-5.236535700877593
 20
5.470904256025629
 30
0.0
 10
-5.063359006424914
 20
5.430936654153638
 30
0.0
  0
SPLINE
  5
D6
330
1F
100
AcDbEntity
  8
Default
 62
   178
420
   395273
370
     0
100
AcDbSpline
210
0.0
220
0.0
230
1.0
 70
     8
 71
     3
 72
     8
 73
     4
 74
     0
 42
0.000000001
 43
0.0000000001
 40
212.9591750489077
 40
212.9591750489077
 40
212.9591750489077
 40
212.9591750489077
 40
213.9591750489077
 40
213.9591750489077
 40
213.9591750489077
 40
213.9591750489077
 10
-5.063359006424914
 20
5.430936654153638
 30
0.0
 10
-4.918305856216309
 20
5.395160776380411
 30
0.0
 10
-4.775543531968659
 20
5.352707384635891
 30
0.0
 10
-4.635608184438786
 20
5.303722701853752
 30
0.0
  0
SPLINE
  5
D7
330
1F
100
AcDbEntity
  8
Default
 62
   178
420
   395273
370
     0
100
AcDbSpline
210
0.0
220
0.0
230
1.0
 70
     8
 71
     3
 72
     8
 73
     4
 74
     0
 42
0.000000001
 43
0.0000000001
 40
0.0
 40
0.0
 40
0.0
 40
0.0
 40
1.0
 40
1.0
 40
1.0
 40
1.0
 10
-5.05693007144087
 20
16.67878976639302
 30
0.0
 10
-4.998489638947551
 20
16.72426509876689
 30
0.0
 10
-4.926158027754819
 20
16.75375339039195
 30
0.0
 10
-4.848854836817034
 20
16.76359906792628
 30
0.0
  0
SPLINE
  5
D8
330
1F
100
AcDbEntity
  8
Default
 62
   178
420
   395273
370
     0
100
AcDbSpline
210
0.0
220
0.0
230
1.0
 70
     8
 71
     3
 72
     8
 73
     4
 74
     0
 42
0.000000001
 43
0.0000000001
 40
1.0
 40
1.0
 40
1.0
 40
1.0
 40
2.0
 40
2.0
 40
2.0
 40
2.0
 10
-4.848854836817034
 20
16.76359906792628
 30
0.0
 10
-4.776182038779053
 20
16.76861938864922
 30
0.0
 10
-4.703216794873716
 20
16.75726274080023
 30
0.0
 10
-4.636880323961784
 20
16.73065016687082
 30
0.0
  0
SPLINE
  5
D9
330
1F
100
AcDbEntity
  8
Default
 62
   178
420
   395273
370
     0
100
AcDbSpline
210
0.0
220
0.0
230
1.0
 70
     8
 71
     3
 72
     8
 73
     4
 74
     0
 42
0.000000001
 43
0.0000000001
 40
2.0
 40
2.0
 40
2.0
 40
2.0
 40
3.0
 40
3.0
 40
3.0
 40
3.0
 10
-4.636880323961784
 20
16.73065016687082
 30
0.0
 10
-4.596474053288754
 20
16.7041838158751
 30
0.0
 10
-4.551729835583278
 20
16.68342015929282
 30
0.0
 10
-4.504109900182133
 20
16.6689440888587
 30
0.0
  0
SPLINE
  5
DA
330
1F
100
AcDbEntity
  8
Default
 62
   178
420
   395273
370
     0
100
AcDbSpline
210
0.0
220
0.0
230
1.0
 70
     8
 71
     3
 72
     8
 73
     4
 74
     0
 42
0.000000001
 43
0.0000000001
 40
3.0
 40
3.0
 40
3.0
 40
3.0
 40
4.0
 40
4.0
 40
4.0
 40
4.0
 10
-4.504109900182133
 20
16.6689440888587
 30
0.0
 10
-4.178422685903269
 20
16.59554017615233
 30
0.0
 10
-3.887487788861883
 20
16.43308649683603
 30
0.0
 10
-3.673612377868818
 20
16.20522242518777
 30
0.0
  0
SPLINE
  5
DB
330
1F
100
AcDbEntity
  8
Default
 62
   178
420
   395273
370
     0
100
AcDbSpline
210
0.0
220
0.0
230
1.0
 70
     8
 71
     3
 72
     8
 73
     4
 74
     0
 42
0.000000001
 43
0.0000000001
 40
4.0
 40
4.0
 40
4.0
 40
4.0
 40
5.0
 40
5.0
 40
5.0
 40
5.0
 10
-3.673612377868818
 20
16.20522242518777
 30
0.0
 10
-3.528364263748642
 20
15.94864991756072
 30
0.0
 10
-3.443798667104848
 20
15.66873048152308
 30
0.0
 10
-3.425082131594061
 20
15.38266968227096
 30
0.0
  0
SPLINE
  5
DC
330
1F
100
AcDbEntity
  8
Default
 62
   178
420
   395273
370
     0
100
AcDbSpline
210
0.0
220
0.0
230
1.0
 70
     8
 71
     3
 72
     8
 73
     4
 74
     0
 42
0.000000001
 43
0.0000000001
 40
5.0
 40
5.0
 40
5.0
 40
5.0
 40
6.0
 40
6.0
 40
6.0
 40
6.0
 10
-3.425082131594061
 20
15.38266968227096
 30
0.0
 10
-3.389842404577655
 20
15.19365217000316
 30
0.0
 10
-3.375610039032994
 20
15.00205138590706
 30
0.0
 10
-3.382579998871647
 20
14.81064556572251
 30
0.0
  0
LINE
  5
DD
330
1F
100
AcDbEntity
  8
Default
 62
   178
420
   395273
370
     0
100
AcDbLine
 10
-3.382579998871647
 20
14.81064556572251
 30
0.0
 11
-3.40558574043699
 21
14.33225286770589
 31
0.0
  0
SPLINE
  5
DE
330
1F
100
AcDbEntity
  8
Default
 62
   178
420
   395273
370
     0
100
AcDbSpline
210
0.0
220
0.0
230
1.0
 70
     8
 71
     3
 72
     8
 73
     4
 74
     0
 42
0.000000001
 43
0.0000000001
 40
15.82634260546624
 40
15.82634260546624
 40
15.82634260546624
 40
15.82634260546624
 40
16.82634260546624
 40
16.82634260546624
 40
16.82634260546624
 40
16.82634260546624
 10
-3.40558574043699
 20
14.33225286770589
 30
0.0
 10
-3.410606061159935
 20
14.21342236360355
 30
0.0
 10
-3.412458218319857
 20
14.09449437754542
 30
0.0
 10
-3.411142211916756
 20
13.97556639148729
 30
0.0
  0
SPLINE
  5
DF
330
1F
100
AcDbEntity
  8
Default
 62
   178
420
   395273
370
     0
100
AcDbSpline
210
0.0
220
0.0
230
1.0
 70
     8
 71
     3
 72
     8
 73
     4
 74
     0
 42
0.000000001
 43
0.0000000001
 40
16.82634260546624
 40
16.82634260546624
 40
16.82634260546624
 40
16.82634260546624
 40
17.82634260546624
 40
17.82634260546624
 40
17.82634260546624
 40
17.82634260546624
 10
-3.411142211916756
 20
13.97556639148729
 30
0.0
 10
-3.4068530058622
 20
13.83606971275845
 30
0.0
 10
-3.396276213659489
 20
13.69671925696328
 30
0.0
 10
-3.379411835308622
 20
13.55795369290283
 30
0.0
  0
SPLINE
  5
E0
330
1F
100
AcDbEntity
  8
Default
 62
   178
420
   395273
370
     0
100
AcDbSpline
210
0.0
220
0.0
230
1.0
 70
     8
 71
     3
 72
     8
 73
     4
 74
     0
 42
0.000000001
 43
0.0000000001
 40
17.82634260546624
 40
17.82634260546624
 40
17.82634260546624
 40
17.82634260546624
 40
18.82634260546624
 40
18.82634260546624
 40
18.82634260546624
 40
18.82634260546624
 10
-3.379411835308622
 20
13.55795369290283
 30
0.0
 10
-3.353432894091826
 20
13.35494751997984
 30
0.0
 10
-3.328087585587634
 20
13.15189260607895
 30
0.0
 10
-3.303375909796047
 20
12.94878895120016
 30
0.0
  0
SPLINE
  5
E1
330
1F
100
AcDbEntity
  8
Default
 62
   178
420
   395273
370
     0
100
AcDbSpline
210
0.0
220
0.0
230
1.0
 70
     8
 71
     3
 72
     8
 73
     4
 74
     0
 42
0.000000001
 43
0.0000000001
 40
18.82634260546624
 40
18.82634260546624
 40
18.82634260546624
 40
18.82634260546624
 40
19.82634260546624
 40
19.82634260546624
 40
19.82634260546624
 40
19.82634260546624
 10
-3.303375909796047
 20
12.94878895120016
 30
0.0
 10
-3.283245885926372
 20
12.74427180796249
 30
0.0
 10
-3.27281531665734
 20
12.53912103201222
 30
0.0
 10
-3.272132942966842
 20
12.33387277410615
 30
0.0
  0
LINE
  5
E2
330
1F
100
AcDbEntity
  8
Default
 62
   178
420
   395273
370
     0
100
AcDbLine
 10
-3.272132942966842
 20
12.33387277410615
 30
0.0
 11
-3.273595172303622
 21
11.53106012723588
 31
0.0
  0
SPLINE
  5
E3
330
1F
100
AcDbEntity
  8
Default
 62
   178
420
   395273
370
     0
100
AcDbSpline
210
0.0
220
0.0
230
1.0
 70
     8
 71
     3
 72
     8
 73
     4
 74
     0
 42
0.000000001
 43
0.0000000001
 40
36.29736992618913
 40
36.29736992618913
 40
36.29736992618913
 40
36.29736992618913
 40
37.29736992618913
 40
37.29736992618913
 40
37.29736992618913
 40
37.29736992618913
 10
-3.273595172303622
 20
11.53106012723588
 30
0.0
 10
-3.272425388834198
 20
11.16379685881456
 30
0.0
 10
-3.233481347497949
 20
10.79741092799532
 30
0.0
 10
-3.15720171709591
 20
10.43633776376636
 30
0.0
  0
SPLINE
  5
E4
330
1F
100
AcDbEntity
  8
Default
 62
   178
420
   395273
370
     0
100
AcDbSpline
210
0.0
220
0.0
230
1.0
 70
     8
 71
     3
 72
     8
 73
     4
 74
     0
 42
0.000000001
 43
0.0000000001
 40
37.29736992618913
 40
37.29736992618913
 40
37.29736992618913
 40
37.29736992618913
 40
38.29736992618913
 40
38.29736992618913
 40
38.29736992618913
 40
38.29736992618913
 10
-3.15720171709591
 20
10.43633776376636
 30
0.0
 10
-3.121620803234256
 20
10.27544379574264
 30
0.0
 10
-3.087989528488309
 20
10.11415989989578
 30
0.0
 10
-3.056405374813856
 20
9.952632299159443
 30
0.0
  0
SPLINE
  5
E5
330
1F
100
AcDbEntity
  8
Default
 62
   178
420
   395273
370
     0
100
AcDbSpline
210
0.0
220
0.0
230
1.0
 70
     8
 71
     3
 72
     8
 73
     4
 74
     0
 42
0.000000001
 43
0.0000000001
 40
38.29736992618913
 40
38.29736992618913
 40
38.29736992618913
 40
38.29736992618913
 40
39.29736992618913
 40
39.29736992618913
 40
39.29736992618913
 40
39.29736992618913
 10
-3.056405374813856
 20
9.952632299159443
 30
0.0
 10
-3.041393153622911
 20
9.875962740934265
 30
0.0
 10
-3.031157548265448
 20
9.798610809018587
 30
0.0
 10
-3.025844781675147
 20
9.720966431235555
 30
0.0
  0
SPLINE
  5
E6
330
1F
100
AcDbEntity
  8
Default
 62
   178
420
   395273
370
     0
100
AcDbSpline
210
0.0
220
0.0
230
1.0
 70
     8
 71
     3
 72
     8
 73
     4
 74
     0
 42
0.000000001
 43
0.0000000001
 40
39.29736992618913
 40
39.29736992618913
 40
39.29736992618913
 40
39.29736992618913
 40
40.29736992618913
 40
40.29736992618913
 40
40.29736992618913
 40
40.29736992618913
 10
-3.025844781675147
 20
9.720966431235555
 30
0.0
 10
-3.020678238018524
 20
9.658967907356068
 30
0.0
 10
-3.024528775272044
 20
9.596628196631334
 30
0.0
 10
-3.037298911479926
 20
9.535458269376026
 30
0.0
  0
SPLINE
  5
E7
330
1F
100
AcDbEntity
  8
Default
 62
   178
420
   395273
370
     0
100
AcDbSpline
210
0.0
220
0.0
230
1.0
 70
     8
 71
     3
 72
     8
 73
     4
 74
     0
 42
0.000000001
 43
0.0000000001
 40
40.29736992618913
 40
40.29736992618913
 40
40.29736992618913
 40
40.29736992618913
 40
41.29736992618913
 40
41.29736992618913
 40
41.29736992618913
 40
41.29736992618913
 10
-3.037298911479926
 20
9.535458269376026
 30
0.0
 10
-3.046998366080569
 20
9.48671729148335
 30
0.0
 10
-3.071466336982692
 20
9.4411444771537
 30
0.0
 10
-3.108022070402199
 20
9.403516442220551
 30
0.0
  0
SPLINE
  5
E8
330
1F
100
AcDbEntity
  8
Default
 62
   178
420
   395273
370
     0
100
AcDbSpline
210
0.0
220
0.0
230
1.0
 70
     8
 71
     3
 72
     8
 73
     4
 74
     0
 42
0.000000001
 43
0.0000000001
 40
41.29736992618913
 40
41.29736992618913
 40
41.29736992618913
 40
41.29736992618913
 40
42.29736992618913
 40
42.29736992618913
 40
42.29736992618913
 40
42.29736992618913
 10
-3.108022070402199
 20
9.403516442220551
 30
0.0
 10
-3.196486945277407
 20
9.32007188806829
 30
0.0
 10
-3.301280047746662
 20
9.251103404350154
 30
0.0
 10
-3.417381057087018
 20
9.200071600496521
 30
0.0
  0
SPLINE
  5
E9
330
1F
100
AcDbEntity
  8
Default
 62
   178
420
   395273
370
     0
100
AcDbSpline
210
0.0
220
0.0
230
1.0
 70
     8
 71
     3
 72
     8
 73
     4
 74
     0
 42
0.000000001
 43
0.0000000001
 40
42.29736992618913
 40
42.29736992618913
 40
42.29736992618913
 40
42.29736992618913
 40
43.29736992618913
 40
43.29736992618913
 40
43.29736992618913
 40
43.29736992618913
 10
-3.417381057087018
 20
9.200071600496521
 30
0.0
 10
-3.559997158400989
 20
9.137000775103397
 30
0.0
 10
-3.711922786492462
 20
9.091574183707422
 30
0.0
 10
-3.868722512373202
 20
9.06501035075591
 30
0.0
  0
SPLINE
  5
EA
330
1F
100
AcDbEntity
  8
Default
 62
   178
420
   395273
370
     0
100
AcDbSpline
210
0.0
220
0.0
230
1.0
 70
     8
 71
     3
 72
     8
 73
     4
 74
     0
 42
0.000000001
 43
0.0000000001
 40
43.29736992618913
 40
43.29736992618913
 40
43.29736992618913
 40
43.29736992618913
 40
44.29736992618913
 40
44.29736992618913
 40
44.29736992618913
 40
44.29736992618913
 10
-3.868722512373202
 20
9.06501035075591
 30
0.0
 10
-4.108771828494634
 20
9.022898145856642
 30
0.0
 10
-4.355254953697899
 20
9.016659300686378
 30
0.0
 10
-4.597741318713965
 20
9.046488779156698
 30
0.0
  0
SPLINE
  5
EB
330
1F
100
AcDbEntity
  8
Default
 62
   178
420
   395273
370
     0
100
AcDbSpline
210
0.0
220
0.0
230
1.0
 70
     8
 71
     3
 72
     8
 73
     4
 74
     0
 42
0.000000001
 43
0.0000000001
 40
44.29736992618913
 40
44.29736992618913
 40
44.29736992618913
 40
44.29736992618913
 40
45.29736992618913
 40
45.29736992618913
 40
45.29736992618913
 40
45.29736992618913
 10
-4.597741318713965
 20
9.046488779156698
 30
0.0
 10
-4.699220034686517
 20
9.05862528265197
 30
0.0
 10
-4.800552527725391
 20
9.071297936904067
 30
0.0
 10
-4.901836279786373
 20
9.084506741912985
 30
0.0
  0
SPLINE
  5
EC
330
1F
100
AcDbEntity
  8
Default
 62
   178
420
   395273
370
     0
100
AcDbSpline
210
0.0
220
0.0
230
1.0
 70
     8
 71
     3
 72
     8
 73
     4
 74
     0
 42
0.000000001
 43
0.0000000001
 40
45.29736992618913
 40
45.29736992618913
 40
45.29736992618913
 40
45.29736992618913
 40
46.29736992618913
 40
46.29736992618913
 40
46.29736992618913
 40
46.29736992618913
 10
-4.901836279786373
 20
9.084506741912985
 30
0.0
 10
-4.953160529507361
 20
9.09191537055267
 30
0.0
 10
-5.004972189007277
 20
9.096204576607228
 30
0.0
 10
-5.05693007144087
 20
9.097374360076653
 30
0.0
  0
LINE
  5
ED
330
1F
100
AcDbEntity
  8
Default
 62
   178
420
   395273
370
     0
100
AcDbLine
 10
-5.05693007144087
 20
9.097374360076653
 30
0.0
 11
-5.05693007144087
 21
9.81284317456325
 31
0.0
  0
LINE
  5
EE
330
1F
100
AcDbEntity
  8
Default
 62
   178
420
   395273
370
     0
100
AcDbLine
 10
-5.05693007144087
 20
9.81284317456325
 30
0.0
 11
-4.259527673116683
 21
9.81284317456325
 31
0.0
  0
LINE
  5
EF
330
1F
100
AcDbEntity
  8
Default
 62
   178
420
   395273
370
     0
100
AcDbLine
 10
-4.259527673116683
 20
9.81284317456325
 30
0.0
 11
-4.259527673116683
 21
9.958676180418136
 31
0.0
  0
LINE
  5
F0
330
1F
100
AcDbEntity
  8
Default
 62
   178
420
   395273
370
     0
100
AcDbLine
 10
-4.259527673116683
 20
9.958676180418136
 30
0.0
 11
-5.05693007144087
 21
9.958676180418136
 31
0.0
  0
LINE
  5
F1
330
1F
100
AcDbEntity
  8
Default
 62
   178
420
   395273
370
     0
100
AcDbLine
 10
-5.05693007144087
 20
9.958676180418136
 30
0.0
 11
-5.05693007144087
 21
12.84721275327183
 31
0.0
  0
LINE
  5
F2
330
1F
100
AcDbEntity
  8
Default
 62
   178
420
   395273
370
     0
100
AcDbLine
 10
-5.05693007144087
 20
12.84721275327183
 30
0.0
 11
-4.259527673116683
 21
12.84721275327183
 31
0.0
  0
LINE
  5
F3
330
1F
100
AcDbEntity
  8
Default
 62
   178
420
   395273
370
     0
100
AcDbLine
 10
-4.259527673116683
 20
12.84721275327183
 30
0.0
 11
-4.259527673116683
 21
12.99304575912671
 31
0.0
  0
LINE
  5
F4
330
1F
100
AcDbEntity
  8
Default
 62
   178
420
   395273
370
     0
100
AcDbLine
 10
-4.259527673116683
 20
12.99304575912671
 30
0.0
 11
-5.05693007144087
 21
12.99304575912671
 31
0.0
  0
LINE
  5
F5
330
1F
100
AcDbEntity
  8
Default
 62
   178
420
   395273
370
     0
100
AcDbLine
 10
-5.05693007144087
 20
12.99304575912671
 30
0.0
 11
-5.05693007144087
 21
15.08905403144548
 31
0.0
  0
LINE
  5
F6
330
1F
100
AcDbEntity
  8
Default
 62
   178
420
   395273
370
     0
100
AcDbLine
 10
-5.05693007144087
 20
15.08905403144548
 30
0.0
 11
-4.259527673116683
 21
15.08905403144548
 31
0.0
  0
LINE
  5
F7
330
1F
100
AcDbEntity
  8
Default
 62
   178
420
   395273
370
     0
100
AcDbLine
 10
-4.259527673116683
 20
15.08905403144548
 30
0.0
 11
-4.259527673116683
 21
15.23488703730037
 31
0.0
  0
LINE
  5
F8
330
1F
100
AcDbEntity
  8
Default
 62
   178
420
   395273
370
     0
100
AcDbLine
 10
-4.259527673116683
 20
15.23488703730037
 30
0.0
 11
-5.05693007144087
 21
15.23488703730037
 31
0.0
  0
LINE
  5
F9
330
1F
100
AcDbEntity
  8
Default
 62
   178
420
   395273
370
     0
100
AcDbLine
 10
-5.05693007144087
 20
15.23488703730037
 30
0.0
 11
-5.05693007144087
 21
16.67878976639302
 31
0.0
  0
LINE
  5
FA
330
1F
100
AcDbEntity
  8
Default
 62
   178
420
   395273
370
     0
100
AcDbLine
 10
-0.3551852540995128
 20
-19.08245109117037
 30
0.0
 11
-3.093843319933221
 21
-19.08245109117037
 31
0.0
  0
LINE
  5
FB
330
1F
100
AcDbEntity
  8
Default
 62
   178
420
   395273
370
     0
100
AcDbLine
 10
-3.093843319933221
 20
-19.08245109117037
 30
0.0
 11
-3.093843319933221
 21
-19.22828409702526
 31
0.0
  0
LINE
  5
FC
330
1F
100
AcDbEntity
  8
Default
 62
   178
420
   395273
370
     0
100
AcDbLine
 10
-3.093843319933221
 20
-19.22828409702526
 30
0.0
 11
-0.3551852540995128
 21
-19.22828409702526
 31
0.0
  0
LINE
  5
FD
330
1F
100
AcDbEntity
  8
Default
 62
   178
420
   395273
370
     0
100
AcDbLine
 10
-0.3551852540995128
 20
-19.22828409702526
 30
0.0
 11
-0.3551852540995128
 21
-19.87829377820199
 31
0.0
  0
SPLINE
  5
FE
330
1F
100
AcDbEntity
  8
Default
 62
   178
420
   395273
370
     0
100
AcDbSpline
210
0.0
220
0.0
230
1.0
 70
     8
 71
     3
 72
     8
 73
     4
 74
     0
 42
0.000000001
 43
0.0000000001
 40
128.704
 40
128.704
 40
128.704
 40
128.704
 40
129.704
 40
129.704
 40
129.704
 40
129.704
 10
-0.3551852540995128
 20
-19.87829377820199
 30
0.0
 10
-0.3551852540995128
 20
-19.89101517343197
 30
0.0
 10
-0.3657133053243314
 20
-19.90183567052415
 30
0.0
 10
-0.379945670868993
 20
-19.90383405061775
 30
0.0
  0
LINE
  5
FF
330
1F
100
AcDbEntity
  8
Default
 62
   178
420
   395273
370
     0
100
AcDbLine
 10
-0.379945670868993
 20
-19.90383405061775
 30
0.0
 11
-1.12670619316269
 21
-20.0
 31
0.0
  0
SPLINE
  5
100
330
1F
100
AcDbEntity
  8
Default
 62
   178
420
   395273
370
     0
100
AcDbSpline
210
0.0
220
0.0
230
1.0
 70
     8
 71
     3
 72
     8
 73
     4
 74
     0
 42
0.000000001
 43
0.0000000001
 40
145.1515166288955
 40
145.1515166288955
 40
145.1515166288955
 40
145.1515166288955
 40
146.1515166288955
 40
146.1515166288955
 40
146.1515166288955
 40
146.1515166288955
 10
-1.12670619316269
 20
-20.0
 30
0.0
 10
-1.266885245582028
 20
-19.99454101047602
 30
0.0
 10
-1.405845773554048
 20
-19.97392357682742
 30
0.0
 10
-1.540273390582049
 20
-19.93863510883312
 30
0.0
  0
SPLINE
  5
101
330
1F
100
AcDbEntity
  8
Default
 62
   178
420
   395273
370
     0
100
AcDbSpline
210
0.0
220
0.0
230
1.0
 70
     8
 71
     3
 72
     8
 73
     4
 74
     0
 42
0.000000001
 43
0.0000000001
 40
146.1515166288955
 40
146.1515166288955
 40
146.1515166288955
 40
146.1515166288955
 40
147.1515166288955
 40
147.1515166288955
 40
147.1515166288955
 40
147.1515166288955
 10
-1.540273390582049
 20
-19.93863510883312
 30
0.0
 10
-1.620159853348146
 20
-19.9181638981182
 30
0.0
 10
-1.699168978512176
 20
-19.89515815655286
 30
0.0
 10
-1.777154543140458
 20
-19.86966662511498
 30
0.0
  0
SPLINE
  5
102
330
1F
100
AcDbEntity
  8
Default
 62
   178
420
   395273
370
     0
100
AcDbSpline
210
0.0
220
0.0
230
1.0
 70
     8
 71
     3
 72
     8
 73
     4
 74
     0
 42
0.000000001
 43
0.0000000001
 40
147.1515166288955
 40
147.1515166288955
 40
147.1515166288955
 40
147.1515166288955
 40
148.1515166288955
 40
148.1515166288955
 40
148.1515166288955
 40
148.1515166288955
 10
-1.777154543140458
 20
-19.86966662511498
 30
0.0
 10
-1.944531061223909
 20
-19.81249345804687
 30
0.0
 10
-2.112638693975749
 20
-19.75683126129344
 30
0.0
 10
-2.281428700418089
 20
-19.70287499876625
 30
0.0
  0
SPLINE
  5
103
330
1F
100
AcDbEntity
  8
Default
 62
   178
420
   395273
370
     0
100
AcDbSpline
210
0.0
220
0.0
230
1.0
 70
     8
 71
     3
 72
     8
 73
     4
 74
     0
 42
0.000000001
 43
0.0000000001
 40
148.1515166288955
 40
148.1515166288955
 40
148.1515166288955
 40
148.1515166288955
 40
149.1515166288955
 40
149.1515166288955
 40
149.1515166288955
 40
149.1515166288955
 10
-2.281428700418089
 20
-19.70287499876625
 30
0.0
 10
-2.451534713263529
 20
-19.653939056962
 30
0.0
 10
-2.623102955445751
 20
-19.60899987534495
 30
0.0
 10
-2.795938463053181
 20
-19.56810619489299
 30
0.0
  0
SPLINE
  5
104
330
1F
100
AcDbEntity
  8
Default
 62
   178
420
   395273
370
     0
100
AcDbSpline
210
0.0
220
0.0
230
1.0
 70
     8
 71
     3
 72
     8
 73
     4
 74
     0
 42
0.000000001
 43
0.0000000001
 40
149.1515166288955
 40
149.1515166288955
 40
149.1515166288955
 40
149.1515166288955
 40
150.1515166288955
 40
150.1515166288955
 40
150.1515166288955
 40
150.1515166288955
 10
-2.795938463053181
 20
-19.56810619489299
 30
0.0
 10
-2.946596825719445
 20
-19.53272024494291
 30
0.0
 10
-3.100179647059269
 20
-19.50786234621765
 30
0.0
 10
-3.255273438713765
 20
-19.4935324987172
 30
0.0
  0
SPLINE
  5
105
330
1F
100
AcDbEntity
  8
Default
 62
   178
420
   395273
370
     0
100
AcDbSpline
210
0.0
220
0.0
230
1.0
 70
     8
 71
     3
 72
     8
 73
     4
 74
     0
 42
0.000000001
 43
0.0000000001
 40
150.1515166288955
 40
150.1515166288955
 40
150.1515166288955
 40
150.1515166288955
 40
151.1515166288955
 40
151.1515166288955
 40
151.1515166288955
 40
151.1515166288955
 10
-3.255273438713765
 20
-19.4935324987172
 30
0.0
 10
-3.276524505074972
 20
-19.49158285960149
 30
0.0
 10
-3.297921794369857
 20
-19.49104670884467
 30
0.0
 10
-3.31927034268685
 20
-19.49192404644674
 30
0.0
  0
SPLINE
  5
106
330
1F
100
AcDbEntity
  8
Default
 62
   178
420
   395273
370
     0
100
AcDbSpline
210
0.0
220
0.0
230
1.0
 70
     8
 71
     3
 72
     8
 73
     4
 74
     0
 42
0.000000001
 43
0.0000000001
 40
151.1515166288955
 40
151.1515166288955
 40
151.1515166288955
 40
151.1515166288955
 40
152.1515166288955
 40
152.1515166288955
 40
152.1515166288955
 40
152.1515166288955
 10
-3.31927034268685
 20
-19.49192404644674
 30
0.0
 10
-3.360651432917732
 20
-19.49392242654034
 30
0.0
 10
-3.40178881825915
 20
-19.49835785552857
 30
0.0
 10
-3.442536275777428
 20
-19.50508411047776
 30
0.0
  0
SPLINE
  5
107
330
1F
100
AcDbEntity
  8
Default
 62
   178
420
   395273
370
     0
100
AcDbSpline
210
0.0
220
0.0
230
1.0
 70
     8
 71
     3
 72
     8
 73
     4
 74
     0
 42
0.000000001
 43
0.0000000001
 40
152.1515166288955
 40
152.1515166288955
 40
152.1515166288955
 40
152.1515166288955
 40
153.1515166288955
 40
153.1515166288955
 40
153.1515166288955
 40
153.1515166288955
 10
-3.442536275777428
 20
-19.50508411047776
 30
0.0
 10
-3.459010726305153
 20
-19.5088371657755
 30
0.0
 10
-3.474656580208702
 20
-19.51507601094576
 30
0.0
 10
-3.488742722819686
 20
-19.5235082001212
 30
0.0
  0
SPLINE
  5
108
330
1F
100
AcDbEntity
  8
Default
 62
   178
420
   395273
370
     0
100
AcDbSpline
210
0.0
220
0.0
230
1.0
 70
     8
 71
     3
 72
     8
 73
     4
 74
     0
 42
0.000000001
 43
0.0000000001
 40
153.1515166288955
 40
153.1515166288955
 40
153.1515166288955
 40
153.1515166288955
 40
154.1515166288955
 40
154.1515166288955
 40
154.1515166288955
 40
154.1515166288955
 10
-3.488742722819686
 20
-19.5235082001212
 30
0.0
 10
-3.547085673357219
 20
-19.5600639335407
 30
0.0
 10
-3.608889233325133
 20
-19.59218423797198
 30
0.0
 10
-3.673422288055037
 20
-19.61957666754766
 30
0.0
  0
SPLINE
  5
109
330
1F
100
AcDbEntity
  8
Default
 62
   178
420
   395273
370
     0
100
AcDbSpline
210
0.0
220
0.0
230
1.0
 70
     8
 71
     3
 72
     8
 73
     4
 74
     0
 42
0.000000001
 43
0.0000000001
 40
154.1515166288955
 40
154.1515166288955
 40
154.1515166288955
 40
154.1515166288955
 40
155.1515166288955
 40
155.1515166288955
 40
155.1515166288955
 40
155.1515166288955
 10
-3.673422288055037
 20
-19.61957666754766
 30
0.0
 10
-3.731960202504141
 20
-19.64321604182561
 30
0.0
 10
-3.796883185057186
 20
-19.65213564077997
 30
0.0
 10
-3.860880089030271
 20
-19.64550686778657
 30
0.0
  0
SPLINE
  5
10A
330
1F
100
AcDbEntity
  8
Default
 62
   178
420
   395273
370
     0
100
AcDbSpline
210
0.0
220
0.0
230
1.0
 70
     8
 71
     3
 72
     8
 73
     4
 74
     0
 42
0.000000001
 43
0.0000000001
 40
155.1515166288955
 40
155.1515166288955
 40
155.1515166288955
 40
155.1515166288955
 40
156.1515166288955
 40
156.1515166288955
 40
156.1515166288955
 40
156.1515166288955
 10
-3.860880089030271
 20
-19.64550686778657
 30
0.0
 10
-3.970059879509866
 20
-19.63585615416381
 30
0.0
 10
-4.076315211315901
 20
-19.60846372458813
 30
0.0
 10
-4.174138353946502
 20
-19.5647430674184
 30
0.0
  0
SPLINE
  5
10B
330
1F
100
AcDbEntity
  8
Default
 62
   178
420
   395273
370
     0
100
AcDbSpline
210
0.0
220
0.0
230
1.0
 70
     8
 71
     3
 72
     8
 73
     4
 74
     0
 42
0.000000001
 43
0.0000000001
 40
156.1515166288955
 40
156.1515166288955
 40
156.1515166288955
 40
156.1515166288955
 40
157.1515166288955
 40
157.1515166288955
 40
157.1515166288955
 40
157.1515166288955
 10
-4.174138353946502
 20
-19.5647430674184
 30
0.0
 10
-4.248468345232834
 20
-19.53262276298713
 30
0.0
 10
-4.324845457590659
 20
-19.50435299580937
 30
0.0
 10
-4.402879763196833
 20
-19.47998250686303
 30
0.0
  0
SPLINE
  5
10C
330
1F
100
AcDbEntity
  8
Default
 62
   178
420
   395273
370
     0
100
AcDbSpline
210
0.0
220
0.0
230
1.0
 70
     8
 71
     3
 72
     8
 73
     4
 74
     0
 42
0.000000001
 43
0.0000000001
 40
157.1515166288955
 40
157.1515166288955
 40
157.1515166288955
 40
157.1515166288955
 40
158.1515166288955
 40
158.1515166288955
 40
158.1515166288955
 40
158.1515166288955
 10
-4.402879763196833
 20
-19.47998250686303
 30
0.0
 10
-4.496316217817094
 20
-19.45512460813777
 30
0.0
 10
-4.59257964915513
 20
-19.43923504934476
 30
0.0
 10
-4.689915382006805
 20
-19.43270375830714
 30
0.0
  0
SPLINE
  5
10D
330
1F
100
AcDbEntity
  8
Default
 62
   178
420
   395273
370
     0
100
AcDbSpline
210
0.0
220
0.0
230
1.0
 70
     8
 71
     3
 72
     8
 73
     4
 74
     0
 42
0.000000001
 43
0.0000000001
 40
158.1515166288955
 40
158.1515166288955
 40
158.1515166288955
 40
158.1515166288955
 40
159.1515166288955
 40
159.1515166288955
 40
159.1515166288955
 40
159.1515166288955
 10
-4.689915382006805
 20
-19.43270375830714
 30
0.0
 10
-4.794026110785562
 20
-19.42466149695485
 30
0.0
 10
-4.898721731299032
 20
-19.42334549055175
 30
0.0
 10
-5.003076164967251
 20
-19.42885322105362
 30
0.0
  0
SPLINE
  5
10E
330
1F
100
AcDbEntity
  8
Default
 62
   178
420
   395273
370
     0
100
AcDbSpline
210
0.0
220
0.0
230
1.0
 70
     8
 71
     3
 72
     8
 73
     4
 74
     0
 42
0.000000001
 43
0.0000000001
 40
159.1515166288955
 40
159.1515166288955
 40
159.1515166288955
 40
159.1515166288955
 40
160.1515166288955
 40
160.1515166288955
 40
160.1515166288955
 40
160.1515166288955
 10
-5.003076164967251
 20
-19.42885322105362
 30
0.0
 10
-5.079843205148217
 20
-19.43143649288193
 30
0.0
 10
-5.156610245329183
 20
-19.43148523385982
 30
0.0
 10
-5.233377285510149
 20
-19.42899944398729
 30
0.0
  0
SPLINE
  5
10F
330
1F
100
AcDbEntity
  8
Default
 62
   178
420
   395273
370
     0
100
AcDbSpline
210
0.0
220
0.0
230
1.0
 70
     8
 71
     3
 72
     8
 73
     4
 74
     0
 42
0.000000001
 43
0.0000000001
 40
160.1515166288955
 40
160.1515166288955
 40
160.1515166288955
 40
160.1515166288955
 40
161.1515166288955
 40
161.1515166288955
 40
161.1515166288955
 40
161.1515166288955
 10
-5.233377285510149
 20
-19.42899944398729
 30
0.0
 10
-5.307463571907016
 20
-19.42383290033067
 30
0.0
 10
-5.381354894392315
 20
-19.41681419951413
 30
0.0
 10
-5.454953771010255
 20
-19.40813830544923
 30
0.0
  0
SPLINE
  5
110
330
1F
100
AcDbEntity
  8
Default
 62
   178
420
   395273
370
     0
100
AcDbSpline
210
0.0
220
0.0
230
1.0
 70
     8
 71
     3
 72
     8
 73
     4
 74
     0
 42
0.000000001
 43
0.0000000001
 40
161.1515166288955
 40
161.1515166288955
 40
161.1515166288955
 40
161.1515166288955
 40
162.1515166288955
 40
162.1515166288955
 40
162.1515166288955
 40
162.1515166288955
 10
-5.454953771010255
 20
-19.40813830544923
 30
0.0
 10
-5.492922992788651
 20
-19.40360539450521
 30
0.0
 10
-5.531038437500724
 20
-19.40048597192008
 30
0.0
 10
-5.569300105146475
 20
-19.39887751964962
 30
0.0
  0
SPLINE
  5
111
330
1F
100
AcDbEntity
  8
Default
 62
   178
420
   395273
370
     0
100
AcDbSpline
210
0.0
220
0.0
230
1.0
 70
     8
 71
     3
 72
     8
 73
     4
 74
     0
 42
0.000000001
 43
0.0000000001
 40
162.1515166288955
 40
162.1515166288955
 40
162.1515166288955
 40
162.1515166288955
 40
163.1515166288955
 40
163.1515166288955
 40
163.1515166288955
 40
163.1515166288955
 10
-5.569300105146475
 20
-19.39887751964962
 30
0.0
 10
-5.6010792227325
 20
-19.39873129671594
 30
0.0
 10
-5.632712117384847
 20
-19.40316672570418
 30
0.0
 10
-5.662882782700414
 20
-19.41198884270275
 30
0.0
  0
SPLINE
  5
112
330
1F
100
AcDbEntity
  8
Default
 62
   178
420
   395273
370
     0
100
AcDbSpline
210
0.0
220
0.0
230
1.0
 70
     8
 71
     3
 72
     8
 73
     4
 74
     0
 42
0.000000001
 43
0.0000000001
 40
163.1515166288955
 40
163.1515166288955
 40
163.1515166288955
 40
163.1515166288955
 40
164.1515166288955
 40
164.1515166288955
 40
164.1515166288955
 40
164.1515166288955
 10
-5.662882782700414
 20
-19.41198884270275
 30
0.0
 10
-5.677115148245075
 20
-19.41803272396145
 30
0.0
 10
-5.690567658143454
 20
-19.42519764771167
 30
0.0
 10
-5.703191571417658
 20
-19.43348361395342
 30
0.0
  0
SPLINE
  5
113
330
1F
100
AcDbEntity
  8
Default
 62
   178
420
   395273
370
     0
100
AcDbSpline
210
0.0
220
0.0
230
1.0
 70
     8
 71
     3
 72
     8
 73
     4
 74
     0
 42
0.000000001
 43
0.0000000001
 40
164.1515166288955
 40
164.1515166288955
 40
164.1515166288955
 40
164.1515166288955
 40
165.1515166288955
 40
165.1515166288955
 40
165.1515166288955
 40
165.1515166288955
 10
-5.703191571417658
 20
-19.43348361395342
 30
0.0
 10
-5.725027529513577
 20
-19.4463024911392
 30
0.0
 10
-5.748520680857847
 20
-19.4569280243198
 30
0.0
 10
-5.773086133715755
 20
-19.46506776762788
 30
0.0
  0
SPLINE
  5
114
330
1F
100
AcDbEntity
  8
Default
 62
   178
420
   395273
370
     0
100
AcDbSpline
210
0.0
220
0.0
230
1.0
 70
     8
 71
     3
 72
     8
 73
     4
 74
     0
 42
0.000000001
 43
0.0000000001
 40
165.1515166288955
 40
165.1515166288955
 40
165.1515166288955
 40
165.1515166288955
 40
166.1515166288955
 40
166.1515166288955
 40
166.1515166288955
 40
166.1515166288955
 10
-5.773086133715755
 20
-19.46506776762788
 30
0.0
 10
-5.80247694338504
 20
-19.47262261920124
 30
0.0
 10
-5.833719910214245
 20
-19.4729150650686
 30
0.0
 10
-5.863256942817207
 20
-19.46584762327416
 30
0.0
  0
SPLINE
  5
115
330
1F
100
AcDbEntity
  8
Default
 62
   178
420
   395273
370
     0
100
AcDbSpline
210
0.0
220
0.0
230
1.0
 70
     8
 71
     3
 72
     8
 73
     4
 74
     0
 42
0.000000001
 43
0.0000000001
 40
166.1515166288955
 40
166.1515166288955
 40
166.1515166288955
 40
166.1515166288955
 40
167.1515166288955
 40
167.1515166288955
 40
167.1515166288955
 40
167.1515166288955
 10
-5.863256942817207
 20
-19.46584762327416
 30
0.0
 10
-5.90064127286089
 20
-19.45834151267869
 30
0.0
 10
-5.936758337479363
 20
-19.44659493700655
 30
0.0
 10
-5.970633317114773
 20
-19.43090034212511
 30
0.0
  0
SPLINE
  5
116
330
1F
100
AcDbEntity
  8
Default
 62
   178
420
   395273
370
     0
100
AcDbSpline
210
0.0
220
0.0
230
1.0
 70
     8
 71
     3
 72
     8
 73
     4
 74
     0
 42
0.000000001
 43
0.0000000001
 40
167.1515166288955
 40
167.1515166288955
 40
167.1515166288955
 40
167.1515166288955
 40
168.1515166288955
 40
168.1515166288955
 40
168.1515166288955
 40
168.1515166288955
 10
-5.970633317114773
 20
-19.43090034212511
 30
0.0
 10
-6.005044447507003
 20
-19.41374351790689
 30
0.0
 10
-6.040381656479194
 20
-19.39814640498123
 30
0.0
 10
-6.076596203053452
 20
-19.38415774432603
 30
0.0
  0
SPLINE
  5
117
330
1F
100
AcDbEntity
  8
Default
 62
   178
420
   395273
370
     0
100
AcDbSpline
210
0.0
220
0.0
230
1.0
 70
     8
 71
     3
 72
     8
 73
     4
 74
     0
 42
0.000000001
 43
0.0000000001
 40
168.1515166288955
 40
168.1515166288955
 40
168.1515166288955
 40
168.1515166288955
 40
169.1515166288955
 40
169.1515166288955
 40
169.1515166288955
 40
169.1515166288955
 10
-6.076596203053452
 20
-19.38415774432603
 30
0.0
 10
-6.096336299099986
 20
-19.37743148937684
 30
0.0
 10
-6.116953732748589
 20
-19.37289857843282
 30
0.0
 10
-6.138009835198225
 20
-19.37075397540555
 30
0.0
  0
SPLINE
  5
118
330
1F
100
AcDbEntity
  8
Default
 62
   178
420
   395273
370
     0
100
AcDbSpline
210
0.0
220
0.0
230
1.0
 70
     8
 71
     3
 72
     8
 73
     4
 74
     0
 42
0.000000001
 43
0.0000000001
 40
169.1515166288955
 40
169.1515166288955
 40
169.1515166288955
 40
169.1515166288955
 40
170.1515166288955
 40
170.1515166288955
 40
170.1515166288955
 40
170.1515166288955
 10
-6.138009835198225
 20
-19.37075397540555
 30
0.0
 10
-6.191332465012812
 20
-19.36695217912992
 30
0.0
 10
-6.244216426026367
 20
-19.3597385144018
 30
0.0
 10
-6.29636927237153
 20
-19.34921046317698
 30
0.0
  0
LINE
  5
119
330
1F
100
AcDbEntity
  8
Default
 62
   178
420
   395273
370
     0
100
AcDbLine
 10
-6.29636927237153
 20
-19.34921046317698
 30
0.0
 11
-6.630244970936364
 21
-19.26898281356564
 31
0.0
  0
LINE
  5
11A
330
1F
100
AcDbEntity
  8
Default
 62
   178
420
   395273
370
     0
100
AcDbLine
 10
-6.630244970936364
 20
-19.26898281356564
 30
0.0
 11
-6.630244970936364
 21
-18.82573236060964
 31
0.0
  0
SPLINE
  5
11B
330
1F
100
AcDbEntity
  8
Default
 62
   178
420
   395273
370
     0
100
AcDbSpline
210
0.0
220
0.0
230
1.0
 70
     8
 71
     3
 72
     8
 73
     4
 74
     0
 42
0.000000001
 43
0.0000000001
 40
186.2905017956648
 40
186.2905017956648
 40
186.2905017956648
 40
186.2905017956648
 40
187.2905017956648
 40
187.2905017956648
 40
187.2905017956648
 40
187.2905017956648
 10
-6.630244970936364
 20
-18.82573236060964
 30
0.0
 10
-6.629270151378511
 20
-18.75422934604108
 30
0.0
 10
-6.624542276522922
 20
-18.68277507245042
 30
0.0
 10
-6.616110087347488
 20
-18.61161324472711
 30
0.0
  0
SPLINE
  5
11C
330
1F
100
AcDbEntity
  8
Default
 62
   178
420
   395273
370
     0
100
AcDbSpline
210
0.0
220
0.0
230
1.0
 70
     8
 71
     3
 72
     8
 73
     4
 74
     0
 42
0.000000001
 43
0.0000000001
 40
187.2905017956648
 40
187.2905017956648
 40
187.2905017956648
 40
187.2905017956648
 40
188.2905017956648
 40
188.2905017956648
 40
188.2905017956648
 40
188.2905017956648
 10
-6.616110087347488
 20
-18.61161324472711
 30
0.0
 10
-6.593348050671609
 20
-18.5371370305071
 30
0.0
 10
-6.532324346349978
 20
-18.47621080814126
 30
0.0
 10
-6.45117061815867
 20
-18.44677125749408
 30
0.0
  0
SPLINE
  5
11D
330
1F
100
AcDbEntity
  8
Default
 62
   178
420
   395273
370
     0
100
AcDbSpline
210
0.0
220
0.0
230
1.0
 70
     8
 71
     3
 72
     8
 73
     4
 74
     0
 42
0.000000001
 43
0.0000000001
 40
188.2905017956648
 40
188.2905017956648
 40
188.2905017956648
 40
188.2905017956648
 40
189.2905017956648
 40
189.2905017956648
 40
189.2905017956648
 40
189.2905017956648
 10
-6.45117061815867
 20
-18.44677125749408
 30
0.0
 10
-6.435232318387765
 20
-18.44184841872692
 30
0.0
 10
-6.418124235147435
 20
-18.4406298942796
 30
0.0
 10
-6.401406079730248
 20
-18.44306694317423
 30
0.0
  0
SPLINE
  5
11E
330
1F
100
AcDbEntity
  8
Default
 62
   178
420
   395273
370
     0
100
AcDbSpline
210
0.0
220
0.0
230
1.0
 70
     8
 71
     3
 72
     8
 73
     4
 74
     0
 42
0.000000001
 43
0.0000000001
 40
189.2905017956648
 40
189.2905017956648
 40
189.2905017956648
 40
189.2905017956648
 40
190.2905017956648
 40
190.2905017956648
 40
190.2905017956648
 40
190.2905017956648
 10
-6.401406079730248
 20
-18.44306694317423
 30
0.0
 10
-6.35061798076608
 20
-18.45115794550442
 30
0.0
 10
-6.301535816028154
 20
-18.46602394376169
 30
0.0
 10
-6.255865519742716
 20
-18.48712878718921
 30
0.0
  0
SPLINE
  5
11F
330
1F
100
AcDbEntity
  8
Default
 62
   178
420
   395273
370
     0
100
AcDbSpline
210
0.0
220
0.0
230
1.0
 70
     8
 71
     3
 72
     8
 73
     4
 74
     0
 42
0.000000001
 43
0.0000000001
 40
190.2905017956648
 40
190.2905017956648
 40
190.2905017956648
 40
190.2905017956648
 40
191.2905017956648
 40
191.2905017956648
 40
191.2905017956648
 40
191.2905017956648
 10
-6.255865519742716
 20
-18.48712878718921
 30
0.0
 10
-6.158919714714182
 20
-18.52734009395067
 30
0.0
 10
-6.067676604099092
 20
-18.57744581922434
 30
0.0
 10
-5.983890863101581
 20
-18.63622743856291
 30
0.0
  0
SPLINE
  5
120
330
1F
100
AcDbEntity
  8
Default
 62
   178
420
   395273
370
     0
100
AcDbSpline
210
0.0
220
0.0
230
1.0
 70
     8
 71
     3
 72
     8
 73
     4
 74
     0
 42
0.000000001
 43
0.0000000001
 40
191.2905017956648
 40
191.2905017956648
 40
191.2905017956648
 40
191.2905017956648
 40
192.2905017956648
 40
192.2905017956648
 40
192.2905017956648
 40
192.2905017956648
 10
-5.983890863101581
 20
-18.63622743856291
 30
0.0
 10
-5.955962282769078
 20
-18.65582131167577
 30
0.0
 10
-5.927692515591325
 20
-18.67517147989916
 30
0.0
 10
-5.899130302546217
 20
-18.69418046127731
 30
0.0
  0
SPLINE
  5
121
330
1F
100
AcDbEntity
  8
Default
 62
   178
420
   395273
370
     0
100
AcDbSpline
210
0.0
220
0.0
230
1.0
 70
     8
 71
     3
 72
     8
 73
     4
 74
     0
 42
0.000000001
 43
0.0000000001
 40
192.2905017956648
 40
192.2905017956648
 40
192.2905017956648
 40
192.2905017956648
 40
193.2905017956648
 40
193.2905017956648
 40
193.2905017956648
 40
193.2905017956648
 10
-5.899130302546217
 20
-18.69418046127731
 30
0.0
 10
-5.873395066218884
 20
-18.70963135126928
 30
0.0
 10
-5.844491666328526
 20
-18.72045184836146
 30
0.0
 10
-5.814028555145604
 20
-18.72605706081912
 30
0.0
  0
SPLINE
  5
122
330
1F
100
AcDbEntity
  8
Default
 62
   178
420
   395273
370
     0
100
AcDbSpline
210
0.0
220
0.0
230
1.0
 70
     8
 71
     3
 72
     8
 73
     4
 74
     0
 42
0.000000001
 43
0.0000000001
 40
193.2905017956648
 40
193.2905017956648
 40
193.2905017956648
 40
193.2905017956648
 40
194.2905017956648
 40
194.2905017956648
 40
194.2905017956648
 40
194.2905017956648
 10
-5.814028555145604
 20
-18.72605706081912
 30
0.0
 10
-5.78517389623314
 20
-18.72503350028337
 30
0.0
 10
-5.756319237320675
 20
-18.72444860854866
 30
0.0
 10
-5.727513319386103
 20
-18.72425364463709
 30
0.0
  0
SPLINE
  5
123
330
1F
100
AcDbEntity
  8
Default
 62
   178
420
   395273
370
     0
100
AcDbSpline
210
0.0
220
0.0
230
1.0
 70
     8
 71
     3
 72
     8
 73
     4
 74
     0
 42
0.000000001
 43
0.0000000001
 40
194.2905017956648
 40
194.2905017956648
 40
194.2905017956648
 40
194.2905017956648
 40
195.2905017956648
 40
195.2905017956648
 40
195.2905017956648
 40
195.2905017956648
 10
-5.727513319386103
 20
-18.72425364463709
 30
0.0
 10
-5.70596980715754
 20
-18.72449734952655
 30
0.0
 10
-5.685596078398401
 20
-18.73278331576831
 30
0.0
 10
-5.671461194809525
 20
-18.74706442229086
 30
0.0
  0
SPLINE
  5
124
330
1F
100
AcDbEntity
  8
Default
 62
   178
420
   395273
370
     0
100
AcDbSpline
210
0.0
220
0.0
230
1.0
 70
     8
 71
     3
 72
     8
 73
     4
 74
     0
 42
0.000000001
 43
0.0000000001
 40
195.2905017956648
 40
195.2905017956648
 40
195.2905017956648
 40
195.2905017956648
 40
196.2905017956648
 40
196.2905017956648
 40
196.2905017956648
 40
196.2905017956648
 10
-5.671461194809525
 20
-18.74706442229086
 30
0.0
 10
-5.648650417155753
 20
-18.77757627445168
 30
0.0
 10
-5.627496832750331
 20
-18.80901420519245
 30
0.0
 10
-5.608146664526938
 20
-18.8412807325574
 30
0.0
  0
SPLINE
  5
125
330
1F
100
AcDbEntity
  8
Default
 62
   178
420
   395273
370
     0
100
AcDbSpline
210
0.0
220
0.0
230
1.0
 70
     8
 71
     3
 72
     8
 73
     4
 74
     0
 42
0.000000001
 43
0.0000000001
 40
196.2905017956648
 40
196.2905017956648
 40
196.2905017956648
 40
196.2905017956648
 40
197.2905017956648
 40
197.2905017956648
 40
197.2905017956648
 40
197.2905017956648
 10
-5.608146664526938
 20
-18.8412807325574
 30
0.0
 10
-5.585189663939488
 20
-18.87140265689508
 30
0.0
 10
-5.554726552756565
 20
-18.8965530014877
 30
0.0
 10
-5.519048156939125
 20
-18.91473338624167
 30
0.0
  0
SPLINE
  5
126
330
1F
100
AcDbEntity
  8
Default
 62
   178
420
   395273
370
     0
100
AcDbSpline
210
0.0
220
0.0
230
1.0
 70
     8
 71
     3
 72
     8
 73
     4
 74
     0
 42
0.000000001
 43
0.0000000001
 40
197.2905017956648
 40
197.2905017956648
 40
197.2905017956648
 40
197.2905017956648
 40
198.2905017956648
 40
198.2905017956648
 40
198.2905017956648
 40
198.2905017956648
 10
-5.519048156939125
 20
-18.91473338624167
 30
0.0
 10
-5.493312920611793
 20
-18.92989183036629
 30
0.0
 10
-5.465189376367718
 20
-18.94158966506053
 30
0.0
 10
-5.435506120831078
 20
-18.94943696250125
 30
0.0
  0
SPLINE
  5
127
330
1F
100
AcDbEntity
  8
Default
 62
   178
420
   395273
370
     0
100
AcDbSpline
210
0.0
220
0.0
230
1.0
 70
     8
 71
     3
 72
     8
 73
     4
 74
     0
 42
0.000000001
 43
0.0000000001
 40
198.2905017956648
 40
198.2905017956648
 40
198.2905017956648
 40
198.2905017956648
 40
199.2905017956648
 40
199.2905017956648
 40
199.2905017956648
 40
199.2905017956648
 10
-5.435506120831078
 20
-18.94943696250125
 30
0.0
 10
-5.392906506152879
 20
-18.95801537461036
 30
0.0
 10
-5.349088367027362
 20
-18.96123227915128
 30
0.0
 10
-5.305465191813417
 20
-18.95879523025664
 30
0.0
  0
SPLINE
  5
128
330
1F
100
AcDbEntity
  8
Default
 62
   178
420
   395273
370
     0
100
AcDbSpline
210
0.0
220
0.0
230
1.0
 70
     8
 71
     3
 72
     8
 73
     4
 74
     0
 42
0.000000001
 43
0.0000000001
 40
199.2905017956648
 40
199.2905017956648
 40
199.2905017956648
 40
199.2905017956648
 40
200.2905017956648
 40
200.2905017956648
 40
200.2905017956648
 40
200.2905017956648
 10
-5.305465191813417
 20
-18.95879523025664
 30
0.0
 10
-5.210322802966912
 20
-18.95211771628535
 30
0.0
 10
-5.115082932164622
 20
-18.94612257600455
 30
0.0
 10
-5.019843061362333
 20
-18.94076106843636
 30
0.0
  0
LINE
  5
129
330
1F
100
AcDbEntity
  8
Default
 62
   178
420
   395273
370
     0
100
AcDbLine
 10
-5.019843061362333
 20
-18.94076106843636
 30
0.0
 11
-4.74226319226354
 21
-18.93725171802808
 31
0.0
  0
SPLINE
  5
12A
330
1F
100
AcDbEntity
  8
Default
 62
   178
420
   395273
370
     0
100
AcDbSpline
210
0.0
220
0.0
230
1.0
 70
     8
 71
     3
 72
     8
 73
     4
 74
     0
 42
0.000000001
 43
0.0000000001
 40
205.9859569135636
 40
205.9859569135636
 40
205.9859569135636
 40
205.9859569135636
 40
206.9859569135636
 40
206.9859569135636
 40
206.9859569135636
 40
206.9859569135636
 10
-4.74226319226354
 20
-18.93725171802808
 30
0.0
 10
-4.649947780134811
 20
-18.9364718623818
 30
0.0
 10
-4.557876072895544
 20
-18.92891701080844
 30
0.0
 10
-4.467022890103596
 20
-18.9145384223301
 30
0.0
  0
LINE
  5
12B
330
1F
100
AcDbEntity
  8
Default
 62
   178
420
   395273
370
     0
100
AcDbLine
 10
-4.467022890103596
 20
-18.9145384223301
 30
0.0
 11
-4.412579217797476
 21
-18.90181702710011
 31
0.0
  0
SPLINE
  5
12C
330
1F
100
AcDbEntity
  8
Default
 62
   178
420
   395273
370
     0
100
AcDbSpline
210
0.0
220
0.0
230
1.0
 70
     8
 71
     3
 72
     8
 73
     4
 74
     0
 42
0.000000001
 43
0.0000000001
 40
208.1330445300951
 40
208.1330445300951
 40
208.1330445300951
 40
208.1330445300951
 40
209.1330445300951
 40
209.1330445300951
 40
209.1330445300951
 40
209.1330445300951
 10
-4.412579217797476
 20
-18.90181702710011
 30
0.0
 10
-4.362619715457482
 20
-18.88777962546702
 30
0.0
 10
-4.314073701476377
 20
-18.87023287342565
 30
0.0
 10
-4.267379844655193
 20
-18.8492742529318
 30
0.0
  0
SPLINE
  5
12D
330
1F
100
AcDbEntity
  8
Default
 62
   178
420
   395273
370
     0
100
AcDbSpline
210
0.0
220
0.0
230
1.0
 70
     8
 71
     3
 72
     8
 73
     4
 74
     0
 42
0.000000001
 43
0.0000000001
 40
209.1330445300951
 40
209.1330445300951
 40
209.1330445300951
 40
209.1330445300951
 40
210.1330445300951
 40
210.1330445300951
 40
210.1330445300951
 40
210.1330445300951
 10
-4.267379844655193
 20
-18.8492742529318
 30
0.0
 10
-4.217712788182555
 20
-18.82046833499723
 30
0.0
 10
-4.167655803886777
 20
-18.79224730879737
 30
0.0
 10
-4.117208891767857
 20
-18.76461117433222
 30
0.0
  0
SPLINE
  5
12E
330
1F
100
AcDbEntity
  8
Default
 62
   178
420
   395273
370
     0
100
AcDbSpline
210
0.0
220
0.0
230
1.0
 70
     8
 71
     3
 72
     8
 73
     4
 74
     0
 42
0.000000001
 43
0.0000000001
 40
210.1330445300951
 40
210.1330445300951
 40
210.1330445300951
 40
210.1330445300951
 40
211.1330445300951
 40
211.1330445300951
 40
211.1330445300951
 40
211.1330445300951
 10
-4.117208891767857
 20
-18.76461117433222
 30
0.0
 10
-4.074755500023335
 20
-18.74165417374477
 30
0.0
 10
-4.027525492445331
 20
-18.72634950668647
 30
0.0
 10
-3.978297104773728
 20
-18.71962325173728
 30
0.0
  0
SPLINE
  5
12F
330
1F
100
AcDbEntity
  8
Default
 62
   178
420
   395273
370
     0
100
AcDbSpline
210
0.0
220
0.0
230
1.0
 70
     8
 71
     3
 72
     8
 73
     4
 74
     0
 42
0.000000001
 43
0.0000000001
 40
211.1330445300951
 40
211.1330445300951
 40
211.1330445300951
 40
211.1330445300951
 40
212.1330445300951
 40
212.1330445300951
 40
212.1330445300951
 40
212.1330445300951
 10
-3.978297104773728
 20
-18.71962325173728
 30
0.0
 10
-3.923268540732896
 20
-18.71474915394801
 30
0.0
 10
-3.867752566913138
 20
-18.71543152763851
 30
0.0
 10
-3.812918966783877
 20
-18.72162163183088
 30
0.0
  0
SPLINE
  5
130
330
1F
100
AcDbEntity
  8
Default
 62
   178
420
   395273
370
     0
100
AcDbSpline
210
0.0
220
0.0
230
1.0
 70
     8
 71
     3
 72
     8
 73
     4
 74
     0
 42
0.000000001
 43
0.0000000001
 40
212.1330445300951
 40
212.1330445300951
 40
212.1330445300951
 40
212.1330445300951
 40
213.1330445300951
 40
213.1330445300951
 40
213.1330445300951
 40
213.1330445300951
 10
-3.812918966783877
 20
-18.72162163183088
 30
0.0
 10
-3.727622255471693
 20
-18.73005382100632
 30
0.0
 10
-3.643154140783685
 20
-18.74375003579416
 30
0.0
 10
-3.560050773476671
 20
-18.76266153521652
 30
0.0
  0
SPLINE
  5
131
330
1F
100
AcDbEntity
  8
Default
 62
   178
420
   395273
370
     0
100
AcDbSpline
210
0.0
220
0.0
230
1.0
 70
     8
 71
     3
 72
     8
 73
     4
 74
     0
 42
0.000000001
 43
0.0000000001
 40
213.1330445300951
 40
213.1330445300951
 40
213.1330445300951
 40
213.1330445300951
 40
214.1330445300951
 40
214.1330445300951
 40
214.1330445300951
 40
214.1330445300951
 10
-3.560050773476671
 20
-18.76266153521652
 30
0.0
 10
-3.469538777529971
 20
-18.78264533615251
 30
0.0
 10
-3.37756455224649
 20
-18.79712140658664
 30
0.0
 10
-3.284810471316727
 20
-18.80623596945257
 30
0.0
  0
SPLINE
  5
132
330
1F
100
AcDbEntity
  8
Default
 62
   178
420
   395273
370
     0
100
AcDbSpline
210
0.0
220
0.0
230
1.0
 70
     8
 71
     3
 72
     8
 73
     4
 74
     0
 42
0.000000001
 43
0.0000000001
 40
214.1330445300951
 40
214.1330445300951
 40
214.1330445300951
 40
214.1330445300951
 40
215.1330445300951
 40
215.1330445300951
 40
215.1330445300951
 40
215.1330445300951
 10
-3.284810471316727
 20
-18.80623596945257
 30
0.0
 10
-3.182405676764213
 20
-18.81179244093233
 30
0.0
 10
-3.079659695366451
 20
-18.80989154279452
 30
0.0
 10
-2.977596087659187
 20
-18.80063075699491
 30
0.0
  0
SPLINE
  5
133
330
1F
100
AcDbEntity
  8
Default
 62
   178
420
   395273
370
     0
100
AcDbSpline
210
0.0
220
0.0
230
1.0
 70
     8
 71
     3
 72
     8
 73
     4
 74
     0
 42
0.000000001
 43
0.0000000001
 40
215.1330445300951
 40
215.1330445300951
 40
215.1330445300951
 40
215.1330445300951
 40
216.1330445300951
 40
216.1330445300951
 40
216.1330445300951
 40
216.1330445300951
 10
-2.977596087659187
 20
-18.80063075699491
 30
0.0
 10
-2.53731883435464
 20
-18.76461117433222
 30
0.0
 10
-2.102256865684609
 20
-18.69067111086903
 30
0.0
 10
-1.67850280388568
 20
-18.57968790420741
 30
0.0
  0
SPLINE
  5
134
330
1F
100
AcDbEntity
  8
Default
 62
   178
420
   395273
370
     0
100
AcDbSpline
210
0.0
220
0.0
230
1.0
 70
     8
 71
     3
 72
     8
 73
     4
 74
     0
 42
0.000000001
 43
0.0000000001
 40
216.1330445300951
 40
216.1330445300951
 40
216.1330445300951
 40
216.1330445300951
 40
217.1330445300951
 40
217.1330445300951
 40
217.1330445300951
 40
217.1330445300951
 10
-1.67850280388568
 20
-18.57968790420741
 30
0.0
 10
-1.499525933063772
 20
-18.53372516205462
 30
0.0
 10
-1.32868880554994
 20
-18.46617016669537
 30
0.0
 10
-1.170816778155562
 20
-18.37897255724537
 30
0.0
  0
SPLINE
  5
135
330
1F
100
AcDbEntity
  8
Default
 62
   178
420
   395273
370
     0
100
AcDbSpline
210
0.0
220
0.0
230
1.0
 70
     8
 71
     3
 72
     8
 73
     4
 74
     0
 42
0.000000001
 43
0.0000000001
 40
217.1330445300951
 40
217.1330445300951
 40
217.1330445300951
 40
217.1330445300951
 40
218.1330445300951
 40
218.1330445300951
 40
218.1330445300951
 40
218.1330445300951
 10
-1.170816778155562
 20
-18.37897255724537
 30
0.0
 10
-0.935300372978148
 20
-18.24191292741116
 30
0.0
 10
-0.664544240784331
 20
-18.15837089130311
 30
0.0
 10
-0.3831138344320169
 20
-18.13595004147248
 30
0.0
  0
SPLINE
  5
136
330
1F
100
AcDbEntity
  8
Default
 62
   178
420
   395273
370
     0
100
AcDbSpline
210
0.0
220
0.0
230
1.0
 70
     8
 71
     3
 72
     8
 73
     4
 74
     0
 42
0.000000001
 43
0.0000000001
 40
218.1330445300951
 40
218.1330445300951
 40
218.1330445300951
 40
218.1330445300951
 40
219.1330445300951
 40
219.1330445300951
 40
219.1330445300951
 40
219.1330445300951
 10
-0.3831138344320169
 20
-18.13595004147248
 30
0.0
 10
-0.3674679805284678
 20
-18.13668115614087
 30
0.0
 10
-0.3551852540995128
 20
-18.14803780398987
 30
0.0
 10
-0.3551852540995128
 20
-18.1617827597556
 30
0.0
  0
LINE
  5
137
330
1F
100
AcDbEntity
  8
Default
 62
   178
420
   395273
370
     0
100
AcDbLine
 10
-0.3551852540995128
 20
-18.1617827597556
 30
0.0
 11
-0.3551852540995128
 21
-19.08245109117037
 31
0.0
  0
LINE
  5
138
330
1F
100
AcDbEntity
  8
Default
 62
   178
420
   395273
370
     0
100
AcDbLine
 10
-0.3551852540995128
 20
-14.17594055160408
 30
0.0
 11
-3.093843319933221
 21
-14.17594055160408
 31
0.0
  0
LINE
  5
139
330
1F
100
AcDbEntity
  8
Default
 62
   178
420
   395273
370
     0
100
AcDbLine
 10
-3.093843319933221
 20
-14.17594055160408
 30
0.0
 11
-3.093843319933221
 21
-14.32177355745897
 31
0.0
  0
LINE
  5
13A
330
1F
100
AcDbEntity
  8
Default
 62
   178
420
   395273
370
     0
100
AcDbLine
 10
-3.093843319933221
 20
-14.32177355745897
 30
0.0
 11
-0.3551852540995128
 21
-14.32177355745897
 31
0.0
  0
LINE
  5
13B
330
1F
100
AcDbEntity
  8
Default
 62
   178
420
   395273
370
     0
100
AcDbLine
 10
-0.3551852540995128
 20
-14.32177355745897
 30
0.0
 11
-0.3551852540995128
 21
-15.00931379161307
 31
0.0
  0
SPLINE
  5
13C
330
1F
100
AcDbEntity
  8
Default
 62
   178
420
   395273
370
     0
100
AcDbSpline
210
0.0
220
0.0
230
1.0
 70
     8
 71
     3
 72
     8
 73
     4
 74
     0
 42
0.000000001
 43
0.0000000001
 40
129.474
 40
129.474
 40
129.474
 40
129.474
 40
130.474
 40
130.474
 40
130.474
 40
130.474
 10
-0.3551852540995128
 20
-15.00931379161307
 30
0.0
 10
-0.3551852540995128
 20
-15.02193770488727
 30
0.0
 10
-0.3657133053243314
 20
-15.03275820197945
 30
0.0
 10
-0.379945670868993
 20
-15.03480532305094
 30
0.0
  0
SPLINE
  5
13D
330
1F
100
AcDbEntity
  8
Default
 62
   178
420
   395273
370
     0
100
AcDbSpline
210
0.0
220
0.0
230
1.0
 70
     8
 71
     3
 72
     8
 73
     4
 74
     0
 42
0.000000001
 43
0.0000000001
 40
130.474
 40
130.474
 40
130.474
 40
130.474
 40
131.474
 40
131.474
 40
131.474
 40
131.474
 10
-0.379945670868993
 20
-15.03480532305094
 30
0.0
 10
-0.4871758222328808
 20
-15.05093858673341
 30
0.0
 10
-0.5947959014199105
 20
-15.06492724738861
 30
0.0
 10
-0.7027084264742961
 20
-15.07682004599443
 30
0.0
  0
SPLINE
  5
13E
330
1F
100
AcDbEntity
  8
Default
 62
   178
420
   395273
370
     0
100
AcDbSpline
210
0.0
220
0.0
230
1.0
 70
     8
 71
     3
 72
     8
 73
     4
 74
     0
 42
0.000000001
 43
0.0000000001
 40
131.474
 40
131.474
 40
131.474
 40
131.474
 40
132.474
 40
132.474
 40
132.474
 40
132.474
 10
-0.7027084264742961
 20
-15.07682004599443
 30
0.0
 10
-0.8432774067167759
 20
-15.09236841794219
 30
0.0
 10
-0.9850649114065715
 20
-15.09787614844406
 30
0.0
 10
-1.12670619316269
 20
-15.09348946043372
 30
0.0
  0
SPLINE
  5
13F
330
1F
100
AcDbEntity
  8
Default
 62
   178
420
   395273
370
     0
100
AcDbSpline
210
0.0
220
0.0
230
1.0
 70
     8
 71
     3
 72
     8
 73
     4
 74
     0
 42
0.000000001
 43
0.0000000001
 40
132.474
 40
132.474
 40
132.474
 40
132.474
 40
133.474
 40
133.474
 40
133.474
 40
133.474
 10
-1.12670619316269
 20
-15.09348946043372
 30
0.0
 10
-1.266885245582028
 20
-15.08803047090974
 30
0.0
 10
-1.405845773554048
 20
-15.06741303726114
 30
0.0
 10
-1.540273390582049
 20
-15.03217331024473
 30
0.0
  0
SPLINE
  5
140
330
1F
100
AcDbEntity
  8
Default
 62
   178
420
   395273
370
     0
100
AcDbSpline
210
0.0
220
0.0
230
1.0
 70
     8
 71
     3
 72
     8
 73
     4
 74
     0
 42
0.000000001
 43
0.0000000001
 40
133.474
 40
133.474
 40
133.474
 40
133.474
 40
134.474
 40
134.474
 40
134.474
 40
134.474
 10
-1.540273390582049
 20
-15.03217331024473
 30
0.0
 10
-1.620159853348146
 20
-15.01165335855192
 30
0.0
 10
-1.699168978512176
 20
-14.98864761698657
 30
0.0
 10
-1.777154543140458
 20
-14.9631560855487
 30
0.0
  0
SPLINE
  5
141
330
1F
100
AcDbEntity
  8
Default
 62
   178
420
   395273
370
     0
100
AcDbSpline
210
0.0
220
0.0
230
1.0
 70
     8
 71
     3
 72
     8
 73
     4
 74
     0
 42
0.000000001
 43
0.0000000001
 40
134.474
 40
134.474
 40
134.474
 40
134.474
 40
135.474
 40
135.474
 40
135.474
 40
135.474
 10
-1.777154543140458
 20
-14.9631560855487
 30
0.0
 10
-1.944531061223909
 20
-14.90598291848059
 30
0.0
 10
-2.112638693975749
 20
-14.85032072172716
 30
0.0
 10
-2.281428700418089
 20
-14.79636445919997
 30
0.0
  0
SPLINE
  5
142
330
1F
100
AcDbEntity
  8
Default
 62
   178
420
   395273
370
     0
100
AcDbSpline
210
0.0
220
0.0
230
1.0
 70
     8
 71
     3
 72
     8
 73
     4
 74
     0
 42
0.000000001
 43
0.0000000001
 40
135.474
 40
135.474
 40
135.474
 40
135.474
 40
136.474
 40
136.474
 40
136.474
 40
136.474
 10
-2.281428700418089
 20
-14.79636445919997
 30
0.0
 10
-2.451534713263529
 20
-14.74742851739572
 30
0.0
 10
-2.623102955445751
 20
-14.70248933577867
 30
0.0
 10
-2.795938463053181
 20
-14.66159565532672
 30
0.0
  0
SPLINE
  5
143
330
1F
100
AcDbEntity
  8
Default
 62
   178
420
   395273
370
     0
100
AcDbSpline
210
0.0
220
0.0
230
1.0
 70
     8
 71
     3
 72
     8
 73
     4
 74
     0
 42
0.000000001
 43
0.0000000001
 40
136.474
 40
136.474
 40
136.474
 40
136.474
 40
137.474
 40
137.474
 40
137.474
 40
137.474
 10
-2.795938463053181
 20
-14.66159565532672
 30
0.0
 10
-2.946596825719445
 20
-14.62620970537663
 30
0.0
 10
-3.100179647059269
 20
-14.60135180665137
 30
0.0
 10
-3.255273438713765
 20
-14.58702195915092
 30
0.0
  0
SPLINE
  5
144
330
1F
100
AcDbEntity
  8
Default
 62
   178
420
   395273
370
     0
100
AcDbSpline
210
0.0
220
0.0
230
1.0
 70
     8
 71
     3
 72
     8
 73
     4
 74
     0
 42
0.000000001
 43
0.0000000001
 40
137.474
 40
137.474
 40
137.474
 40
137.474
 40
138.474
 40
138.474
 40
138.474
 40
138.474
 10
-3.255273438713765
 20
-14.58702195915092
 30
0.0
 10
-3.276524505074972
 20
-14.58507232003521
 30
0.0
 10
-3.297921794369857
 20
-14.58453616927839
 30
0.0
 10
-3.31927034268685
 20
-14.58541350688046
 30
0.0
  0
SPLINE
  5
145
330
1F
100
AcDbEntity
  8
Default
 62
   178
420
   395273
370
     0
100
AcDbSpline
210
0.0
220
0.0
230
1.0
 70
     8
 71
     3
 72
     8
 73
     4
 74
     0
 42
0.000000001
 43
0.0000000001
 40
138.474
 40
138.474
 40
138.474
 40
138.474
 40
139.474
 40
139.474
 40
139.474
 40
139.474
 10
-3.31927034268685
 20
-14.58541350688046
 30
0.0
 10
-3.360651432917732
 20
-14.58741188697406
 30
0.0
 10
-3.40178881825915
 20
-14.59184731596229
 30
0.0
 10
-3.442536275777428
 20
-14.59857357091148
 30
0.0
  0
SPLINE
  5
146
330
1F
100
AcDbEntity
  8
Default
 62
   178
420
   395273
370
     0
100
AcDbSpline
210
0.0
220
0.0
230
1.0
 70
     8
 71
     3
 72
     8
 73
     4
 74
     0
 42
0.000000001
 43
0.0000000001
 40
139.474
 40
139.474
 40
139.474
 40
139.474
 40
140.474
 40
140.474
 40
140.474
 40
140.474
 10
-3.442536275777428
 20
-14.59857357091148
 30
0.0
 10
-3.459010726305153
 20
-14.60232662620922
 30
0.0
 10
-3.474656580208702
 20
-14.60856547137948
 30
0.0
 10
-3.488742722819686
 20
-14.61699766055492
 30
0.0
  0
SPLINE
  5
147
330
1F
100
AcDbEntity
  8
Default
 62
   178
420
   395273
370
     0
100
AcDbSpline
210
0.0
220
0.0
230
1.0
 70
     8
 71
     3
 72
     8
 73
     4
 74
     0
 42
0.000000001
 43
0.0000000001
 40
140.474
 40
140.474
 40
140.474
 40
140.474
 40
141.474
 40
141.474
 40
141.474
 40
141.474
 10
-3.488742722819686
 20
-14.61699766055492
 30
0.0
 10
-3.547085673357219
 20
-14.65355339397442
 30
0.0
 10
-3.608889233325133
 20
-14.6856736984057
 30
0.0
 10
-3.673422288055037
 20
-14.71306612798138
 30
0.0
  0
SPLINE
  5
148
330
1F
100
AcDbEntity
  8
Default
 62
   178
420
   395273
370
     0
100
AcDbSpline
210
0.0
220
0.0
230
1.0
 70
     8
 71
     3
 72
     8
 73
     4
 74
     0
 42
0.000000001
 43
0.0000000001
 40
141.474
 40
141.474
 40
141.474
 40
141.474
 40
142.474
 40
142.474
 40
142.474
 40
142.474
 10
-3.673422288055037
 20
-14.71306612798138
 30
0.0
 10
-3.731960202504141
 20
-14.73670550225933
 30
0.0
 10
-3.796883185057186
 20
-14.74567384219158
 30
0.0
 10
-3.860880089030271
 20
-14.73899632822028
 30
0.0
  0
SPLINE
  5
149
330
1F
100
AcDbEntity
  8
Default
 62
   178
420
   395273
370
     0
100
AcDbSpline
210
0.0
220
0.0
230
1.0
 70
     8
 71
     3
 72
     8
 73
     4
 74
     0
 42
0.000000001
 43
0.0000000001
 40
142.474
 40
142.474
 40
142.474
 40
142.474
 40
143.474
 40
143.474
 40
143.474
 40
143.474
 10
-3.860880089030271
 20
-14.73899632822028
 30
0.0
 10
-3.970059879509866
 20
-14.72934561459753
 30
0.0
 10
-4.076315211315901
 20
-14.70195318502185
 30
0.0
 10
-4.174138353946502
 20
-14.65828126883001
 30
0.0
  0
SPLINE
  5
14A
330
1F
100
AcDbEntity
  8
Default
 62
   178
420
   395273
370
     0
100
AcDbSpline
210
0.0
220
0.0
230
1.0
 70
     8
 71
     3
 72
     8
 73
     4
 74
     0
 42
0.000000001
 43
0.0000000001
 40
143.474
 40
143.474
 40
143.474
 40
143.474
 40
144.474
 40
144.474
 40
144.474
 40
144.474
 10
-4.174138353946502
 20
-14.65828126883001
 30
0.0
 10
-4.248468345232834
 20
-14.62611222342084
 30
0.0
 10
-4.324845457590659
 20
-14.59784245624309
 30
0.0
 10
-4.402879763196833
 20
-14.57347196729676
 30
0.0
  0
SPLINE
  5
14B
330
1F
100
AcDbEntity
  8
Default
 62
   178
420
   395273
370
     0
100
AcDbSpline
210
0.0
220
0.0
230
1.0
 70
     8
 71
     3
 72
     8
 73
     4
 74
     0
 42
0.000000001
 43
0.0000000001
 40
144.474
 40
144.474
 40
144.474
 40
144.474
 40
145.474
 40
145.474
 40
145.474
 40
145.474
 10
-4.402879763196833
 20
-14.57347196729676
 30
0.0
 10
-4.496316217817094
 20
-14.54861406857149
 30
0.0
 10
-4.59257964915513
 20
-14.53272450977848
 30
0.0
 10
-4.689915382006805
 20
-14.52619321874086
 30
0.0
  0
SPLINE
  5
14C
330
1F
100
AcDbEntity
  8
Default
 62
   178
420
   395273
370
     0
100
AcDbSpline
210
0.0
220
0.0
230
1.0
 70
     8
 71
     3
 72
     8
 73
     4
 74
     0
 42
0.000000001
 43
0.0000000001
 40
145.474
 40
145.474
 40
145.474
 40
145.474
 40
146.474
 40
146.474
 40
146.474
 40
146.474
 10
-4.689915382006805
 20
-14.52619321874086
 30
0.0
 10
-4.794026110785562
 20
-14.51815095738857
 30
0.0
 10
-4.898721731299032
 20
-14.51683495098546
 30
0.0
 10
-5.003076164967251
 20
-14.52234268148734
 30
0.0
  0
SPLINE
  5
14D
330
1F
100
AcDbEntity
  8
Default
 62
   178
420
   395273
370
     0
100
AcDbSpline
210
0.0
220
0.0
230
1.0
 70
     8
 71
     3
 72
     8
 73
     4
 74
     0
 42
0.000000001
 43
0.0000000001
 40
146.474
 40
146.474
 40
146.474
 40
146.474
 40
147.474
 40
147.474
 40
147.474
 40
147.474
 10
-5.003076164967251
 20
-14.52234268148734
 30
0.0
 10
-5.079843205148217
 20
-14.52492595331565
 30
0.0
 10
-5.156610245329183
 20
-14.52497469429354
 30
0.0
 10
-5.233377285510149
 20
-14.52248890442101
 30
0.0
  0
SPLINE
  5
14E
330
1F
100
AcDbEntity
  8
Default
 62
   178
420
   395273
370
     0
100
AcDbSpline
210
0.0
220
0.0
230
1.0
 70
     8
 71
     3
 72
     8
 73
     4
 74
     0
 42
0.000000001
 43
0.0000000001
 40
147.474
 40
147.474
 40
147.474
 40
147.474
 40
148.474
 40
148.474
 40
148.474
 40
148.474
 10
-5.233377285510149
 20
-14.52248890442101
 30
0.0
 10
-5.307463571907016
 20
-14.51732236076439
 30
0.0
 10
-5.381354894392315
 20
-14.51035240092574
 30
0.0
 10
-5.454953771010255
 20
-14.50162776588295
 30
0.0
  0
SPLINE
  5
14F
330
1F
100
AcDbEntity
  8
Default
 62
   178
420
   395273
370
     0
100
AcDbSpline
210
0.0
220
0.0
230
1.0
 70
     8
 71
     3
 72
     8
 73
     4
 74
     0
 42
0.000000001
 43
0.0000000001
 40
148.474
 40
148.474
 40
148.474
 40
148.474
 40
149.474
 40
149.474
 40
149.474
 40
149.474
 10
-5.454953771010255
 20
-14.50162776588295
 30
0.0
 10
-5.492922992788651
 20
-14.49709485493893
 30
0.0
 10
-5.531038437500724
 20
-14.4939754323538
 30
0.0
 10
-5.569300105146475
 20
-14.49236698008334
 30
0.0
  0
SPLINE
  5
150
330
1F
100
AcDbEntity
  8
Default
 62
   178
420
   395273
370
     0
100
AcDbSpline
210
0.0
220
0.0
230
1.0
 70
     8
 71
     3
 72
     8
 73
     4
 74
     0
 42
0.000000001
 43
0.0000000001
 40
149.474
 40
149.474
 40
149.474
 40
149.474
 40
150.474
 40
150.474
 40
150.474
 40
150.474
 10
-5.569300105146475
 20
-14.49236698008334
 30
0.0
 10
-5.6010792227325
 20
-14.49222075714966
 30
0.0
 10
-5.632712117384847
 20
-14.4966561861379
 30
0.0
 10
-5.662882782700414
 20
-14.50547830313647
 30
0.0
  0
SPLINE
  5
151
330
1F
100
AcDbEntity
  8
Default
 62
   178
420
   395273
370
     0
100
AcDbSpline
210
0.0
220
0.0
230
1.0
 70
     8
 71
     3
 72
     8
 73
     4
 74
     0
 42
0.000000001
 43
0.0000000001
 40
150.474
 40
150.474
 40
150.474
 40
150.474
 40
151.474
 40
151.474
 40
151.474
 40
151.474
 10
-5.662882782700414
 20
-14.50547830313647
 30
0.0
 10
-5.677115148245075
 20
-14.51152218439516
 30
0.0
 10
-5.690567658143454
 20
-14.51868710814539
 30
0.0
 10
-5.703191571417658
 20
-14.52697307438714
 30
0.0
  0
SPLINE
  5
152
330
1F
100
AcDbEntity
  8
Default
 62
   178
420
   395273
370
     0
100
AcDbSpline
210
0.0
220
0.0
230
1.0
 70
     8
 71
     3
 72
     8
 73
     4
 74
     0
 42
0.000000001
 43
0.0000000001
 40
151.474
 40
151.474
 40
151.474
 40
151.474
 40
152.474
 40
152.474
 40
152.474
 40
152.474
 10
-5.703191571417658
 20
-14.52697307438714
 30
0.0
 10
-5.725027529513577
 20
-14.53979195157292
 30
0.0
 10
-5.748520680857847
 20
-14.55041748475352
 30
0.0
 10
-5.773086133715755
 20
-14.55855722806159
 30
0.0
  0
SPLINE
  5
153
330
1F
100
AcDbEntity
  8
Default
 62
   178
420
   395273
370
     0
100
AcDbSpline
210
0.0
220
0.0
230
1.0
 70
     8
 71
     3
 72
     8
 73
     4
 74
     0
 42
0.000000001
 43
0.0000000001
 40
152.474
 40
152.474
 40
152.474
 40
152.474
 40
153.474
 40
153.474
 40
153.474
 40
153.474
 10
-5.773086133715755
 20
-14.55855722806159
 30
0.0
 10
-5.80247694338504
 20
-14.56611207963496
 30
0.0
 10
-5.833719910214245
 20
-14.56640452550232
 30
0.0
 10
-5.863256942817207
 20
-14.55933708370788
 30
0.0
  0
SPLINE
  5
154
330
1F
100
AcDbEntity
  8
Default
 62
   178
420
   395273
370
     0
100
AcDbSpline
210
0.0
220
0.0
230
1.0
 70
     8
 71
     3
 72
     8
 73
     4
 74
     0
 42
0.000000001
 43
0.0000000001
 40
153.474
 40
153.474
 40
153.474
 40
153.474
 40
154.474
 40
154.474
 40
154.474
 40
154.474
 10
-5.863256942817207
 20
-14.55933708370788
 30
0.0
 10
-5.90064127286089
 20
-14.5518309731124
 30
0.0
 10
-5.936758337479363
 20
-14.54008439744027
 30
0.0
 10
-5.970633317114773
 20
-14.52438980255883
 30
0.0
  0
SPLINE
  5
155
330
1F
100
AcDbEntity
  8
Default
 62
   178
420
   395273
370
     0
100
AcDbSpline
210
0.0
220
0.0
230
1.0
 70
     8
 71
     3
 72
     8
 73
     4
 74
     0
 42
0.000000001
 43
0.0000000001
 40
154.474
 40
154.474
 40
154.474
 40
154.474
 40
155.474
 40
155.474
 40
155.474
 40
155.474
 10
-5.970633317114773
 20
-14.52438980255883
 30
0.0
 10
-6.005044447507003
 20
-14.50723297834061
 30
0.0
 10
-6.040381656479194
 20
-14.49163586541495
 30
0.0
 10
-6.076596203053452
 20
-14.47764720475975
 30
0.0
  0
SPLINE
  5
156
330
1F
100
AcDbEntity
  8
Default
 62
   178
420
   395273
370
     0
100
AcDbSpline
210
0.0
220
0.0
230
1.0
 70
     8
 71
     3
 72
     8
 73
     4
 74
     0
 42
0.000000001
 43
0.0000000001
 40
155.474
 40
155.474
 40
155.474
 40
155.474
 40
156.474
 40
156.474
 40
156.474
 40
156.474
 10
-6.076596203053452
 20
-14.47764720475975
 30
0.0
 10
-6.096336299099986
 20
-14.47092094981056
 30
0.0
 10
-6.116953732748589
 20
-14.46638803886655
 30
0.0
 10
-6.138009835198225
 20
-14.46424343583927
 30
0.0
  0
SPLINE
  5
157
330
1F
100
AcDbEntity
  8
Default
 62
   178
420
   395273
370
     0
100
AcDbSpline
210
0.0
220
0.0
230
1.0
 70
     8
 71
     3
 72
     8
 73
     4
 74
     0
 42
0.000000001
 43
0.0000000001
 40
156.474
 40
156.474
 40
156.474
 40
156.474
 40
157.474
 40
157.474
 40
157.474
 40
157.474
 10
-6.138009835198225
 20
-14.46424343583927
 30
0.0
 10
-6.191332465012812
 20
-14.46044163956364
 30
0.0
 10
-6.244216426026367
 20
-14.45322797483552
 30
0.0
 10
-6.29636927237153
 20
-14.44269992361071
 30
0.0
  0
LINE
  5
158
330
1F
100
AcDbEntity
  8
Default
 62
   178
420
   395273
370
     0
100
AcDbLine
 10
-6.29636927237153
 20
-14.44269992361071
 30
0.0
 11
-6.630244970936364
 21
-14.36247227399936
 31
0.0
  0
LINE
  5
159
330
1F
100
AcDbEntity
  8
Default
 62
   178
420
   395273
370
     0
100
AcDbLine
 10
-6.630244970936364
 20
-14.36247227399936
 30
0.0
 11
-6.630244970936364
 21
-13.91922182104336
 31
0.0
  0
SPLINE
  5
15A
330
1F
100
AcDbEntity
  8
Default
 62
   178
420
   395273
370
     0
100
AcDbSpline
210
0.0
220
0.0
230
1.0
 70
     8
 71
     3
 72
     8
 73
     4
 74
     0
 42
0.000000001
 43
0.0000000001
 40
173.6129851667694
 40
173.6129851667694
 40
173.6129851667694
 40
173.6129851667694
 40
174.6129851667694
 40
174.6129851667694
 40
174.6129851667694
 40
174.6129851667694
 10
-6.630244970936364
 20
-13.91922182104336
 30
0.0
 10
-6.629270151378511
 20
-13.8477188064748
 30
0.0
 10
-6.624542276522922
 20
-13.77626453288414
 30
0.0
 10
-6.616110087347488
 20
-13.70515144613872
 30
0.0
  0
SPLINE
  5
15B
330
1F
100
AcDbEntity
  8
Default
 62
   178
420
   395273
370
     0
100
AcDbSpline
210
0.0
220
0.0
230
1.0
 70
     8
 71
     3
 72
     8
 73
     4
 74
     0
 42
0.000000001
 43
0.0000000001
 40
174.6129851667694
 40
174.6129851667694
 40
174.6129851667694
 40
174.6129851667694
 40
175.6129851667694
 40
175.6129851667694
 40
175.6129851667694
 40
175.6129851667694
 10
-6.616110087347488
 20
-13.70515144613872
 30
0.0
 10
-6.593348050671609
 20
-13.63062649094082
 30
0.0
 10
-6.532324346349978
 20
-13.56970026857497
 30
0.0
 10
-6.45117061815867
 20
-13.5402607179278
 30
0.0
  0
SPLINE
  5
15C
330
1F
100
AcDbEntity
  8
Default
 62
   178
420
   395273
370
     0
100
AcDbSpline
210
0.0
220
0.0
230
1.0
 70
     8
 71
     3
 72
     8
 73
     4
 74
     0
 42
0.000000001
 43
0.0000000001
 40
175.6129851667694
 40
175.6129851667694
 40
175.6129851667694
 40
175.6129851667694
 40
176.6129851667694
 40
176.6129851667694
 40
176.6129851667694
 40
176.6129851667694
 10
-6.45117061815867
 20
-13.5402607179278
 30
0.0
 10
-6.435232318387765
 20
-13.53533787916064
 30
0.0
 10
-6.418124235147435
 20
-13.53411935471332
 30
0.0
 10
-6.401406079730248
 20
-13.53655640360796
 30
0.0
  0
SPLINE
  5
15D
330
1F
100
AcDbEntity
  8
Default
 62
   178
420
   395273
370
     0
100
AcDbSpline
210
0.0
220
0.0
230
1.0
 70
     8
 71
     3
 72
     8
 73
     4
 74
     0
 42
0.000000001
 43
0.0000000001
 40
176.6129851667694
 40
176.6129851667694
 40
176.6129851667694
 40
176.6129851667694
 40
177.6129851667694
 40
177.6129851667694
 40
177.6129851667694
 40
177.6129851667694
 10
-6.401406079730248
 20
-13.53655640360796
 30
0.0
 10
-6.35061798076608
 20
-13.54464740593814
 30
0.0
 10
-6.301535816028154
 20
-13.55951340419541
 30
0.0
 10
-6.255865519742716
 20
-13.58061824762293
 30
0.0
  0
SPLINE
  5
15E
330
1F
100
AcDbEntity
  8
Default
 62
   178
420
   395273
370
     0
100
AcDbSpline
210
0.0
220
0.0
230
1.0
 70
     8
 71
     3
 72
     8
 73
     4
 74
     0
 42
0.000000001
 43
0.0000000001
 40
177.6129851667694
 40
177.6129851667694
 40
177.6129851667694
 40
177.6129851667694
 40
178.6129851667694
 40
178.6129851667694
 40
178.6129851667694
 40
178.6129851667694
 10
-6.255865519742716
 20
-13.58061824762293
 30
0.0
 10
-6.158919714714182
 20
-13.62082955438439
 30
0.0
 10
-6.067676604099092
 20
-13.67093527965806
 30
0.0
 10
-5.983890863101581
 20
-13.72971689899663
 30
0.0
  0
SPLINE
  5
15F
330
1F
100
AcDbEntity
  8
Default
 62
   178
420
   395273
370
     0
100
AcDbSpline
210
0.0
220
0.0
230
1.0
 70
     8
 71
     3
 72
     8
 73
     4
 74
     0
 42
0.000000001
 43
0.0000000001
 40
178.6129851667694
 40
178.6129851667694
 40
178.6129851667694
 40
178.6129851667694
 40
179.6129851667694
 40
179.6129851667694
 40
179.6129851667694
 40
179.6129851667694
 10
-5.983890863101581
 20
-13.72971689899663
 30
0.0
 10
-5.955962282769078
 20
-13.74931077210949
 30
0.0
 10
-5.927692515591325
 20
-13.76870968131077
 30
0.0
 10
-5.899130302546217
 20
-13.78766992171102
 30
0.0
  0
SPLINE
  5
160
330
1F
100
AcDbEntity
  8
Default
 62
   178
420
   395273
370
     0
100
AcDbSpline
210
0.0
220
0.0
230
1.0
 70
     8
 71
     3
 72
     8
 73
     4
 74
     0
 42
0.000000001
 43
0.0000000001
 40
179.6129851667694
 40
179.6129851667694
 40
179.6129851667694
 40
179.6129851667694
 40
180.6129851667694
 40
180.6129851667694
 40
180.6129851667694
 40
180.6129851667694
 10
-5.899130302546217
 20
-13.78766992171102
 30
0.0
 10
-5.873395066218884
 20
-13.803120811703
 30
0.0
 10
-5.844491666328526
 20
-13.81394130879518
 30
0.0
 10
-5.814028555145604
 20
-13.81954652125283
 30
0.0
  0
SPLINE
  5
161
330
1F
100
AcDbEntity
  8
Default
 62
   178
420
   395273
370
     0
100
AcDbSpline
210
0.0
220
0.0
230
1.0
 70
     8
 71
     3
 72
     8
 73
     4
 74
     0
 42
0.000000001
 43
0.0000000001
 40
180.6129851667694
 40
180.6129851667694
 40
180.6129851667694
 40
180.6129851667694
 40
181.6129851667694
 40
181.6129851667694
 40
181.6129851667694
 40
181.6129851667694
 10
-5.814028555145604
 20
-13.81954652125283
 30
0.0
 10
-5.78517389623314
 20
-13.81852296071709
 30
0.0
 10
-5.756319237320675
 20
-13.81793806898238
 30
0.0
 10
-5.727513319386103
 20
-13.81774310507081
 30
0.0
  0
SPLINE
  5
162
330
1F
100
AcDbEntity
  8
Default
 62
   178
420
   395273
370
     0
100
AcDbSpline
210
0.0
220
0.0
230
1.0
 70
     8
 71
     3
 72
     8
 73
     4
 74
     0
 42
0.000000001
 43
0.0000000001
 40
181.6129851667694
 40
181.6129851667694
 40
181.6129851667694
 40
181.6129851667694
 40
182.6129851667694
 40
182.6129851667694
 40
182.6129851667694
 40
182.6129851667694
 10
-5.727513319386103
 20
-13.81774310507081
 30
0.0
 10
-5.70596980715754
 20
-13.81798680996027
 30
0.0
 10
-5.685596078398401
 20
-13.82627277620202
 30
0.0
 10
-5.671461194809525
 20
-13.84055388272458
 30
0.0
  0
SPLINE
  5
163
330
1F
100
AcDbEntity
  8
Default
 62
   178
420
   395273
370
     0
100
AcDbSpline
210
0.0
220
0.0
230
1.0
 70
     8
 71
     3
 72
     8
 73
     4
 74
     0
 42
0.000000001
 43
0.0000000001
 40
182.6129851667694
 40
182.6129851667694
 40
182.6129851667694
 40
182.6129851667694
 40
183.6129851667694
 40
183.6129851667694
 40
183.6129851667694
 40
183.6129851667694
 10
-5.671461194809525
 20
-13.84055388272458
 30
0.0
 10
-5.648650417155753
 20
-13.87106573488539
 30
0.0
 10
-5.627496832750331
 20
-13.90250366562617
 30
0.0
 10
-5.608146664526938
 20
-13.93477019299112
 30
0.0
  0
SPLINE
  5
164
330
1F
100
AcDbEntity
  8
Default
 62
   178
420
   395273
370
     0
100
AcDbSpline
210
0.0
220
0.0
230
1.0
 70
     8
 71
     3
 72
     8
 73
     4
 74
     0
 42
0.000000001
 43
0.0000000001
 40
183.6129851667694
 40
183.6129851667694
 40
183.6129851667694
 40
183.6129851667694
 40
184.6129851667694
 40
184.6129851667694
 40
184.6129851667694
 40
184.6129851667694
 10
-5.608146664526938
 20
-13.93477019299112
 30
0.0
 10
-5.585189663939488
 20
-13.96489211732879
 30
0.0
 10
-5.554726552756565
 20
-13.99004246192142
 30
0.0
 10
-5.519048156939125
 20
-14.00827158765328
 30
0.0
  0
SPLINE
  5
165
330
1F
100
AcDbEntity
  8
Default
 62
   178
420
   395273
370
     0
100
AcDbSpline
210
0.0
220
0.0
230
1.0
 70
     8
 71
     3
 72
     8
 73
     4
 74
     0
 42
0.000000001
 43
0.0000000001
 40
184.6129851667694
 40
184.6129851667694
 40
184.6129851667694
 40
184.6129851667694
 40
185.6129851667694
 40
185.6129851667694
 40
185.6129851667694
 40
185.6129851667694
 10
-5.519048156939125
 20
-14.00827158765328
 30
0.0
 10
-5.493312920611793
 20
-14.02338129080001
 30
0.0
 10
-5.465189376367718
 20
-14.03507912549425
 30
0.0
 10
-5.435506120831078
 20
-14.04292642293497
 30
0.0
  0
SPLINE
  5
166
330
1F
100
AcDbEntity
  8
Default
 62
   178
420
   395273
370
     0
100
AcDbSpline
210
0.0
220
0.0
230
1.0
 70
     8
 71
     3
 72
     8
 73
     4
 74
     0
 42
0.000000001
 43
0.0000000001
 40
185.6129851667694
 40
185.6129851667694
 40
185.6129851667694
 40
185.6129851667694
 40
186.6129851667694
 40
186.6129851667694
 40
186.6129851667694
 40
186.6129851667694
 10
-5.435506120831078
 20
-14.04292642293497
 30
0.0
 10
-5.392906506152879
 20
-14.05150483504408
 30
0.0
 10
-5.349088367027362
 20
-14.054721739585
 30
0.0
 10
-5.305465191813417
 20
-14.05228469069036
 30
0.0
  0
SPLINE
  5
167
330
1F
100
AcDbEntity
  8
Default
 62
   178
420
   395273
370
     0
100
AcDbSpline
210
0.0
220
0.0
230
1.0
 70
     8
 71
     3
 72
     8
 73
     4
 74
     0
 42
0.000000001
 43
0.0000000001
 40
186.6129851667694
 40
186.6129851667694
 40
186.6129851667694
 40
186.6129851667694
 40
187.6129851667694
 40
187.6129851667694
 40
187.6129851667694
 40
187.6129851667694
 10
-5.305465191813417
 20
-14.05228469069036
 30
0.0
 10
-5.210322802966912
 20
-14.04560717671907
 30
0.0
 10
-5.115082932164622
 20
-14.03961203643827
 30
0.0
 10
-5.019843061362333
 20
-14.03425052887007
 30
0.0
  0
LINE
  5
168
330
1F
100
AcDbEntity
  8
Default
 62
   178
420
   395273
370
     0
100
AcDbLine
 10
-5.019843061362333
 20
-14.03425052887007
 30
0.0
 11
-4.74226319226354
 21
-14.0307411784618
 31
0.0
  0
SPLINE
  5
169
330
1F
100
AcDbEntity
  8
Default
 62
   178
420
   395273
370
     0
100
AcDbSpline
210
0.0
220
0.0
230
1.0
 70
     8
 71
     3
 72
     8
 73
     4
 74
     0
 42
0.000000001
 43
0.0000000001
 40
193.3084402846682
 40
193.3084402846682
 40
193.3084402846682
 40
193.3084402846682
 40
194.3084402846682
 40
194.3084402846682
 40
194.3084402846682
 40
194.3084402846682
 10
-4.74226319226354
 20
-14.0307411784618
 30
0.0
 10
-4.649947780134811
 20
-14.02996132281552
 30
0.0
 10
-4.557876072895544
 20
-14.02240647124215
 30
0.0
 10
-4.467022890103596
 20
-14.00802788276382
 30
0.0
  0
LINE
  5
16A
330
1F
100
AcDbEntity
  8
Default
 62
   178
420
   395273
370
     0
100
AcDbLine
 10
-4.467022890103596
 20
-14.00802788276382
 30
0.0
 11
-4.412579217797476
 21
-13.99530648753383
 31
0.0
  0
SPLINE
  5
16B
330
1F
100
AcDbEntity
  8
Default
 62
   178
420
   395273
370
     0
100
AcDbSpline
210
0.0
220
0.0
230
1.0
 70
     8
 71
     3
 72
     8
 73
     4
 74
     0
 42
0.000000001
 43
0.0000000001
 40
195.4555279011997
 40
195.4555279011997
 40
195.4555279011997
 40
195.4555279011997
 40
196.4555279011997
 40
196.4555279011997
 40
196.4555279011997
 40
196.4555279011997
 10
-4.412579217797476
 20
-13.99530648753383
 30
0.0
 10
-4.362619715457482
 20
-13.98126908590073
 30
0.0
 10
-4.314073701476377
 20
-13.96372233385937
 30
0.0
 10
-4.267379844655193
 20
-13.94276371336552
 30
0.0
  0
SPLINE
  5
16C
330
1F
100
AcDbEntity
  8
Default
 62
   178
420
   395273
370
     0
100
AcDbSpline
210
0.0
220
0.0
230
1.0
 70
     8
 71
     3
 72
     8
 73
     4
 74
     0
 42
0.000000001
 43
0.0000000001
 40
196.4555279011997
 40
196.4555279011997
 40
196.4555279011997
 40
196.4555279011997
 40
197.4555279011997
 40
197.4555279011997
 40
197.4555279011997
 40
197.4555279011997
 10
-4.267379844655193
 20
-13.94276371336552
 30
0.0
 10
-4.217712788182555
 20
-13.91395779543095
 30
0.0
 10
-4.167655803886777
 20
-13.88573676923109
 30
0.0
 10
-4.117208891767857
 20
-13.85810063476594
 30
0.0
  0
SPLINE
  5
16D
330
1F
100
AcDbEntity
  8
Default
 62
   178
420
   395273
370
     0
100
AcDbSpline
210
0.0
220
0.0
230
1.0
 70
     8
 71
     3
 72
     8
 73
     4
 74
     0
 42
0.000000001
 43
0.0000000001
 40
197.4555279011997
 40
197.4555279011997
 40
197.4555279011997
 40
197.4555279011997
 40
198.4555279011997
 40
198.4555279011997
 40
198.4555279011997
 40
198.4555279011997
 10
-4.117208891767857
 20
-13.85810063476594
 30
0.0
 10
-4.074755500023335
 20
-13.83514363417849
 30
0.0
 10
-4.027525492445331
 20
-13.81983896712019
 30
0.0
 10
-3.978297104773728
 20
-13.813112712171
 30
0.0
  0
SPLINE
  5
16E
330
1F
100
AcDbEntity
  8
Default
 62
   178
420
   395273
370
     0
100
AcDbSpline
210
0.0
220
0.0
230
1.0
 70
     8
 71
     3
 72
     8
 73
     4
 74
     0
 42
0.000000001
 43
0.0000000001
 40
198.4555279011997
 40
198.4555279011997
 40
198.4555279011997
 40
198.4555279011997
 40
199.4555279011997
 40
199.4555279011997
 40
199.4555279011997
 40
199.4555279011997
 10
-3.978297104773728
 20
-13.813112712171
 30
0.0
 10
-3.923268540732896
 20
-13.80823861438173
 30
0.0
 10
-3.867752566913138
 20
-13.80892098807223
 30
0.0
 10
-3.812918966783877
 20
-13.8151110922646
 30
0.0
  0
SPLINE
  5
16F
330
1F
100
AcDbEntity
  8
Default
 62
   178
420
   395273
370
     0
100
AcDbSpline
210
0.0
220
0.0
230
1.0
 70
     8
 71
     3
 72
     8
 73
     4
 74
     0
 42
0.000000001
 43
0.0000000001
 40
199.4555279011997
 40
199.4555279011997
 40
199.4555279011997
 40
199.4555279011997
 40
200.4555279011997
 40
200.4555279011997
 40
200.4555279011997
 40
200.4555279011997
 10
-3.812918966783877
 20
-13.8151110922646
 30
0.0
 10
-3.727622255471693
 20
-13.82354328144003
 30
0.0
 10
-3.643154140783685
 20
-13.83723949622788
 30
0.0
 10
-3.560050773476671
 20
-13.85615099565023
 30
0.0
  0
SPLINE
  5
170
330
1F
100
AcDbEntity
  8
Default
 62
   178
420
   395273
370
     0
100
AcDbSpline
210
0.0
220
0.0
230
1.0
 70
     8
 71
     3
 72
     8
 73
     4
 74
     0
 42
0.000000001
 43
0.0000000001
 40
200.4555279011997
 40
200.4555279011997
 40
200.4555279011997
 40
200.4555279011997
 40
201.4555279011997
 40
201.4555279011997
 40
201.4555279011997
 40
201.4555279011997
 10
-3.560050773476671
 20
-13.85615099565023
 30
0.0
 10
-3.469538777529971
 20
-13.87613479658623
 30
0.0
 10
-3.37756455224649
 20
-13.89065960799825
 30
0.0
 10
-3.284810471316727
 20
-13.89972542988629
 30
0.0
  0
SPLINE
  5
171
330
1F
100
AcDbEntity
  8
Default
 62
   178
420
   395273
370
     0
100
AcDbSpline
210
0.0
220
0.0
230
1.0
 70
     8
 71
     3
 72
     8
 73
     4
 74
     0
 42
0.000000001
 43
0.0000000001
 40
201.4555279011997
 40
201.4555279011997
 40
201.4555279011997
 40
201.4555279011997
 40
202.4555279011997
 40
202.4555279011997
 40
202.4555279011997
 40
202.4555279011997
 10
-3.284810471316727
 20
-13.89972542988629
 30
0.0
 10
-3.182405676764213
 20
-13.90528190136605
 30
0.0
 10
-3.079659695366451
 20
-13.90338100322824
 30
0.0
 10
-2.977596087659187
 20
-13.89412021742863
 30
0.0
  0
SPLINE
  5
172
330
1F
100
AcDbEntity
  8
Default
 62
   178
420
   395273
370
     0
100
AcDbSpline
210
0.0
220
0.0
230
1.0
 70
     8
 71
     3
 72
     8
 73
     4
 74
     0
 42
0.000000001
 43
0.0000000001
 40
202.4555279011997
 40
202.4555279011997
 40
202.4555279011997
 40
202.4555279011997
 40
203.4555279011997
 40
203.4555279011997
 40
203.4555279011997
 40
203.4555279011997
 10
-2.977596087659187
 20
-13.89412021742863
 30
0.0
 10
-2.53731883435464
 20
-13.85810063476594
 30
0.0
 10
-2.102256865684609
 20
-13.78416057130275
 30
0.0
 10
-1.67850280388568
 20
-13.67317736464113
 30
0.0
  0
SPLINE
  5
173
330
1F
100
AcDbEntity
  8
Default
 62
   178
420
   395273
370
     0
100
AcDbSpline
210
0.0
220
0.0
230
1.0
 70
     8
 71
     3
 72
     8
 73
     4
 74
     0
 42
0.000000001
 43
0.0000000001
 40
203.4555279011997
 40
203.4555279011997
 40
203.4555279011997
 40
203.4555279011997
 40
204.4555279011997
 40
204.4555279011997
 40
204.4555279011997
 40
204.4555279011997
 10
-1.67850280388568
 20
-13.67317736464113
 30
0.0
 10
-1.499525933063772
 20
-13.62721462248833
 30
0.0
 10
-1.32868880554994
 20
-13.55965962712908
 30
0.0
 10
-1.170816778155562
 20
-13.47246201767908
 30
0.0
  0
SPLINE
  5
174
330
1F
100
AcDbEntity
  8
Default
 62
   178
420
   395273
370
     0
100
AcDbSpline
210
0.0
220
0.0
230
1.0
 70
     8
 71
     3
 72
     8
 73
     4
 74
     0
 42
0.000000001
 43
0.0000000001
 40
204.4555279011997
 40
204.4555279011997
 40
204.4555279011997
 40
204.4555279011997
 40
205.4555279011997
 40
205.4555279011997
 40
205.4555279011997
 40
205.4555279011997
 10
-1.170816778155562
 20
-13.47246201767908
 30
0.0
 10
-0.9266732198911446
 20
-13.36620668587305
 30
0.0
 10
-0.6552347140068298
 20
-13.31707578015723
 30
0.0
 10
-0.3831138344320169
 20
-13.32989465734301
 30
0.0
  0
SPLINE
  5
175
330
1F
100
AcDbEntity
  8
Default
 62
   178
420
   395273
370
     0
100
AcDbSpline
210
0.0
220
0.0
230
1.0
 70
     8
 71
     3
 72
     8
 73
     4
 74
     0
 42
0.000000001
 43
0.0000000001
 40
205.4555279011997
 40
205.4555279011997
 40
205.4555279011997
 40
205.4555279011997
 40
206.4555279011997
 40
206.4555279011997
 40
206.4555279011997
 40
206.4555279011997
 10
-0.3831138344320169
 20
-13.32989465734301
 30
0.0
 10
-0.3674679805284678
 20
-13.3305770310335
 30
0.0
 10
-0.3551852540995128
 20
-13.34198241986039
 30
0.0
 10
-0.3551852540995128
 20
-13.35567863464823
 30
0.0
  0
LINE
  5
176
330
1F
100
AcDbEntity
  8
Default
 62
   178
420
   395273
370
     0
100
AcDbLine
 10
-0.3551852540995128
 20
-13.35567863464823
 30
0.0
 11
-0.3551852540995128
 21
-14.17594055160408
 31
0.0
  0
LINE
  5
177
330
1F
100
AcDbEntity
  8
Default
 62
   178
420
   395273
370
     0
100
AcDbLine
 10
-0.3551852540995128
 20
-16.62274739001203
 30
0.0
 11
-3.093843319933221
 21
-16.62274739001203
 31
0.0
  0
LINE
  5
178
330
1F
100
AcDbEntity
  8
Default
 62
   178
420
   395273
370
     0
100
AcDbLine
 10
-3.093843319933221
 20
-16.62274739001203
 30
0.0
 11
-3.093843319933221
 21
-16.76858039586691
 31
0.0
  0
LINE
  5
179
330
1F
100
AcDbEntity
  8
Default
 62
   178
420
   395273
370
     0
100
AcDbLine
 10
-3.093843319933221
 20
-16.76858039586691
 30
0.0
 11
-0.3551852540995128
 21
-16.76858039586691
 31
0.0
  0
LINE
  5
17A
330
1F
100
AcDbEntity
  8
Default
 62
   178
420
   395273
370
     0
100
AcDbLine
 10
-0.3551852540995128
 20
-16.76858039586691
 30
0.0
 11
-0.3551852540995128
 21
-17.41859007704365
 31
0.0
  0
SPLINE
  5
17B
330
1F
100
AcDbEntity
  8
Default
 62
   178
420
   395273
370
     0
100
AcDbSpline
210
0.0
220
0.0
230
1.0
 70
     8
 71
     3
 72
     8
 73
     4
 74
     0
 42
0.000000001
 43
0.0000000001
 40
128.704
 40
128.704
 40
128.704
 40
128.704
 40
129.704
 40
129.704
 40
129.704
 40
129.704
 10
-0.3551852540995128
 20
-17.41859007704365
 30
0.0
 10
-0.3551852540995128
 20
-17.43126273129575
 30
0.0
 10
-0.3657133053243314
 20
-17.44213196936581
 30
0.0
 10
-0.379945670868993
 20
-17.44413034945941
 30
0.0
  0
LINE
  5
17C
330
1F
100
AcDbEntity
  8
Default
 62
   178
420
   395273
370
     0
100
AcDbLine
 10
-0.379945670868993
 20
-17.44413034945941
 30
0.0
 11
-1.12670619316269
 21
-17.54024755786377
 31
0.0
  0
SPLINE
  5
17D
330
1F
100
AcDbEntity
  8
Default
 62
   178
420
   395273
370
     0
100
AcDbSpline
210
0.0
220
0.0
230
1.0
 70
     8
 71
     3
 72
     8
 73
     4
 74
     0
 42
0.000000001
 43
0.0000000001
 40
145.1513889379403
 40
145.1513889379403
 40
145.1513889379403
 40
145.1513889379403
 40
146.1513889379403
 40
146.1513889379403
 40
146.1513889379403
 40
146.1513889379403
 10
-1.12670619316269
 20
-17.54024755786377
 30
0.0
 10
-1.266885245582028
 20
-17.53483730931768
 30
0.0
 10
-1.405845773554048
 20
-17.51421987566908
 30
0.0
 10
-1.540273390582049
 20
-17.47893140767478
 30
0.0
  0
SPLINE
  5
17E
330
1F
100
AcDbEntity
  8
Default
 62
   178
420
   395273
370
     0
100
AcDbSpline
210
0.0
220
0.0
230
1.0
 70
     8
 71
     3
 72
     8
 73
     4
 74
     0
 42
0.000000001
 43
0.0000000001
 40
146.1513889379403
 40
146.1513889379403
 40
146.1513889379403
 40
146.1513889379403
 40
147.1513889379403
 40
147.1513889379403
 40
147.1513889379403
 40
147.1513889379403
 10
-1.540273390582049
 20
-17.47893140767478
 30
0.0
 10
-1.620159853348146
 20
-17.45846019695986
 30
0.0
 10
-1.699168978512176
 20
-17.43540571441662
 30
0.0
 10
-1.777154543140458
 20
-17.40991418297875
 30
0.0
  0
SPLINE
  5
17F
330
1F
100
AcDbEntity
  8
Default
 62
   178
420
   395273
370
     0
100
AcDbSpline
210
0.0
220
0.0
230
1.0
 70
     8
 71
     3
 72
     8
 73
     4
 74
     0
 42
0.000000001
 43
0.0000000001
 40
147.1513889379403
 40
147.1513889379403
 40
147.1513889379403
 40
147.1513889379403
 40
148.1513889379403
 40
148.1513889379403
 40
148.1513889379403
 40
148.1513889379403
 10
-1.777154543140458
 20
-17.40991418297875
 30
0.0
 10
-1.944531061223909
 20
-17.35278975688853
 30
0.0
 10
-2.112638693975749
 20
-17.2971275601351
 30
0.0
 10
-2.281428700418089
 20
-17.2431712976079
 30
0.0
  0
SPLINE
  5
180
330
1F
100
AcDbEntity
  8
Default
 62
   178
420
   395273
370
     0
100
AcDbSpline
210
0.0
220
0.0
230
1.0
 70
     8
 71
     3
 72
     8
 73
     4
 74
     0
 42
0.000000001
 43
0.0000000001
 40
148.1513889379403
 40
148.1513889379403
 40
148.1513889379403
 40
148.1513889379403
 40
149.1513889379403
 40
149.1513889379403
 40
149.1513889379403
 40
149.1513889379403
 10
-2.281428700418089
 20
-17.2431712976079
 30
0.0
 10
-2.451534713263529
 20
-17.19423535580366
 30
0.0
 10
-2.623102955445751
 20
-17.14929617418661
 30
0.0
 10
-2.795938463053181
 20
-17.10840249373465
 30
0.0
  0
SPLINE
  5
181
330
1F
100
AcDbEntity
  8
Default
 62
   178
420
   395273
370
     0
100
AcDbSpline
210
0.0
220
0.0
230
1.0
 70
     8
 71
     3
 72
     8
 73
     4
 74
     0
 42
0.000000001
 43
0.0000000001
 40
149.1513889379403
 40
149.1513889379403
 40
149.1513889379403
 40
149.1513889379403
 40
150.1513889379403
 40
150.1513889379403
 40
150.1513889379403
 40
150.1513889379403
 10
-2.795938463053181
 20
-17.10840249373465
 30
0.0
 10
-2.946596825719445
 20
-17.07301654378457
 30
0.0
 10
-3.100179647059269
 20
-17.04810990408141
 30
0.0
 10
-3.255273438713765
 20
-17.03382879755886
 30
0.0
  0
SPLINE
  5
182
330
1F
100
AcDbEntity
  8
Default
 62
   178
420
   395273
370
     0
100
AcDbSpline
210
0.0
220
0.0
230
1.0
 70
     8
 71
     3
 72
     8
 73
     4
 74
     0
 42
0.000000001
 43
0.0000000001
 40
150.1513889379403
 40
150.1513889379403
 40
150.1513889379403
 40
150.1513889379403
 40
151.1513889379403
 40
151.1513889379403
 40
151.1513889379403
 40
151.1513889379403
 10
-3.255273438713765
 20
-17.03382879755886
 30
0.0
 10
-3.276524505074972
 20
-17.03187915844315
 30
0.0
 10
-3.297921794369857
 20
-17.03129426670844
 30
0.0
 10
-3.31927034268685
 20
-17.03217160431051
 30
0.0
  0
SPLINE
  5
183
330
1F
100
AcDbEntity
  8
Default
 62
   178
420
   395273
370
     0
100
AcDbSpline
210
0.0
220
0.0
230
1.0
 70
     8
 71
     3
 72
     8
 73
     4
 74
     0
 42
0.000000001
 43
0.0000000001
 40
151.1513889379403
 40
151.1513889379403
 40
151.1513889379403
 40
151.1513889379403
 40
152.1513889379403
 40
152.1513889379403
 40
152.1513889379403
 40
152.1513889379403
 10
-3.31927034268685
 20
-17.03217160431051
 30
0.0
 10
-3.360651432917732
 20
-17.034218725382
 30
0.0
 10
-3.40178881825915
 20
-17.03860541339234
 30
0.0
 10
-3.442536275777428
 20
-17.04533166834153
 30
0.0
  0
SPLINE
  5
184
330
1F
100
AcDbEntity
  8
Default
 62
   178
420
   395273
370
     0
100
AcDbSpline
210
0.0
220
0.0
230
1.0
 70
     8
 71
     3
 72
     8
 73
     4
 74
     0
 42
0.000000001
 43
0.0000000001
 40
152.1513889379403
 40
152.1513889379403
 40
152.1513889379403
 40
152.1513889379403
 40
153.1513889379403
 40
153.1513889379403
 40
153.1513889379403
 40
153.1513889379403
 10
-3.442536275777428
 20
-17.04533166834153
 30
0.0
 10
-3.459010726305153
 20
-17.04913346461716
 30
0.0
 10
-3.474656580208702
 20
-17.05537230978742
 30
0.0
 10
-3.488742722819686
 20
-17.06380449896285
 30
0.0
  0
SPLINE
  5
185
330
1F
100
AcDbEntity
  8
Default
 62
   178
420
   395273
370
     0
100
AcDbSpline
210
0.0
220
0.0
230
1.0
 70
     8
 71
     3
 72
     8
 73
     4
 74
     0
 42
0.000000001
 43
0.0000000001
 40
153.1513889379403
 40
153.1513889379403
 40
153.1513889379403
 40
153.1513889379403
 40
154.1513889379403
 40
154.1513889379403
 40
154.1513889379403
 40
154.1513889379403
 10
-3.488742722819686
 20
-17.06380449896285
 30
0.0
 10
-3.547085673357219
 20
-17.10036023238236
 30
0.0
 10
-3.608889233325133
 20
-17.13248053681363
 30
0.0
 10
-3.673422288055037
 20
-17.15987296638932
 30
0.0
  0
SPLINE
  5
186
330
1F
100
AcDbEntity
  8
Default
 62
   178
420
   395273
370
     0
100
AcDbSpline
210
0.0
220
0.0
230
1.0
 70
     8
 71
     3
 72
     8
 73
     4
 74
     0
 42
0.000000001
 43
0.0000000001
 40
154.1513889379403
 40
154.1513889379403
 40
154.1513889379403
 40
154.1513889379403
 40
155.1513889379403
 40
155.1513889379403
 40
155.1513889379403
 40
155.1513889379403
 10
-3.673422288055037
 20
-17.15987296638932
 30
0.0
 10
-3.731960202504141
 20
-17.18351234066727
 30
0.0
 10
-3.796883185057186
 20
-17.19243193962163
 30
0.0
 10
-3.860880089030271
 20
-17.18580316662822
 30
0.0
  0
SPLINE
  5
187
330
1F
100
AcDbEntity
  8
Default
 62
   178
420
   395273
370
     0
100
AcDbSpline
210
0.0
220
0.0
230
1.0
 70
     8
 71
     3
 72
     8
 73
     4
 74
     0
 42
0.000000001
 43
0.0000000001
 40
155.1513889379403
 40
155.1513889379403
 40
155.1513889379403
 40
155.1513889379403
 40
156.1513889379403
 40
156.1513889379403
 40
156.1513889379403
 40
156.1513889379403
 10
-3.860880089030271
 20
-17.18580316662822
 30
0.0
 10
-3.970059879509866
 20
-17.17615245300547
 30
0.0
 10
-4.076315211315901
 20
-17.14876002342979
 30
0.0
 10
-4.174138353946502
 20
-17.10503936626006
 30
0.0
  0
SPLINE
  5
188
330
1F
100
AcDbEntity
  8
Default
 62
   178
420
   395273
370
     0
100
AcDbSpline
210
0.0
220
0.0
230
1.0
 70
     8
 71
     3
 72
     8
 73
     4
 74
     0
 42
0.000000001
 43
0.0000000001
 40
156.1513889379403
 40
156.1513889379403
 40
156.1513889379403
 40
156.1513889379403
 40
157.1513889379403
 40
157.1513889379403
 40
157.1513889379403
 40
157.1513889379403
 10
-4.174138353946502
 20
-17.10503936626006
 30
0.0
 10
-4.248468345232834
 20
-17.07291906182878
 30
0.0
 10
-4.324845457590659
 20
-17.04460055367314
 30
0.0
 10
-4.402879763196833
 20
-17.0202788057047
 30
0.0
  0
SPLINE
  5
189
330
1F
100
AcDbEntity
  8
Default
 62
   178
420
   395273
370
     0
100
AcDbSpline
210
0.0
220
0.0
230
1.0
 70
     8
 71
     3
 72
     8
 73
     4
 74
     0
 42
0.000000001
 43
0.0000000001
 40
157.1513889379403
 40
157.1513889379403
 40
157.1513889379403
 40
157.1513889379403
 40
158.1513889379403
 40
158.1513889379403
 40
158.1513889379403
 40
158.1513889379403
 10
-4.402879763196833
 20
-17.0202788057047
 30
0.0
 10
-4.496316217817094
 20
-16.99542090697943
 30
0.0
 10
-4.59257964915513
 20
-16.97953134818642
 30
0.0
 10
-4.689915382006805
 20
-16.9730000571488
 30
0.0
  0
SPLINE
  5
18A
330
1F
100
AcDbEntity
  8
Default
 62
   178
420
   395273
370
     0
100
AcDbSpline
210
0.0
220
0.0
230
1.0
 70
     8
 71
     3
 72
     8
 73
     4
 74
     0
 42
0.000000001
 43
0.0000000001
 40
158.1513889379403
 40
158.1513889379403
 40
158.1513889379403
 40
158.1513889379403
 40
159.1513889379403
 40
159.1513889379403
 40
159.1513889379403
 40
159.1513889379403
 10
-4.689915382006805
 20
-16.9730000571488
 30
0.0
 10
-4.794026110785562
 20
-16.96495779579651
 30
0.0
 10
-4.898721731299032
 20
-16.9636417893934
 30
0.0
 10
-5.003076164967251
 20
-16.96914951989528
 30
0.0
  0
SPLINE
  5
18B
330
1F
100
AcDbEntity
  8
Default
 62
   178
420
   395273
370
     0
100
AcDbSpline
210
0.0
220
0.0
230
1.0
 70
     8
 71
     3
 72
     8
 73
     4
 74
     0
 42
0.000000001
 43
0.0000000001
 40
159.1513889379403
 40
159.1513889379403
 40
159.1513889379403
 40
159.1513889379403
 40
160.1513889379403
 40
160.1513889379403
 40
160.1513889379403
 40
160.1513889379403
 10
-5.003076164967251
 20
-16.96914951989528
 30
0.0
 10
-5.079843205148217
 20
-16.97173279172359
 30
0.0
 10
-5.156610245329183
 20
-16.97178153270148
 30
0.0
 10
-5.233377285510149
 20
-16.96929574282895
 30
0.0
  0
SPLINE
  5
18C
330
1F
100
AcDbEntity
  8
Default
 62
   178
420
   395273
370
     0
100
AcDbSpline
210
0.0
220
0.0
230
1.0
 70
     8
 71
     3
 72
     8
 73
     4
 74
     0
 42
0.000000001
 43
0.0000000001
 40
160.1513889379403
 40
160.1513889379403
 40
160.1513889379403
 40
160.1513889379403
 40
161.1513889379403
 40
161.1513889379403
 40
161.1513889379403
 40
161.1513889379403
 10
-5.233377285510149
 20
-16.96929574282895
 30
0.0
 10
-5.307463571907016
 20
-16.96412919917233
 30
0.0
 10
-5.381354894392315
 20
-16.95711049835579
 30
0.0
 10
-5.454953771010255
 20
-16.948385863313
 30
0.0
  0
SPLINE
  5
18D
330
1F
100
AcDbEntity
  8
Default
 62
   178
420
   395273
370
     0
100
AcDbSpline
210
0.0
220
0.0
230
1.0
 70
     8
 71
     3
 72
     8
 73
     4
 74
     0
 42
0.000000001
 43
0.0000000001
 40
161.1513889379403
 40
161.1513889379403
 40
161.1513889379403
 40
161.1513889379403
 40
162.1513889379403
 40
162.1513889379403
 40
162.1513889379403
 40
162.1513889379403
 10
-5.454953771010255
 20
-16.948385863313
 30
0.0
 10
-5.492922992788651
 20
-16.94385295236898
 30
0.0
 10
-5.531038437500724
 20
-16.94078227076174
 30
0.0
 10
-5.569300105146475
 20
-16.93917381849128
 30
0.0
  0
SPLINE
  5
18E
330
1F
100
AcDbEntity
  8
Default
 62
   178
420
   395273
370
     0
100
AcDbSpline
210
0.0
220
0.0
230
1.0
 70
     8
 71
     3
 72
     8
 73
     4
 74
     0
 42
0.000000001
 43
0.0000000001
 40
162.1513889379403
 40
162.1513889379403
 40
162.1513889379403
 40
162.1513889379403
 40
163.1513889379403
 40
163.1513889379403
 40
163.1513889379403
 40
163.1513889379403
 10
-5.569300105146475
 20
-16.93917381849128
 30
0.0
 10
-5.6010792227325
 20
-16.9390275955576
 30
0.0
 10
-5.632712117384847
 20
-16.94346302454584
 30
0.0
 10
-5.662882782700414
 20
-16.95228514154441
 30
0.0
  0
SPLINE
  5
18F
330
1F
100
AcDbEntity
  8
Default
 62
   178
420
   395273
370
     0
100
AcDbSpline
210
0.0
220
0.0
230
1.0
 70
     8
 71
     3
 72
     8
 73
     4
 74
     0
 42
0.000000001
 43
0.0000000001
 40
163.1513889379403
 40
163.1513889379403
 40
163.1513889379403
 40
163.1513889379403
 40
164.1513889379403
 40
164.1513889379403
 40
164.1513889379403
 40
164.1513889379403
 10
-5.662882782700414
 20
-16.95228514154441
 30
0.0
 10
-5.677115148245075
 20
-16.9583290228031
 30
0.0
 10
-5.690567658143454
 20
-16.96549394655333
 30
0.0
 10
-5.703191571417658
 20
-16.97377991279508
 30
0.0
  0
SPLINE
  5
190
330
1F
100
AcDbEntity
  8
Default
 62
   178
420
   395273
370
     0
100
AcDbSpline
210
0.0
220
0.0
230
1.0
 70
     8
 71
     3
 72
     8
 73
     4
 74
     0
 42
0.000000001
 43
0.0000000001
 40
164.1513889379403
 40
164.1513889379403
 40
164.1513889379403
 40
164.1513889379403
 40
165.1513889379403
 40
165.1513889379403
 40
165.1513889379403
 40
165.1513889379403
 10
-5.703191571417658
 20
-16.97377991279508
 30
0.0
 10
-5.725027529513577
 20
-16.98659878998085
 30
0.0
 10
-5.748520680857847
 20
-16.99722432316146
 30
0.0
 10
-5.773086133715755
 20
-17.00536406646954
 30
0.0
  0
SPLINE
  5
191
330
1F
100
AcDbEntity
  8
Default
 62
   178
420
   395273
370
     0
100
AcDbSpline
210
0.0
220
0.0
230
1.0
 70
     8
 71
     3
 72
     8
 73
     4
 74
     0
 42
0.000000001
 43
0.0000000001
 40
165.1513889379403
 40
165.1513889379403
 40
165.1513889379403
 40
165.1513889379403
 40
166.1513889379403
 40
166.1513889379403
 40
166.1513889379403
 40
166.1513889379403
 10
-5.773086133715755
 20
-17.00536406646954
 30
0.0
 10
-5.80247694338504
 20
-17.0129189180429
 30
0.0
 10
-5.833719910214245
 20
-17.01321136391025
 30
0.0
 10
-5.863256942817207
 20
-17.00614392211582
 30
0.0
  0
SPLINE
  5
192
330
1F
100
AcDbEntity
  8
Default
 62
   178
420
   395273
370
     0
100
AcDbSpline
210
0.0
220
0.0
230
1.0
 70
     8
 71
     3
 72
     8
 73
     4
 74
     0
 42
0.000000001
 43
0.0000000001
 40
166.1513889379403
 40
166.1513889379403
 40
166.1513889379403
 40
166.1513889379403
 40
167.1513889379403
 40
167.1513889379403
 40
167.1513889379403
 40
167.1513889379403
 10
-5.863256942817207
 20
-17.00614392211582
 30
0.0
 10
-5.90064127286089
 20
-16.99863781152035
 30
0.0
 10
-5.936758337479363
 20
-16.98689123584821
 30
0.0
 10
-5.970633317114773
 20
-16.97114789998887
 30
0.0
  0
SPLINE
  5
193
330
1F
100
AcDbEntity
  8
Default
 62
   178
420
   395273
370
     0
100
AcDbSpline
210
0.0
220
0.0
230
1.0
 70
     8
 71
     3
 72
     8
 73
     4
 74
     0
 42
0.000000001
 43
0.0000000001
 40
167.1513889379403
 40
167.1513889379403
 40
167.1513889379403
 40
167.1513889379403
 40
168.1513889379403
 40
168.1513889379403
 40
168.1513889379403
 40
168.1513889379403
 10
-5.970633317114773
 20
-16.97114789998887
 30
0.0
 10
-6.005044447507003
 20
-16.95399107577066
 30
0.0
 10
-6.040381656479194
 20
-16.93844270382289
 30
0.0
 10
-6.076596203053452
 20
-16.92445404316769
 30
0.0
  0
SPLINE
  5
194
330
1F
100
AcDbEntity
  8
Default
 62
   178
420
   395273
370
     0
100
AcDbSpline
210
0.0
220
0.0
230
1.0
 70
     8
 71
     3
 72
     8
 73
     4
 74
     0
 42
0.000000001
 43
0.0000000001
 40
168.1513889379403
 40
168.1513889379403
 40
168.1513889379403
 40
168.1513889379403
 40
169.1513889379403
 40
169.1513889379403
 40
169.1513889379403
 40
169.1513889379403
 10
-6.076596203053452
 20
-16.92445404316769
 30
0.0
 10
-6.096336299099986
 20
-16.9177277882185
 30
0.0
 10
-6.116953732748589
 20
-16.91319487727448
 30
0.0
 10
-6.138009835198225
 20
-16.91105027424721
 30
0.0
  0
SPLINE
  5
195
330
1F
100
AcDbEntity
  8
Default
 62
   178
420
   395273
370
     0
100
AcDbSpline
210
0.0
220
0.0
230
1.0
 70
     8
 71
     3
 72
     8
 73
     4
 74
     0
 42
0.000000001
 43
0.0000000001
 40
169.1513889379403
 40
169.1513889379403
 40
169.1513889379403
 40
169.1513889379403
 40
170.1513889379403
 40
170.1513889379403
 40
170.1513889379403
 40
170.1513889379403
 10
-6.138009835198225
 20
-16.91105027424721
 30
0.0
 10
-6.191332465012812
 20
-16.90724847797158
 30
0.0
 10
-6.244216426026367
 20
-16.90003481324346
 30
0.0
 10
-6.29636927237153
 20
-16.88950676201864
 30
0.0
  0
LINE
  5
196
330
1F
100
AcDbEntity
  8
Default
 62
   178
420
   395273
370
     0
100
AcDbLine
 10
-6.29636927237153
 20
-16.88950676201864
 30
0.0
 11
-6.630244970936364
 21
-16.8092791124073
 31
0.0
  0
LINE
  5
197
330
1F
100
AcDbEntity
  8
Default
 62
   178
420
   395273
370
     0
100
AcDbLine
 10
-6.630244970936364
 20
-16.8092791124073
 30
0.0
 11
-6.630244970936364
 21
-16.3659799184734
 31
0.0
  0
SPLINE
  5
198
330
1F
100
AcDbEntity
  8
Default
 62
   178
420
   395273
370
     0
100
AcDbSpline
210
0.0
220
0.0
230
1.0
 70
     8
 71
     3
 72
     8
 73
     4
 74
     0
 42
0.000000001
 43
0.0000000001
 40
186.2913741047096
 40
186.2913741047096
 40
186.2913741047096
 40
186.2913741047096
 40
187.2913741047096
 40
187.2913741047096
 40
187.2913741047096
 40
187.2913741047096
 10
-6.630244970936364
 20
-16.3659799184734
 30
0.0
 10
-6.629270151378511
 20
-16.29452564488274
 30
0.0
 10
-6.624542276522922
 20
-16.22307137129208
 30
0.0
 10
-6.616110087347488
 20
-16.15190954356877
 30
0.0
  0
SPLINE
  5
199
330
1F
100
AcDbEntity
  8
Default
 62
   178
420
   395273
370
     0
100
AcDbSpline
210
0.0
220
0.0
230
1.0
 70
     8
 71
     3
 72
     8
 73
     4
 74
     0
 42
0.000000001
 43
0.0000000001
 40
187.2913741047096
 40
187.2913741047096
 40
187.2913741047096
 40
187.2913741047096
 40
188.2913741047096
 40
188.2913741047096
 40
188.2913741047096
 40
188.2913741047096
 10
-6.616110087347488
 20
-16.15190954356877
 30
0.0
 10
-6.593348050671609
 20
-16.07743332934876
 30
0.0
 10
-6.532324346349978
 20
-16.01650710698291
 30
0.0
 10
-6.45117061815867
 20
-15.98706755633574
 30
0.0
  0
SPLINE
  5
19A
330
1F
100
AcDbEntity
  8
Default
 62
   178
420
   395273
370
     0
100
AcDbSpline
210
0.0
220
0.0
230
1.0
 70
     8
 71
     3
 72
     8
 73
     4
 74
     0
 42
0.000000001
 43
0.0000000001
 40
188.2913741047096
 40
188.2913741047096
 40
188.2913741047096
 40
188.2913741047096
 40
189.2913741047096
 40
189.2913741047096
 40
189.2913741047096
 40
189.2913741047096
 10
-6.45117061815867
 20
-15.98706755633574
 30
0.0
 10
-6.435232318387765
 20
-15.98214471756858
 30
0.0
 10
-6.418124235147435
 20
-15.98087745214337
 30
0.0
 10
-6.401406079730248
 20
-15.983314501038
 30
0.0
  0
SPLINE
  5
19B
330
1F
100
AcDbEntity
  8
Default
 62
   178
420
   395273
370
     0
100
AcDbSpline
210
0.0
220
0.0
230
1.0
 70
     8
 71
     3
 72
     8
 73
     4
 74
     0
 42
0.000000001
 43
0.0000000001
 40
189.2913741047096
 40
189.2913741047096
 40
189.2913741047096
 40
189.2913741047096
 40
190.2913741047096
 40
190.2913741047096
 40
190.2913741047096
 40
190.2913741047096
 10
-6.401406079730248
 20
-15.983314501038
 30
0.0
 10
-6.35061798076608
 20
-15.99145424434608
 30
0.0
 10
-6.301535816028154
 20
-16.00632024260334
 30
0.0
 10
-6.255865519742716
 20
-16.02737634505298
 30
0.0
  0
SPLINE
  5
19C
330
1F
100
AcDbEntity
  8
Default
 62
   178
420
   395273
370
     0
100
AcDbSpline
210
0.0
220
0.0
230
1.0
 70
     8
 71
     3
 72
     8
 73
     4
 74
     0
 42
0.000000001
 43
0.0000000001
 40
190.2913741047096
 40
190.2913741047096
 40
190.2913741047096
 40
190.2913741047096
 40
191.2913741047096
 40
191.2913741047096
 40
191.2913741047096
 40
191.2913741047096
 10
-6.255865519742716
 20
-16.02737634505298
 30
0.0
 10
-6.158919714714182
 20
-16.06763639279233
 30
0.0
 10
-6.067676604099092
 20
-16.11769337708811
 30
0.0
 10
-5.983890863101581
 20
-16.17652373740457
 30
0.0
  0
SPLINE
  5
19D
330
1F
100
AcDbEntity
  8
Default
 62
   178
420
   395273
370
     0
100
AcDbSpline
210
0.0
220
0.0
230
1.0
 70
     8
 71
     3
 72
     8
 73
     4
 74
     0
 42
0.000000001
 43
0.0000000001
 40
191.2913741047096
 40
191.2913741047096
 40
191.2913741047096
 40
191.2913741047096
 40
192.2913741047096
 40
192.2913741047096
 40
192.2913741047096
 40
192.2913741047096
 10
-5.983890863101581
 20
-16.17652373740457
 30
0.0
 10
-5.955962282769078
 20
-16.19611761051743
 30
0.0
 10
-5.927692515591325
 20
-16.21546777874082
 30
0.0
 10
-5.899130302546217
 20
-16.23447676011896
 30
0.0
  0
SPLINE
  5
19E
330
1F
100
AcDbEntity
  8
Default
 62
   178
420
   395273
370
     0
100
AcDbSpline
210
0.0
220
0.0
230
1.0
 70
     8
 71
     3
 72
     8
 73
     4
 74
     0
 42
0.000000001
 43
0.0000000001
 40
192.2913741047096
 40
192.2913741047096
 40
192.2913741047096
 40
192.2913741047096
 40
193.2913741047096
 40
193.2913741047096
 40
193.2913741047096
 40
193.2913741047096
 10
-5.899130302546217
 20
-16.23447676011896
 30
0.0
 10
-5.873395066218884
 20
-16.24992765011094
 30
0.0
 10
-5.844491666328526
 20
-16.26074814720312
 30
0.0
 10
-5.814028555145604
 20
-16.26635335966077
 30
0.0
  0
SPLINE
  5
19F
330
1F
100
AcDbEntity
  8
Default
 62
   178
420
   395273
370
     0
100
AcDbSpline
210
0.0
220
0.0
230
1.0
 70
     8
 71
     3
 72
     8
 73
     4
 74
     0
 42
0.000000001
 43
0.0000000001
 40
193.2913741047096
 40
193.2913741047096
 40
193.2913741047096
 40
193.2913741047096
 40
194.2913741047096
 40
194.2913741047096
 40
194.2913741047096
 40
194.2913741047096
 10
-5.814028555145604
 20
-16.26635335966077
 30
0.0
 10
-5.78517389623314
 20
-16.26532979912503
 30
0.0
 10
-5.756319237320675
 20
-16.26474490739032
 30
0.0
 10
-5.727513319386103
 20
-16.26454994347874
 30
0.0
  0
SPLINE
  5
1A0
330
1F
100
AcDbEntity
  8
Default
 62
   178
420
   395273
370
     0
100
AcDbSpline
210
0.0
220
0.0
230
1.0
 70
     8
 71
     3
 72
     8
 73
     4
 74
     0
 42
0.000000001
 43
0.0000000001
 40
194.2913741047096
 40
194.2913741047096
 40
194.2913741047096
 40
194.2913741047096
 40
195.2913741047096
 40
195.2913741047096
 40
195.2913741047096
 40
195.2913741047096
 10
-5.727513319386103
 20
-16.26454994347874
 30
0.0
 10
-5.70596980715754
 20
-16.26474490739032
 30
0.0
 10
-5.685596078398401
 20
-16.27307961460996
 30
0.0
 10
-5.671461194809525
 20
-16.28736072113252
 30
0.0
  0
SPLINE
  5
1A1
330
1F
100
AcDbEntity
  8
Default
 62
   178
420
   395273
370
     0
100
AcDbSpline
210
0.0
220
0.0
230
1.0
 70
     8
 71
     3
 72
     8
 73
     4
 74
     0
 42
0.000000001
 43
0.0000000001
 40
195.2913741047096
 40
195.2913741047096
 40
195.2913741047096
 40
195.2913741047096
 40
196.2913741047096
 40
196.2913741047096
 40
196.2913741047096
 40
196.2913741047096
 10
-5.671461194809525
 20
-16.28736072113252
 30
0.0
 10
-5.648650417155753
 20
-16.31782383231544
 30
0.0
 10
-5.627496832750331
 20
-16.34931050403411
 30
0.0
 10
-5.608146664526938
 20
-16.38157703139906
 30
0.0
  0
SPLINE
  5
1A2
330
1F
100
AcDbEntity
  8
Default
 62
   178
420
   395273
370
     0
100
AcDbSpline
210
0.0
220
0.0
230
1.0
 70
     8
 71
     3
 72
     8
 73
     4
 74
     0
 42
0.000000001
 43
0.0000000001
 40
196.2913741047096
 40
196.2913741047096
 40
196.2913741047096
 40
196.2913741047096
 40
197.2913741047096
 40
197.2913741047096
 40
197.2913741047096
 40
197.2913741047096
 10
-5.608146664526938
 20
-16.38157703139906
 30
0.0
 10
-5.585189663939488
 20
-16.41169895573674
 30
0.0
 10
-5.554726552756565
 20
-16.43684930032936
 30
0.0
 10
-5.519048156939125
 20
-16.45502968508332
 30
0.0
  0
SPLINE
  5
1A3
330
1F
100
AcDbEntity
  8
Default
 62
   178
420
   395273
370
     0
100
AcDbSpline
210
0.0
220
0.0
230
1.0
 70
     8
 71
     3
 72
     8
 73
     4
 74
     0
 42
0.000000001
 43
0.0000000001
 40
197.2913741047096
 40
197.2913741047096
 40
197.2913741047096
 40
197.2913741047096
 40
198.2913741047096
 40
198.2913741047096
 40
198.2913741047096
 40
198.2913741047096
 10
-5.519048156939125
 20
-16.45502968508332
 30
0.0
 10
-5.493312920611793
 20
-16.47018812920795
 30
0.0
 10
-5.465189376367718
 20
-16.48188596390219
 30
0.0
 10
-5.435506120831078
 20
-16.48968452036502
 30
0.0
  0
SPLINE
  5
1A4
330
1F
100
AcDbEntity
  8
Default
 62
   178
420
   395273
370
     0
100
AcDbSpline
210
0.0
220
0.0
230
1.0
 70
     8
 71
     3
 72
     8
 73
     4
 74
     0
 42
0.000000001
 43
0.0000000001
 40
198.2913741047096
 40
198.2913741047096
 40
198.2913741047096
 40
198.2913741047096
 40
199.2913741047096
 40
199.2913741047096
 40
199.2913741047096
 40
199.2913741047096
 10
-5.435506120831078
 20
-16.48968452036502
 30
0.0
 10
-5.392906506152879
 20
-16.49831167345202
 30
0.0
 10
-5.349088367027362
 20
-16.50147983701505
 30
0.0
 10
-5.305465191813417
 20
-16.49904278812041
 30
0.0
  0
SPLINE
  5
1A5
330
1F
100
AcDbEntity
  8
Default
 62
   178
420
   395273
370
     0
100
AcDbSpline
210
0.0
220
0.0
230
1.0
 70
     8
 71
     3
 72
     8
 73
     4
 74
     0
 42
0.000000001
 43
0.0000000001
 40
199.2913741047096
 40
199.2913741047096
 40
199.2913741047096
 40
199.2913741047096
 40
200.2913741047096
 40
200.2913741047096
 40
200.2913741047096
 40
200.2913741047096
 10
-5.305465191813417
 20
-16.49904278812041
 30
0.0
 10
-5.210322802966912
 20
-16.49236527414912
 30
0.0
 10
-5.115082932164622
 20
-16.48637013386832
 30
0.0
 10
-5.019843061362333
 20
-16.48105736727802
 30
0.0
  0
LINE
  5
1A6
330
1F
100
AcDbEntity
  8
Default
 62
   178
420
   395273
370
     0
100
AcDbLine
 10
-5.019843061362333
 20
-16.48105736727802
 30
0.0
 11
-4.74226319226354
 21
-16.47754801686974
 31
0.0
  0
SPLINE
  5
1A7
330
1F
100
AcDbEntity
  8
Default
 62
   178
420
   395273
370
     0
100
AcDbSpline
210
0.0
220
0.0
230
1.0
 70
     8
 71
     3
 72
     8
 73
     4
 74
     0
 42
0.000000001
 43
0.0000000001
 40
205.9868292226085
 40
205.9868292226085
 40
205.9868292226085
 40
205.9868292226085
 40
206.9868292226085
 40
206.9868292226085
 40
206.9868292226085
 40
206.9868292226085
 10
-4.74226319226354
 20
-16.47754801686974
 30
0.0
 10
-4.649947780134811
 20
-16.47676816122346
 30
0.0
 10
-4.557876072895544
 20
-16.46921330965009
 30
0.0
 10
-4.467022890103596
 20
-16.45483472117175
 30
0.0
  0
LINE
  5
1A8
330
1F
100
AcDbEntity
  8
Default
 62
   178
420
   395273
370
     0
100
AcDbLine
 10
-4.467022890103596
 20
-16.45483472117175
 30
0.0
 11
-4.412579217797476
 21
-16.44211332594177
 31
0.0
  0
SPLINE
  5
1A9
330
1F
100
AcDbEntity
  8
Default
 62
   178
420
   395273
370
     0
100
AcDbSpline
210
0.0
220
0.0
230
1.0
 70
     8
 71
     3
 72
     8
 73
     4
 74
     0
 42
0.000000001
 43
0.0000000001
 40
208.13391683914
 40
208.13391683914
 40
208.13391683914
 40
208.13391683914
 40
209.13391683914
 40
209.13391683914
 40
209.13391683914
 40
209.13391683914
 10
-4.412579217797476
 20
-16.44211332594177
 30
0.0
 10
-4.362619715457482
 20
-16.42802718333078
 30
0.0
 10
-4.314073701476377
 20
-16.41048043128942
 30
0.0
 10
-4.267379844655193
 20
-16.38957055177346
 30
0.0
  0
SPLINE
  5
1AA
330
1F
100
AcDbEntity
  8
Default
 62
   178
420
   395273
370
     0
100
AcDbSpline
210
0.0
220
0.0
230
1.0
 70
     8
 71
     3
 72
     8
 73
     4
 74
     0
 42
0.000000001
 43
0.0000000001
 40
209.13391683914
 40
209.13391683914
 40
209.13391683914
 40
209.13391683914
 40
210.13391683914
 40
210.13391683914
 40
210.13391683914
 40
210.13391683914
 10
-4.267379844655193
 20
-16.38957055177346
 30
0.0
 10
-4.217712788182555
 20
-16.36076463383889
 30
0.0
 10
-4.167655803886777
 20
-16.33254360763903
 30
0.0
 10
-4.117208891767857
 20
-16.30490747317388
 30
0.0
  0
SPLINE
  5
1AB
330
1F
100
AcDbEntity
  8
Default
 62
   178
420
   395273
370
     0
100
AcDbSpline
210
0.0
220
0.0
230
1.0
 70
     8
 71
     3
 72
     8
 73
     4
 74
     0
 42
0.000000001
 43
0.0000000001
 40
210.13391683914
 40
210.13391683914
 40
210.13391683914
 40
210.13391683914
 40
211.13391683914
 40
211.13391683914
 40
211.13391683914
 40
211.13391683914
 10
-4.117208891767857
 20
-16.30490747317388
 30
0.0
 10
-4.074755500023335
 20
-16.28195047258643
 30
0.0
 10
-4.027525492445331
 20
-16.26664580552813
 30
0.0
 10
-3.978297104773728
 20
-16.25991955057894
 30
0.0
  0
SPLINE
  5
1AC
330
1F
100
AcDbEntity
  8
Default
 62
   178
420
   395273
370
     0
100
AcDbSpline
210
0.0
220
0.0
230
1.0
 70
     8
 71
     3
 72
     8
 73
     4
 74
     0
 42
0.000000001
 43
0.0000000001
 40
211.13391683914
 40
211.13391683914
 40
211.13391683914
 40
211.13391683914
 40
212.13391683914
 40
212.13391683914
 40
212.13391683914
 40
212.13391683914
 10
-3.978297104773728
 20
-16.25991955057894
 30
0.0
 10
-3.923268540732896
 20
-16.25504545278967
 30
0.0
 10
-3.867752566913138
 20
-16.25572782648017
 30
0.0
 10
-3.812918966783877
 20
-16.26191793067254
 30
0.0
  0
SPLINE
  5
1AD
330
1F
100
AcDbEntity
  8
Default
 62
   178
420
   395273
370
     0
100
AcDbSpline
210
0.0
220
0.0
230
1.0
 70
     8
 71
     3
 72
     8
 73
     4
 74
     0
 42
0.000000001
 43
0.0000000001
 40
212.13391683914
 40
212.13391683914
 40
212.13391683914
 40
212.13391683914
 40
213.13391683914
 40
213.13391683914
 40
213.13391683914
 40
213.13391683914
 10
-3.812918966783877
 20
-16.26191793067254
 30
0.0
 10
-3.727622255471693
 20
-16.27035011984797
 30
0.0
 10
-3.643154140783685
 20
-16.28404633463581
 30
0.0
 10
-3.560050773476671
 20
-16.30290909308028
 30
0.0
  0
SPLINE
  5
1AE
330
1F
100
AcDbEntity
  8
Default
 62
   178
420
   395273
370
     0
100
AcDbSpline
210
0.0
220
0.0
230
1.0
 70
     8
 71
     3
 72
     8
 73
     4
 74
     0
 42
0.000000001
 43
0.0000000001
 40
213.13391683914
 40
213.13391683914
 40
213.13391683914
 40
213.13391683914
 40
214.13391683914
 40
214.13391683914
 40
214.13391683914
 40
214.13391683914
 10
-3.560050773476671
 20
-16.30290909308028
 30
0.0
 10
-3.469538777529971
 20
-16.32294163499417
 30
0.0
 10
-3.37756455224649
 20
-16.3374177054283
 30
0.0
 10
-3.284810471316727
 20
-16.34648352731633
 30
0.0
  0
SPLINE
  5
1AF
330
1F
100
AcDbEntity
  8
Default
 62
   178
420
   395273
370
     0
100
AcDbSpline
210
0.0
220
0.0
230
1.0
 70
     8
 71
     3
 72
     8
 73
     4
 74
     0
 42
0.000000001
 43
0.0000000001
 40
214.13391683914
 40
214.13391683914
 40
214.13391683914
 40
214.13391683914
 40
215.13391683914
 40
215.13391683914
 40
215.13391683914
 40
215.13391683914
 10
-3.284810471316727
 20
-16.34648352731633
 30
0.0
 10
-3.182405676764213
 20
-16.3520399987961
 30
0.0
 10
-3.079659695366451
 20
-16.35018784163618
 30
0.0
 10
-2.977596087659187
 20
-16.34092705583657
 30
0.0
  0
SPLINE
  5
1B0
330
1F
100
AcDbEntity
  8
Default
 62
   178
420
   395273
370
     0
100
AcDbSpline
210
0.0
220
0.0
230
1.0
 70
     8
 71
     3
 72
     8
 73
     4
 74
     0
 42
0.000000001
 43
0.0000000001
 40
215.13391683914
 40
215.13391683914
 40
215.13391683914
 40
215.13391683914
 40
216.13391683914
 40
216.13391683914
 40
216.13391683914
 40
216.13391683914
 10
-2.977596087659187
 20
-16.34092705583657
 30
0.0
 10
-2.53731883435464
 20
-16.30490747317388
 30
0.0
 10
-2.102256865684609
 20
-16.2309186687328
 30
0.0
 10
-1.67850280388568
 20
-16.11998420304907
 30
0.0
  0
SPLINE
  5
1B1
330
1F
100
AcDbEntity
  8
Default
 62
   178
420
   395273
370
     0
100
AcDbSpline
210
0.0
220
0.0
230
1.0
 70
     8
 71
     3
 72
     8
 73
     4
 74
     0
 42
0.000000001
 43
0.0000000001
 40
216.13391683914
 40
216.13391683914
 40
216.13391683914
 40
216.13391683914
 40
217.13391683914
 40
217.13391683914
 40
217.13391683914
 40
217.13391683914
 10
-1.67850280388568
 20
-16.11998420304907
 30
0.0
 10
-1.499525933063772
 20
-16.07402146089627
 30
0.0
 10
-1.32868880554994
 20
-16.00646646553702
 30
0.0
 10
-1.170816778155562
 20
-15.91922011510913
 30
0.0
  0
SPLINE
  5
1B2
330
1F
100
AcDbEntity
  8
Default
 62
   178
420
   395273
370
     0
100
AcDbSpline
210
0.0
220
0.0
230
1.0
 70
     8
 71
     3
 72
     8
 73
     4
 74
     0
 42
0.000000001
 43
0.0000000001
 40
217.13391683914
 40
217.13391683914
 40
217.13391683914
 40
217.13391683914
 40
218.13391683914
 40
218.13391683914
 40
218.13391683914
 40
218.13391683914
 10
-1.170816778155562
 20
-15.91922011510913
 30
0.0
 10
-0.935300372978148
 20
-15.78216048527492
 30
0.0
 10
-0.664544240784331
 20
-15.69866719014477
 30
0.0
 10
-0.3831138344320169
 20
-15.67624634031414
 30
0.0
  0
SPLINE
  5
1B3
330
1F
100
AcDbEntity
  8
Default
 62
   178
420
   395273
370
     0
100
AcDbSpline
210
0.0
220
0.0
230
1.0
 70
     8
 71
     3
 72
     8
 73
     4
 74
     0
 42
0.000000001
 43
0.0000000001
 40
218.13391683914
 40
218.13391683914
 40
218.13391683914
 40
218.13391683914
 40
219.13391683914
 40
219.13391683914
 40
219.13391683914
 40
219.13391683914
 10
-0.3831138344320169
 20
-15.67624634031414
 30
0.0
 10
-0.3674679805284678
 20
-15.67697745498253
 30
0.0
 10
-0.3551852540995128
 20
-15.68833410283152
 30
0.0
 10
-0.3551852540995128
 20
-15.70207905859726
 30
0.0
  0
LINE
  5
1B4
330
1F
100
AcDbEntity
  8
Default
 62
   178
420
   395273
370
     0
100
AcDbLine
 10
-0.3551852540995128
 20
-15.70207905859726
 30
0.0
 11
-0.3551852540995128
 21
-16.62274739001203
 31
0.0
  0
SPLINE
  5
1B5
330
1F
100
AcDbEntity
  8
Default
 62
   178
420
   395273
370
     0
100
AcDbSpline
210
0.0
220
0.0
230
1.0
 70
     8
 71
     3
 72
     8
 73
     4
 74
     0
 42
0.000000001
 43
0.0000000001
 40
0.0
 40
0.0
 40
0.0
 40
0.0
 40
1.0
 40
1.0
 40
1.0
 40
1.0
 10
-6.217930416648846
 20
16.67878976639302
 30
0.0
 10
-6.276370849142165
 20
16.72426509876689
 30
0.0
 10
-6.348702460334898
 20
16.75375339039195
 30
0.0
 10
-6.426005651272681
 20
16.76359906792628
 30
0.0
  0
SPLINE
  5
1B6
330
1F
100
AcDbEntity
  8
Default
 62
   178
420
   395273
370
     0
100
AcDbSpline
210
0.0
220
0.0
230
1.0
 70
     8
 71
     3
 72
     8
 73
     4
 74
     0
 42
0.000000001
 43
0.0000000001
 40
1.0
 40
1.0
 40
1.0
 40
1.0
 40
2.0
 40
2.0
 40
2.0
 40
2.0
 10
-6.426005651272681
 20
16.76359906792628
 30
0.0
 10
-6.498678449310662
 20
16.76861938864922
 30
0.0
 10
-6.571643693215999
 20
16.75726274080023
 30
0.0
 10
-6.637980164127932
 20
16.73065016687082
 30
0.0
  0
SPLINE
  5
1B7
330
1F
100
AcDbEntity
  8
Default
 62
   178
420
   395273
370
     0
100
AcDbSpline
210
0.0
220
0.0
230
1.0
 70
     8
 71
     3
 72
     8
 73
     4
 74
     0
 42
0.000000001
 43
0.0000000001
 40
2.0
 40
2.0
 40
2.0
 40
2.0
 40
3.0
 40
3.0
 40
3.0
 40
3.0
 10
-6.637980164127932
 20
16.73065016687082
 30
0.0
 10
-6.678337693823068
 20
16.704232556853
 30
0.0
 10
-6.723130652506438
 20
16.68342015929282
 30
0.0
 10
-6.770750587907583
 20
16.6689440888587
 30
0.0
  0
SPLINE
  5
1B8
330
1F
100
AcDbEntity
  8
Default
 62
   178
420
   395273
370
     0
100
AcDbSpline
210
0.0
220
0.0
230
1.0
 70
     8
 71
     3
 72
     8
 73
     4
 74
     0
 42
0.000000001
 43
0.0000000001
 40
3.0
 40
3.0
 40
3.0
 40
3.0
 40
4.0
 40
4.0
 40
4.0
 40
4.0
 10
-6.770750587907583
 20
16.6689440888587
 30
0.0
 10
-7.096584025120126
 20
16.59549143517444
 30
0.0
 10
-7.387323958249941
 20
16.43318397879182
 30
0.0
 10
-7.601248110220898
 20
16.20522242518777
 30
0.0
  0
SPLINE
  5
1B9
330
1F
100
AcDbEntity
  8
Default
 62
   178
420
   395273
370
     0
100
AcDbSpline
210
0.0
220
0.0
230
1.0
 70
     8
 71
     3
 72
     8
 73
     4
 74
     0
 42
0.000000001
 43
0.0000000001
 40
4.0
 40
4.0
 40
4.0
 40
4.0
 40
5.0
 40
5.0
 40
5.0
 40
5.0
 10
-7.601248110220898
 20
16.20522242518777
 30
0.0
 10
-7.746544965318967
 20
15.94860117658283
 30
0.0
 10
-7.831061820984867
 20
15.66882796347887
 30
0.0
 10
-7.849778356495656
 20
15.38266968227096
 30
0.0
  0
SPLINE
  5
1BA
330
1F
100
AcDbEntity
  8
Default
 62
   178
420
   395273
370
     0
100
AcDbSpline
210
0.0
220
0.0
230
1.0
 70
     8
 71
     3
 72
     8
 73
     4
 74
     0
 42
0.000000001
 43
0.0000000001
 40
5.0
 40
5.0
 40
5.0
 40
5.0
 40
6.0
 40
6.0
 40
6.0
 40
6.0
 10
-7.849778356495656
 20
15.38266968227096
 30
0.0
 10
-7.885018083512061
 20
15.19365217000316
 30
0.0
 10
-7.899250449056721
 20
15.00210012688495
 30
0.0
 10
-7.892280489218069
 20
14.81064556572251
 30
0.0
  0
LINE
  5
1BB
330
1F
100
AcDbEntity
  8
Default
 62
   178
420
   395273
370
     0
100
AcDbLine
 10
-7.892280489218069
 20
14.81064556572251
 30
0.0
 11
-7.869274747652726
 21
14.33225286770589
 31
0.0
  0
SPLINE
  5
1BC
330
1F
100
AcDbEntity
  8
Default
 62
   178
420
   395273
370
     0
100
AcDbSpline
210
0.0
220
0.0
230
1.0
 70
     8
 71
     3
 72
     8
 73
     4
 74
     0
 42
0.000000001
 43
0.0000000001
 40
15.82634260546624
 40
15.82634260546624
 40
15.82634260546624
 40
15.82634260546624
 40
16.82634260546624
 40
16.82634260546624
 40
16.82634260546624
 40
16.82634260546624
 10
-7.869274747652726
 20
14.33225286770589
 30
0.0
 10
-7.86425442692978
 20
14.21342236360355
 30
0.0
 10
-7.862402269769858
 20
14.09449437754542
 30
0.0
 10
-7.863718276172961
 20
13.97556639148729
 30
0.0
  0
SPLINE
  5
1BD
330
1F
100
AcDbEntity
  8
Default
 62
   178
420
   395273
370
     0
100
AcDbSpline
210
0.0
220
0.0
230
1.0
 70
     8
 71
     3
 72
     8
 73
     4
 74
     0
 42
0.000000001
 43
0.0000000001
 40
16.82634260546624
 40
16.82634260546624
 40
16.82634260546624
 40
16.82634260546624
 40
17.82634260546624
 40
17.82634260546624
 40
17.82634260546624
 40
17.82634260546624
 10
-7.863718276172961
 20
13.97556639148729
 30
0.0
 10
-7.868007482227516
 20
13.83606971275845
 30
0.0
 10
-7.878584274430228
 20
13.69671925696328
 30
0.0
 10
-7.895448652781094
 20
13.55795369290283
 30
0.0
  0
SPLINE
  5
1BE
330
1F
100
AcDbEntity
  8
Default
 62
   178
420
   395273
370
     0
100
AcDbSpline
210
0.0
220
0.0
230
1.0
 70
     8
 71
     3
 72
     8
 73
     4
 74
     0
 42
0.000000001
 43
0.0000000001
 40
17.82634260546624
 40
17.82634260546624
 40
17.82634260546624
 40
17.82634260546624
 40
18.82634260546624
 40
18.82634260546624
 40
18.82634260546624
 40
18.82634260546624
 10
-7.895448652781094
 20
13.55795369290283
 30
0.0
 10
-7.92142759399789
 20
13.35494751997984
 30
0.0
 10
-7.946772902502082
 20
13.15189260607895
 30
0.0
 10
-7.971484578293668
 20
12.94878895120016
 30
0.0
  0
SPLINE
  5
1BF
330
1F
100
AcDbEntity
  8
Default
 62
   178
420
   395273
370
     0
100
AcDbSpline
210
0.0
220
0.0
230
1.0
 70
     8
 71
     3
 72
     8
 73
     4
 74
     0
 42
0.000000001
 43
0.0000000001
 40
18.82634260546624
 40
18.82634260546624
 40
18.82634260546624
 40
18.82634260546624
 40
19.82634260546624
 40
19.82634260546624
 40
19.82634260546624
 40
19.82634260546624
 10
-7.971484578293668
 20
12.94878895120016
 30
0.0
 10
-7.991614602163344
 20
12.74427180796249
 30
0.0
 10
-8.002045171432377
 20
12.53916977299011
 30
0.0
 10
-8.002727545122875
 20
12.33387277410615
 30
0.0
  0
LINE
  5
1C0
330
1F
100
AcDbEntity
  8
Default
 62
   178
420
   395273
370
     0
100
AcDbLine
 10
-8.002727545122875
 20
12.33387277410615
 30
0.0
 11
-8.001265315786094
 21
11.53106012723588
 31
0.0
  0
SPLINE
  5
1C1
330
1F
100
AcDbEntity
  8
Default
 62
   178
420
   395273
370
     0
100
AcDbSpline
210
0.0
220
0.0
230
1.0
 70
     8
 71
     3
 72
     8
 73
     4
 74
     0
 42
0.000000001
 43
0.0000000001
 40
36.29736992618913
 40
36.29736992618913
 40
36.29736992618913
 40
36.29736992618913
 40
37.29736992618913
 40
37.29736992618913
 40
37.29736992618913
 40
37.29736992618913
 10
-8.001265315786094
 20
11.53106012723588
 30
0.0
 10
-8.002435099255518
 20
11.16384559979246
 30
0.0
 10
-8.041379140591767
 20
10.79736218701742
 30
0.0
 10
-8.117658770993804
 20
10.43633776376636
 30
0.0
  0
SPLINE
  5
1C2
330
1F
100
AcDbEntity
  8
Default
 62
   178
420
   395273
370
     0
100
AcDbSpline
210
0.0
220
0.0
230
1.0
 70
     8
 71
     3
 72
     8
 73
     4
 74
     0
 42
0.000000001
 43
0.0000000001
 40
37.29736992618913
 40
37.29736992618913
 40
37.29736992618913
 40
37.29736992618913
 40
38.29736992618913
 40
38.29736992618913
 40
38.29736992618913
 40
38.29736992618913
 10
-8.117658770993804
 20
10.43633776376636
 30
0.0
 10
-8.153239684855459
 20
10.27544379574264
 30
0.0
 10
-8.186870959601405
 20
10.11415989989578
 30
0.0
 10
-8.21845511327586
 20
9.952632299159443
 30
0.0
  0
SPLINE
  5
1C3
330
1F
100
AcDbEntity
  8
Default
 62
   178
420
   395273
370
     0
100
AcDbSpline
210
0.0
220
0.0
230
1.0
 70
     8
 71
     3
 72
     8
 73
     4
 74
     0
 42
0.000000001
 43
0.0000000001
 40
38.29736992618913
 40
38.29736992618913
 40
38.29736992618913
 40
38.29736992618913
 40
39.29736992618913
 40
39.29736992618913
 40
39.29736992618913
 40
39.29736992618913
 10
-8.21845511327586
 20
9.952632299159443
 30
0.0
 10
-8.233467334466804
 20
9.875962740934265
 30
0.0
 10
-8.243702939824267
 20
9.798610809018587
 30
0.0
 10
-8.24901570641457
 20
9.720966431235555
 30
0.0
  0
SPLINE
  5
1C4
330
1F
100
AcDbEntity
  8
Default
 62
   178
420
   395273
370
     0
100
AcDbSpline
210
0.0
220
0.0
230
1.0
 70
     8
 71
     3
 72
     8
 73
     4
 74
     0
 42
0.000000001
 43
0.0000000001
 40
39.29736992618913
 40
39.29736992618913
 40
39.29736992618913
 40
39.29736992618913
 40
40.29736992618913
 40
40.29736992618913
 40
40.29736992618913
 40
40.29736992618913
 10
-8.24901570641457
 20
9.720966431235555
 30
0.0
 10
-8.254182250071192
 20
9.658967907356068
 30
0.0
 10
-8.25033171281767
 20
9.596628196631334
 30
0.0
 10
-8.237561576609789
 20
9.535458269376026
 30
0.0
  0
SPLINE
  5
1C5
330
1F
100
AcDbEntity
  8
Default
 62
   178
420
   395273
370
     0
100
AcDbSpline
210
0.0
220
0.0
230
1.0
 70
     8
 71
     3
 72
     8
 73
     4
 74
     0
 42
0.000000001
 43
0.0000000001
 40
40.29736992618913
 40
40.29736992618913
 40
40.29736992618913
 40
40.29736992618913
 40
41.29736992618913
 40
41.29736992618913
 40
41.29736992618913
 40
41.29736992618913
 10
-8.237561576609789
 20
9.535458269376026
 30
0.0
 10
-8.227813381031254
 20
9.48671729148335
 30
0.0
 10
-8.203442892084917
 20
9.441193218131591
 30
0.0
 10
-8.166838417687515
 20
9.403516442220551
 30
0.0
  0
SPLINE
  5
1C6
330
1F
100
AcDbEntity
  8
Default
 62
   178
420
   395273
370
     0
100
AcDbSpline
210
0.0
220
0.0
230
1.0
 70
     8
 71
     3
 72
     8
 73
     4
 74
     0
 42
0.000000001
 43
0.0000000001
 40
41.29736992618913
 40
41.29736992618913
 40
41.29736992618913
 40
41.29736992618913
 40
42.29736992618913
 40
42.29736992618913
 40
42.29736992618913
 40
42.29736992618913
 10
-8.166838417687515
 20
9.403516442220551
 30
0.0
 10
-8.078373542812308
 20
9.320023147090398
 30
0.0
 10
-7.973629181320947
 20
9.251152145328046
 30
0.0
 10
-7.857479431002698
 20
9.200071600496521
 30
0.0
  0
SPLINE
  5
1C7
330
1F
100
AcDbEntity
  8
Default
 62
   178
420
   395273
370
     0
100
AcDbSpline
210
0.0
220
0.0
230
1.0
 70
     8
 71
     3
 72
     8
 73
     4
 74
     0
 42
0.000000001
 43
0.0000000001
 40
42.29736992618913
 40
42.29736992618913
 40
42.29736992618913
 40
42.29736992618913
 40
43.29736992618913
 40
43.29736992618913
 40
43.29736992618913
 40
43.29736992618913
 10
-7.857479431002698
 20
9.200071600496521
 30
0.0
 10
-7.714814588710834
 20
9.137000775103397
 30
0.0
 10
-7.562986442575146
 20
9.091574183707422
 30
0.0
 10
-7.406137975716514
 20
9.06501035075591
 30
0.0
  0
SPLINE
  5
1C8
330
1F
100
AcDbEntity
  8
Default
 62
   178
420
   395273
370
     0
100
AcDbSpline
210
0.0
220
0.0
230
1.0
 70
     8
 71
     3
 72
     8
 73
     4
 74
     0
 42
0.000000001
 43
0.0000000001
 40
43.29736992618913
 40
43.29736992618913
 40
43.29736992618913
 40
43.29736992618913
 40
44.29736992618913
 40
44.29736992618913
 40
44.29736992618913
 40
44.29736992618913
 10
-7.406137975716514
 20
9.06501035075591
 30
0.0
 10
-7.166039918617188
 20
9.022898145856642
 30
0.0
 10
-6.919605534391817
 20
9.016659300686378
 30
0.0
 10
-6.677119169375752
 20
9.046488779156698
 30
0.0
  0
SPLINE
  5
1C9
330
1F
100
AcDbEntity
  8
Default
 62
   178
420
   395273
370
     0
100
AcDbSpline
210
0.0
220
0.0
230
1.0
 70
     8
 71
     3
 72
     8
 73
     4
 74
     0
 42
0.000000001
 43
0.0000000001
 40
44.29736992618913
 40
44.29736992618913
 40
44.29736992618913
 40
44.29736992618913
 40
45.29736992618913
 40
45.29736992618913
 40
45.29736992618913
 40
45.29736992618913
 10
-6.677119169375752
 20
9.046488779156698
 30
0.0
 10
-6.575640453403198
 20
9.05862528265197
 30
0.0
 10
-6.474307960364325
 20
9.071297936904067
 30
0.0
 10
-6.373024208303343
 20
9.084506741912985
 30
0.0
  0
SPLINE
  5
1CA
330
1F
100
AcDbEntity
  8
Default
 62
   178
420
   395273
370
     0
100
AcDbSpline
210
0.0
220
0.0
230
1.0
 70
     8
 71
     3
 72
     8
 73
     4
 74
     0
 42
0.000000001
 43
0.0000000001
 40
45.29736992618913
 40
45.29736992618913
 40
45.29736992618913
 40
45.29736992618913
 40
46.29736992618913
 40
46.29736992618913
 40
46.29736992618913
 40
46.29736992618913
 10
-6.373024208303343
 20
9.084506741912985
 30
0.0
 10
-6.321699958582355
 20
9.09191537055267
 30
0.0
 10
-6.26988829908244
 20
9.096204576607228
 30
0.0
 10
-6.217930416648846
 20
9.097374360076653
 30
0.0
  0
LINE
  5
1CB
330
1F
100
AcDbEntity
  8
Default
 62
   178
420
   395273
370
     0
100
AcDbLine
 10
-6.217930416648846
 20
9.097374360076653
 30
0.0
 11
-6.217930416648846
 21
9.81284317456325
 31
0.0
  0
LINE
  5
1CC
330
1F
100
AcDbEntity
  8
Default
 62
   178
420
   395273
370
     0
100
AcDbLine
 10
-6.217930416648846
 20
9.81284317456325
 30
0.0
 11
-7.015332814973034
 21
9.81284317456325
 31
0.0
  0
LINE
  5
1CD
330
1F
100
AcDbEntity
  8
Default
 62
   178
420
   395273
370
     0
100
AcDbLine
 10
-7.015332814973034
 20
9.81284317456325
 30
0.0
 11
-7.015332814973034
 21
9.958676180418136
 31
0.0
  0
LINE
  5
1CE
330
1F
100
AcDbEntity
  8
Default
 62
   178
420
   395273
370
     0
100
AcDbLine
 10
-7.015332814973034
 20
9.958676180418136
 30
0.0
 11
-6.217930416648846
 21
9.958676180418136
 31
0.0
  0
LINE
  5
1CF
330
1F
100
AcDbEntity
  8
Default
 62
   178
420
   395273
370
     0
100
AcDbLine
 10
-6.217930416648846
 20
9.958676180418136
 30
0.0
 11
-6.217930416648846
 21
12.84721275327183
 31
0.0
  0
LINE
  5
1D0
330
1F
100
AcDbEntity
  8
Default
 62
   178
420
   395273
370
     0
100
AcDbLine
 10
-6.217930416648846
 20
12.84721275327183
 30
0.0
 11
-7.015332814973034
 21
12.84721275327183
 31
0.0
  0
LINE
  5
1D1
330
1F
100
AcDbEntity
  8
Default
 62
   178
420
   395273
370
     0
100
AcDbLine
 10
-7.015332814973034
 20
12.84721275327183
 30
0.0
 11
-7.015332814973034
 21
12.99304575912671
 31
0.0
  0
LINE
  5
1D2
330
1F
100
AcDbEntity
  8
Default
 62
   178
420
   395273
370
     0
100
AcDbLine
 10
-7.015332814973034
 20
12.99304575912671
 30
0.0
 11
-6.217930416648846
 21
12.99304575912671
 31
0.0
  0
LINE
  5
1D3
330
1F
100
AcDbEntity
  8
Default
 62
   178
420
   395273
370
     0
100
AcDbLine
 10
-6.217930416648846
 20
12.99304575912671
 30
0.0
 11
-6.217930416648846
 21
15.08905403144548
 31
0.0
  0
LINE
  5
1D4
330
1F
100
AcDbEntity
  8
Default
 62
   178
420
   395273
370
     0
100
AcDbLine
 10
-6.217930416648846
 20
15.08905403144548
 30
0.0
 11
-7.015332814973034
 21
15.08905403144548
 31
0.0
  0
LINE
  5
1D5
330
1F
100
AcDbEntity
  8
Default
 62
   178
420
   395273
370
     0
100
AcDbLine
 10
-7.015332814973034
 20
15.08905403144548
 30
0.0
 11
-7.015332814973034
 21
15.23488703730037
 31
0.0
  0
LINE
  5
1D6
330
1F
100
AcDbEntity
  8
Default
 62
   178
420
   395273
370
     0
100
AcDbLine
 10
-7.015332814973034
 20
15.23488703730037
 30
0.0
 11
-6.217930416648846
 21
15.23488703730037
 31
0.0
  0
LINE
  5
1D7
330
1F
100
AcDbEntity
  8
Default
 62
   178
420
   395273
370
     0
100
AcDbLine
 10
-6.217930416648846
 20
15.23488703730037
 30
0.0
 11
-6.217930416648846
 21
16.67878976639302
 31
0.0
  0
LINE
  5
1D8
330
1F
100
AcDbEntity
  8
Default
 62
   178
420
   395273
370
     0
100
AcDbLine
 10
-0.3551852540995128
 20
-11.71623197634796
 30
0.0
 11
-3.093843319933221
 21
-11.71623197634796
 31
0.0
  0
LINE
  5
1D9
330
1F
100
AcDbEntity
  8
Default
 62
   178
420
   395273
370
     0
100
AcDbLine
 10
-3.093843319933221
 20
-11.71623197634796
 30
0.0
 11
-3.093843319933221
 21
-11.86206498220284
 31
0.0
  0
LINE
  5
1DA
330
1F
100
AcDbEntity
  8
Default
 62
   178
420
   395273
370
     0
100
AcDbLine
 10
-3.093843319933221
 20
-11.86206498220284
 30
0.0
 11
-0.3551852540995128
 21
-11.86206498220284
 31
0.0
  0
LINE
  5
1DB
330
1F
100
AcDbEntity
  8
Default
 62
   178
420
   395273
370
     0
100
AcDbLine
 10
-0.3551852540995128
 20
-11.86206498220284
 30
0.0
 11
-0.3551852540995128
 21
-12.54955647537905
 31
0.0
  0
SPLINE
  5
1DC
330
1F
100
AcDbEntity
  8
Default
 62
   178
420
   395273
370
     0
100
AcDbSpline
210
0.0
220
0.0
230
1.0
 70
     8
 71
     3
 72
     8
 73
     4
 74
     0
 42
0.000000001
 43
0.0000000001
 40
129.473
 40
129.473
 40
129.473
 40
129.473
 40
130.473
 40
130.473
 40
130.473
 40
130.473
 10
-0.3551852540995128
 20
-12.54955647537905
 30
0.0
 10
-0.3551852540995128
 20
-12.56222912963114
 30
0.0
 10
-0.3657133053243314
 20
-12.57304962672332
 30
0.0
 10
-0.379945670868993
 20
-12.57509674779481
 30
0.0
  0
SPLINE
  5
1DD
330
1F
100
AcDbEntity
  8
Default
 62
   178
420
   395273
370
     0
100
AcDbSpline
210
0.0
220
0.0
230
1.0
 70
     8
 71
     3
 72
     8
 73
     4
 74
     0
 42
0.000000001
 43
0.0000000001
 40
130.473
 40
130.473
 40
130.473
 40
130.473
 40
131.473
 40
131.473
 40
131.473
 40
131.473
 10
-0.379945670868993
 20
-12.57509674779481
 30
0.0
 10
-0.4871758222328808
 20
-12.59123001147728
 30
0.0
 10
-0.5947959014199105
 20
-12.60521867213248
 30
0.0
 10
-0.7027084264742961
 20
-12.6171114707383
 30
0.0
  0
SPLINE
  5
1DE
330
1F
100
AcDbEntity
  8
Default
 62
   178
420
   395273
370
     0
100
AcDbSpline
210
0.0
220
0.0
230
1.0
 70
     8
 71
     3
 72
     8
 73
     4
 74
     0
 42
0.000000001
 43
0.0000000001
 40
131.473
 40
131.473
 40
131.473
 40
131.473
 40
132.473
 40
132.473
 40
132.473
 40
132.473
 10
-0.7027084264742961
 20
-12.6171114707383
 30
0.0
 10
-0.8432774067167759
 20
-12.63261110170817
 30
0.0
 10
-0.9850649114065715
 20
-12.63816757318793
 30
0.0
 10
-1.12670619316269
 20
-12.6337321441997
 30
0.0
  0
SPLINE
  5
1DF
330
1F
100
AcDbEntity
  8
Default
 62
   178
420
   395273
370
     0
100
AcDbSpline
210
0.0
220
0.0
230
1.0
 70
     8
 71
     3
 72
     8
 73
     4
 74
     0
 42
0.000000001
 43
0.0000000001
 40
132.473
 40
132.473
 40
132.473
 40
132.473
 40
133.473
 40
133.473
 40
133.473
 40
133.473
 10
-1.12670619316269
 20
-12.6337321441997
 30
0.0
 10
-1.266885245582028
 20
-12.62832189565361
 30
0.0
 10
-1.405845773554048
 20
-12.60770446200501
 30
0.0
 10
-1.540273390582049
 20
-12.57241599401071
 30
0.0
  0
SPLINE
  5
1E0
330
1F
100
AcDbEntity
  8
Default
 62
   178
420
   395273
370
     0
100
AcDbSpline
210
0.0
220
0.0
230
1.0
 70
     8
 71
     3
 72
     8
 73
     4
 74
     0
 42
0.000000001
 43
0.0000000001
 40
133.473
 40
133.473
 40
133.473
 40
133.473
 40
134.473
 40
134.473
 40
134.473
 40
134.473
 10
-1.540273390582049
 20
-12.57241599401071
 30
0.0
 10
-1.620159853348146
 20
-12.55194478329579
 30
0.0
 10
-1.699168978512176
 20
-12.52889030075255
 30
0.0
 10
-1.777154543140458
 20
-12.50339876931468
 30
0.0
  0
SPLINE
  5
1E1
330
1F
100
AcDbEntity
  8
Default
 62
   178
420
   395273
370
     0
100
AcDbSpline
210
0.0
220
0.0
230
1.0
 70
     8
 71
     3
 72
     8
 73
     4
 74
     0
 42
0.000000001
 43
0.0000000001
 40
134.473
 40
134.473
 40
134.473
 40
134.473
 40
135.473
 40
135.473
 40
135.473
 40
135.473
 10
-1.777154543140458
 20
-12.50339876931468
 30
0.0
 10
-1.944531061223909
 20
-12.44627434322446
 30
0.0
 10
-2.112638693975749
 20
-12.39061214647103
 30
0.0
 10
-2.281428700418089
 20
-12.33665588394383
 30
0.0
  0
SPLINE
  5
1E2
330
1F
100
AcDbEntity
  8
Default
 62
   178
420
   395273
370
     0
100
AcDbSpline
210
0.0
220
0.0
230
1.0
 70
     8
 71
     3
 72
     8
 73
     4
 74
     0
 42
0.000000001
 43
0.0000000001
 40
135.473
 40
135.473
 40
135.473
 40
135.473
 40
136.473
 40
136.473
 40
136.473
 40
136.473
 10
-2.281428700418089
 20
-12.33665588394383
 30
0.0
 10
-2.451534713263529
 20
-12.28771994213959
 30
0.0
 10
-2.623102955445751
 20
-12.24278076052254
 30
0.0
 10
-2.795938463053181
 20
-12.20188708007058
 30
0.0
  0
SPLINE
  5
1E3
330
1F
100
AcDbEntity
  8
Default
 62
   178
420
   395273
370
     0
100
AcDbSpline
210
0.0
220
0.0
230
1.0
 70
     8
 71
     3
 72
     8
 73
     4
 74
     0
 42
0.000000001
 43
0.0000000001
 40
136.473
 40
136.473
 40
136.473
 40
136.473
 40
137.473
 40
137.473
 40
137.473
 40
137.473
 10
-2.795938463053181
 20
-12.20188708007058
 30
0.0
 10
-2.946596825719445
 20
-12.1665011301205
 30
0.0
 10
-3.100179647059269
 20
-12.14159449041734
 30
0.0
 10
-3.255273438713765
 20
-12.12731338389479
 30
0.0
  0
SPLINE
  5
1E4
330
1F
100
AcDbEntity
  8
Default
 62
   178
420
   395273
370
     0
100
AcDbSpline
210
0.0
220
0.0
230
1.0
 70
     8
 71
     3
 72
     8
 73
     4
 74
     0
 42
0.000000001
 43
0.0000000001
 40
137.473
 40
137.473
 40
137.473
 40
137.473
 40
138.473
 40
138.473
 40
138.473
 40
138.473
 10
-3.255273438713765
 20
-12.12731338389479
 30
0.0
 10
-3.276524505074972
 20
-12.12536374477908
 30
0.0
 10
-3.297921794369857
 20
-12.12477885304437
 30
0.0
 10
-3.31927034268685
 20
-12.12565619064644
 30
0.0
  0
SPLINE
  5
1E5
330
1F
100
AcDbEntity
  8
Default
 62
   178
420
   395273
370
     0
100
AcDbSpline
210
0.0
220
0.0
230
1.0
 70
     8
 71
     3
 72
     8
 73
     4
 74
     0
 42
0.000000001
 43
0.0000000001
 40
138.473
 40
138.473
 40
138.473
 40
138.473
 40
139.473
 40
139.473
 40
139.473
 40
139.473
 10
-3.31927034268685
 20
-12.12565619064644
 30
0.0
 10
-3.360651432917732
 20
-12.12770331171793
 30
0.0
 10
-3.40178881825915
 20
-12.13208999972827
 30
0.0
 10
-3.442536275777428
 20
-12.13881625467746
 30
0.0
  0
SPLINE
  5
1E6
330
1F
100
AcDbEntity
  8
Default
 62
   178
420
   395273
370
     0
100
AcDbSpline
210
0.0
220
0.0
230
1.0
 70
     8
 71
     3
 72
     8
 73
     4
 74
     0
 42
0.000000001
 43
0.0000000001
 40
139.473
 40
139.473
 40
139.473
 40
139.473
 40
140.473
 40
140.473
 40
140.473
 40
140.473
 10
-3.442536275777428
 20
-12.13881625467746
 30
0.0
 10
-3.459010726305153
 20
-12.14261805095309
 30
0.0
 10
-3.474656580208702
 20
-12.14885689612335
 30
0.0
 10
-3.488742722819686
 20
-12.15728908529879
 30
0.0
  0
SPLINE
  5
1E7
330
1F
100
AcDbEntity
  8
Default
 62
   178
420
   395273
370
     0
100
AcDbSpline
210
0.0
220
0.0
230
1.0
 70
     8
 71
     3
 72
     8
 73
     4
 74
     0
 42
0.000000001
 43
0.0000000001
 40
140.473
 40
140.473
 40
140.473
 40
140.473
 40
141.473
 40
141.473
 40
141.473
 40
141.473
 10
-3.488742722819686
 20
-12.15728908529879
 30
0.0
 10
-3.547085673357219
 20
-12.19384481871829
 30
0.0
 10
-3.608889233325133
 20
-12.22596512314957
 30
0.0
 10
-3.673422288055037
 20
-12.25335755272525
 30
0.0
  0
SPLINE
  5
1E8
330
1F
100
AcDbEntity
  8
Default
 62
   178
420
   395273
370
     0
100
AcDbSpline
210
0.0
220
0.0
230
1.0
 70
     8
 71
     3
 72
     8
 73
     4
 74
     0
 42
0.000000001
 43
0.0000000001
 40
141.473
 40
141.473
 40
141.473
 40
141.473
 40
142.473
 40
142.473
 40
142.473
 40
142.473
 10
-3.673422288055037
 20
-12.25335755272525
 30
0.0
 10
-3.731960202504141
 20
-12.2769969270032
 30
0.0
 10
-3.796883185057186
 20
-12.28591652595756
 30
0.0
 10
-3.860880089030271
 20
-12.27928775296416
 30
0.0
  0
SPLINE
  5
1E9
330
1F
100
AcDbEntity
  8
Default
 62
   178
420
   395273
370
     0
100
AcDbSpline
210
0.0
220
0.0
230
1.0
 70
     8
 71
     3
 72
     8
 73
     4
 74
     0
 42
0.000000001
 43
0.0000000001
 40
142.473
 40
142.473
 40
142.473
 40
142.473
 40
143.473
 40
143.473
 40
143.473
 40
143.473
 10
-3.860880089030271
 20
-12.27928775296416
 30
0.0
 10
-3.970059879509866
 20
-12.2696370393414
 30
0.0
 10
-4.076315211315901
 20
-12.24224460976572
 30
0.0
 10
-4.174138353946502
 20
-12.19852395259599
 30
0.0
  0
SPLINE
  5
1EA
330
1F
100
AcDbEntity
  8
Default
 62
   178
420
   395273
370
     0
100
AcDbSpline
210
0.0
220
0.0
230
1.0
 70
     8
 71
     3
 72
     8
 73
     4
 74
     0
 42
0.000000001
 43
0.0000000001
 40
143.473
 40
143.473
 40
143.473
 40
143.473
 40
144.473
 40
144.473
 40
144.473
 40
144.473
 10
-4.174138353946502
 20
-12.19852395259599
 30
0.0
 10
-4.248468345232834
 20
-12.16640364816472
 30
0.0
 10
-4.324845457590659
 20
-12.13808514000907
 30
0.0
 10
-4.402879763196833
 20
-12.11376339204063
 30
0.0
  0
SPLINE
  5
1EB
330
1F
100
AcDbEntity
  8
Default
 62
   178
420
   395273
370
     0
100
AcDbSpline
210
0.0
220
0.0
230
1.0
 70
     8
 71
     3
 72
     8
 73
     4
 74
     0
 42
0.000000001
 43
0.0000000001
 40
144.473
 40
144.473
 40
144.473
 40
144.473
 40
145.473
 40
145.473
 40
145.473
 40
145.473
 10
-4.402879763196833
 20
-12.11376339204063
 30
0.0
 10
-4.496316217817094
 20
-12.08890549331536
 30
0.0
 10
-4.59257964915513
 20
-12.07301593452235
 30
0.0
 10
-4.689915382006805
 20
-12.06648464348473
 30
0.0
  0
SPLINE
  5
1EC
330
1F
100
AcDbEntity
  8
Default
 62
   178
420
   395273
370
     0
100
AcDbSpline
210
0.0
220
0.0
230
1.0
 70
     8
 71
     3
 72
     8
 73
     4
 74
     0
 42
0.000000001
 43
0.0000000001
 40
145.473
 40
145.473
 40
145.473
 40
145.473
 40
146.473
 40
146.473
 40
146.473
 40
146.473
 10
-4.689915382006805
 20
-12.06648464348473
 30
0.0
 10
-4.794026110785562
 20
-12.05844238213244
 30
0.0
 10
-4.898721731299032
 20
-12.05712637572934
 30
0.0
 10
-5.003076164967251
 20
-12.06263410623121
 30
0.0
  0
SPLINE
  5
1ED
330
1F
100
AcDbEntity
  8
Default
 62
   178
420
   395273
370
     0
100
AcDbSpline
210
0.0
220
0.0
230
1.0
 70
     8
 71
     3
 72
     8
 73
     4
 74
     0
 42
0.000000001
 43
0.0000000001
 40
146.473
 40
146.473
 40
146.473
 40
146.473
 40
147.473
 40
147.473
 40
147.473
 40
147.473
 10
-5.003076164967251
 20
-12.06263410623121
 30
0.0
 10
-5.079843205148217
 20
-12.06521737805952
 30
0.0
 10
-5.156610245329183
 20
-12.06526611903741
 30
0.0
 10
-5.233377285510149
 20
-12.06278032916489
 30
0.0
  0
SPLINE
  5
1EE
330
1F
100
AcDbEntity
  8
Default
 62
   178
420
   395273
370
     0
100
AcDbSpline
210
0.0
220
0.0
230
1.0
 70
     8
 71
     3
 72
     8
 73
     4
 74
     0
 42
0.000000001
 43
0.0000000001
 40
147.473
 40
147.473
 40
147.473
 40
147.473
 40
148.473
 40
148.473
 40
148.473
 40
148.473
 10
-5.233377285510149
 20
-12.06278032916489
 30
0.0
 10
-5.307463571907016
 20
-12.05761378550826
 30
0.0
 10
-5.381354894392315
 20
-12.05059508469172
 30
0.0
 10
-5.454953771010255
 20
-12.04187044964893
 30
0.0
  0
SPLINE
  5
1EF
330
1F
100
AcDbEntity
  8
Default
 62
   178
420
   395273
370
     0
100
AcDbSpline
210
0.0
220
0.0
230
1.0
 70
     8
 71
     3
 72
     8
 73
     4
 74
     0
 42
0.000000001
 43
0.0000000001
 40
148.473
 40
148.473
 40
148.473
 40
148.473
 40
149.473
 40
149.473
 40
149.473
 40
149.473
 10
-5.454953771010255
 20
-12.04187044964893
 30
0.0
 10
-5.492922992788651
 20
-12.03733753870491
 30
0.0
 10
-5.531038437500724
 20
-12.03426685709767
 30
0.0
 10
-5.569300105146475
 20
-12.03265840482721
 30
0.0
  0
SPLINE
  5
1F0
330
1F
100
AcDbEntity
  8
Default
 62
   178
420
   395273
370
     0
100
AcDbSpline
210
0.0
220
0.0
230
1.0
 70
     8
 71
     3
 72
     8
 73
     4
 74
     0
 42
0.000000001
 43
0.0000000001
 40
149.473
 40
149.473
 40
149.473
 40
149.473
 40
150.473
 40
150.473
 40
150.473
 40
150.473
 10
-5.569300105146475
 20
-12.03265840482721
 30
0.0
 10
-5.6010792227325
 20
-12.03251218189353
 30
0.0
 10
-5.632712117384847
 20
-12.03694761088177
 30
0.0
 10
-5.662882782700414
 20
-12.04576972788034
 30
0.0
  0
SPLINE
  5
1F1
330
1F
100
AcDbEntity
  8
Default
 62
   178
420
   395273
370
     0
100
AcDbSpline
210
0.0
220
0.0
230
1.0
 70
     8
 71
     3
 72
     8
 73
     4
 74
     0
 42
0.000000001
 43
0.0000000001
 40
150.473
 40
150.473
 40
150.473
 40
150.473
 40
151.473
 40
151.473
 40
151.473
 40
151.473
 10
-5.662882782700414
 20
-12.04576972788034
 30
0.0
 10
-5.677115148245075
 20
-12.05181360913903
 30
0.0
 10
-5.690567658143454
 20
-12.05897853288926
 30
0.0
 10
-5.703191571417658
 20
-12.06726449913101
 30
0.0
  0
SPLINE
  5
1F2
330
1F
100
AcDbEntity
  8
Default
 62
   178
420
   395273
370
     0
100
AcDbSpline
210
0.0
220
0.0
230
1.0
 70
     8
 71
     3
 72
     8
 73
     4
 74
     0
 42
0.000000001
 43
0.0000000001
 40
151.473
 40
151.473
 40
151.473
 40
151.473
 40
152.473
 40
152.473
 40
152.473
 40
152.473
 10
-5.703191571417658
 20
-12.06726449913101
 30
0.0
 10
-5.725027529513577
 20
-12.08008337631679
 30
0.0
 10
-5.748520680857847
 20
-12.09070890949739
 30
0.0
 10
-5.773086133715755
 20
-12.09884865280547
 30
0.0
  0
SPLINE
  5
1F3
330
1F
100
AcDbEntity
  8
Default
 62
   178
420
   395273
370
     0
100
AcDbSpline
210
0.0
220
0.0
230
1.0
 70
     8
 71
     3
 72
     8
 73
     4
 74
     0
 42
0.000000001
 43
0.0000000001
 40
152.473
 40
152.473
 40
152.473
 40
152.473
 40
153.473
 40
153.473
 40
153.473
 40
153.473
 10
-5.773086133715755
 20
-12.09884865280547
 30
0.0
 10
-5.80247694338504
 20
-12.10640350437883
 30
0.0
 10
-5.833719910214245
 20
-12.10669595024619
 30
0.0
 10
-5.863256942817207
 20
-12.09962850845175
 30
0.0
  0
SPLINE
  5
1F4
330
1F
100
AcDbEntity
  8
Default
 62
   178
420
   395273
370
     0
100
AcDbSpline
210
0.0
220
0.0
230
1.0
 70
     8
 71
     3
 72
     8
 73
     4
 74
     0
 42
0.000000001
 43
0.0000000001
 40
153.473
 40
153.473
 40
153.473
 40
153.473
 40
154.473
 40
154.473
 40
154.473
 40
154.473
 10
-5.863256942817207
 20
-12.09962850845175
 30
0.0
 10
-5.90064127286089
 20
-12.09212239785628
 30
0.0
 10
-5.936758337479363
 20
-12.08037582218414
 30
0.0
 10
-5.970633317114773
 20
-12.06463248632481
 30
0.0
  0
SPLINE
  5
1F5
330
1F
100
AcDbEntity
  8
Default
 62
   178
420
   395273
370
     0
100
AcDbSpline
210
0.0
220
0.0
230
1.0
 70
     8
 71
     3
 72
     8
 73
     4
 74
     0
 42
0.000000001
 43
0.0000000001
 40
154.473
 40
154.473
 40
154.473
 40
154.473
 40
155.473
 40
155.473
 40
155.473
 40
155.473
 10
-5.970633317114773
 20
-12.06463248632481
 30
0.0
 10
-6.005044447507003
 20
-12.04747566210659
 30
0.0
 10
-6.040381656479194
 20
-12.03192729015882
 30
0.0
 10
-6.076596203053452
 20
-12.01793862950362
 30
0.0
  0
SPLINE
  5
1F6
330
1F
100
AcDbEntity
  8
Default
 62
   178
420
   395273
370
     0
100
AcDbSpline
210
0.0
220
0.0
230
1.0
 70
     8
 71
     3
 72
     8
 73
     4
 74
     0
 42
0.000000001
 43
0.0000000001
 40
155.473
 40
155.473
 40
155.473
 40
155.473
 40
156.473
 40
156.473
 40
156.473
 40
156.473
 10
-6.076596203053452
 20
-12.01793862950362
 30
0.0
 10
-6.096336299099986
 20
-12.01121237455443
 30
0.0
 10
-6.116953732748589
 20
-12.00667946361042
 30
0.0
 10
-6.138009835198225
 20
-12.00453486058314
 30
0.0
  0
SPLINE
  5
1F7
330
1F
100
AcDbEntity
  8
Default
 62
   178
420
   395273
370
     0
100
AcDbSpline
210
0.0
220
0.0
230
1.0
 70
     8
 71
     3
 72
     8
 73
     4
 74
     0
 42
0.000000001
 43
0.0000000001
 40
156.473
 40
156.473
 40
156.473
 40
156.473
 40
157.473
 40
157.473
 40
157.473
 40
157.473
 10
-6.138009835198225
 20
-12.00453486058314
 30
0.0
 10
-6.191332465012812
 20
-12.00073306430751
 30
0.0
 10
-6.244216426026367
 20
-11.99351939957939
 30
0.0
 10
-6.29636927237153
 20
-11.98299134835458
 30
0.0
  0
LINE
  5
1F8
330
1F
100
AcDbEntity
  8
Default
 62
   178
420
   395273
370
     0
100
AcDbLine
 10
-6.29636927237153
 20
-11.98299134835458
 30
0.0
 11
-6.630244970936364
 21
-11.90276369874323
 31
0.0
  0
LINE
  5
1F9
330
1F
100
AcDbEntity
  8
Default
 62
   178
420
   395273
370
     0
100
AcDbLine
 10
-6.630244970936364
 20
-11.90276369874323
 30
0.0
 11
-6.630244970936364
 21
-11.45946450480934
 31
0.0
  0
SPLINE
  5
1FA
330
1F
100
AcDbEntity
  8
Default
 62
   178
420
   395273
370
     0
100
AcDbSpline
210
0.0
220
0.0
230
1.0
 70
     8
 71
     3
 72
     8
 73
     4
 74
     0
 42
0.000000001
 43
0.0000000001
 40
173.6129851667694
 40
173.6129851667694
 40
173.6129851667694
 40
173.6129851667694
 40
174.6129851667694
 40
174.6129851667694
 40
174.6129851667694
 40
174.6129851667694
 10
-6.630244970936364
 20
-11.45946450480934
 30
0.0
 10
-6.629270151378511
 20
-11.38801023121867
 30
0.0
 10
-6.624542276522922
 20
-11.31655595762801
 30
0.0
 10
-6.616110087347488
 20
-11.2453941299047
 30
0.0
  0
SPLINE
  5
1FB
330
1F
100
AcDbEntity
  8
Default
 62
   178
420
   395273
370
     0
100
AcDbSpline
210
0.0
220
0.0
230
1.0
 70
     8
 71
     3
 72
     8
 73
     4
 74
     0
 42
0.000000001
 43
0.0000000001
 40
174.6129851667694
 40
174.6129851667694
 40
174.6129851667694
 40
174.6129851667694
 40
175.6129851667694
 40
175.6129851667694
 40
175.6129851667694
 40
175.6129851667694
 10
-6.616110087347488
 20
-11.2453941299047
 30
0.0
 10
-6.593348050671609
 20
-11.17091791568469
 30
0.0
 10
-6.532324346349978
 20
-11.10999169331885
 30
0.0
 10
-6.45117061815867
 20
-11.08055214267167
 30
0.0
  0
SPLINE
  5
1FC
330
1F
100
AcDbEntity
  8
Default
 62
   178
420
   395273
370
     0
100
AcDbSpline
210
0.0
220
0.0
230
1.0
 70
     8
 71
     3
 72
     8
 73
     4
 74
     0
 42
0.000000001
 43
0.0000000001
 40
175.6129851667694
 40
175.6129851667694
 40
175.6129851667694
 40
175.6129851667694
 40
176.6129851667694
 40
176.6129851667694
 40
176.6129851667694
 40
176.6129851667694
 10
-6.45117061815867
 20
-11.08055214267167
 30
0.0
 10
-6.435232318387765
 20
-11.07562930390451
 30
0.0
 10
-6.418124235147435
 20
-11.0743620384793
 30
0.0
 10
-6.401406079730248
 20
-11.07684782835183
 30
0.0
  0
SPLINE
  5
1FD
330
1F
100
AcDbEntity
  8
Default
 62
   178
420
   395273
370
     0
100
AcDbSpline
210
0.0
220
0.0
230
1.0
 70
     8
 71
     3
 72
     8
 73
     4
 74
     0
 42
0.000000001
 43
0.0000000001
 40
176.6129851667694
 40
176.6129851667694
 40
176.6129851667694
 40
176.6129851667694
 40
177.6129851667694
 40
177.6129851667694
 40
177.6129851667694
 40
177.6129851667694
 10
-6.401406079730248
 20
-11.07684782835183
 30
0.0
 10
-6.35061798076608
 20
-11.08493883068201
 30
0.0
 10
-6.301535816028154
 20
-11.09980482893928
 30
0.0
 10
-6.255865519742716
 20
-11.12086093138891
 30
0.0
  0
SPLINE
  5
1FE
330
1F
100
AcDbEntity
  8
Default
 62
   178
420
   395273
370
     0
100
AcDbSpline
210
0.0
220
0.0
230
1.0
 70
     8
 71
     3
 72
     8
 73
     4
 74
     0
 42
0.000000001
 43
0.0000000001
 40
177.6129851667694
 40
177.6129851667694
 40
177.6129851667694
 40
177.6129851667694
 40
178.6129851667694
 40
178.6129851667694
 40
178.6129851667694
 40
178.6129851667694
 10
-6.255865519742716
 20
-11.12086093138891
 30
0.0
 10
-6.158919714714182
 20
-11.16112097912826
 30
0.0
 10
-6.067676604099092
 20
-11.21117796342404
 30
0.0
 10
-5.983890863101581
 20
-11.2700083237405
 30
0.0
  0
SPLINE
  5
1FF
330
1F
100
AcDbEntity
  8
Default
 62
   178
420
   395273
370
     0
100
AcDbSpline
210
0.0
220
0.0
230
1.0
 70
     8
 71
     3
 72
     8
 73
     4
 74
     0
 42
0.000000001
 43
0.0000000001
 40
178.6129851667694
 40
178.6129851667694
 40
178.6129851667694
 40
178.6129851667694
 40
179.6129851667694
 40
179.6129851667694
 40
179.6129851667694
 40
179.6129851667694
 10
-5.983890863101581
 20
-11.2700083237405
 30
0.0
 10
-5.955962282769078
 20
-11.28960219685336
 30
0.0
 10
-5.927692515591325
 20
-11.30895236507675
 30
0.0
 10
-5.899130302546217
 20
-11.32796134645489
 30
0.0
  0
SPLINE
  5
200
330
1F
100
AcDbEntity
  8
Default
 62
   178
420
   395273
370
     0
100
AcDbSpline
210
0.0
220
0.0
230
1.0
 70
     8
 71
     3
 72
     8
 73
     4
 74
     0
 42
0.000000001
 43
0.0000000001
 40
179.6129851667694
 40
179.6129851667694
 40
179.6129851667694
 40
179.6129851667694
 40
180.6129851667694
 40
180.6129851667694
 40
180.6129851667694
 40
180.6129851667694
 10
-5.899130302546217
 20
-11.32796134645489
 30
0.0
 10
-5.873395066218884
 20
-11.34341223644687
 30
0.0
 10
-5.844491666328526
 20
-11.35423273353905
 30
0.0
 10
-5.814028555145604
 20
-11.3598379459967
 30
0.0
  0
SPLINE
  5
201
330
1F
100
AcDbEntity
  8
Default
 62
   178
420
   395273
370
     0
100
AcDbSpline
210
0.0
220
0.0
230
1.0
 70
     8
 71
     3
 72
     8
 73
     4
 74
     0
 42
0.000000001
 43
0.0000000001
 40
180.6129851667694
 40
180.6129851667694
 40
180.6129851667694
 40
180.6129851667694
 40
181.6129851667694
 40
181.6129851667694
 40
181.6129851667694
 40
181.6129851667694
 10
-5.814028555145604
 20
-11.3598379459967
 30
0.0
 10
-5.78517389623314
 20
-11.35881438546096
 30
0.0
 10
-5.756319237320675
 20
-11.35822949372625
 30
0.0
 10
-5.727513319386103
 20
-11.35803452981468
 30
0.0
  0
SPLINE
  5
202
330
1F
100
AcDbEntity
  8
Default
 62
   178
420
   395273
370
     0
100
AcDbSpline
210
0.0
220
0.0
230
1.0
 70
     8
 71
     3
 72
     8
 73
     4
 74
     0
 42
0.000000001
 43
0.0000000001
 40
181.6129851667694
 40
181.6129851667694
 40
181.6129851667694
 40
181.6129851667694
 40
182.6129851667694
 40
182.6129851667694
 40
182.6129851667694
 40
182.6129851667694
 10
-5.727513319386103
 20
-11.35803452981468
 30
0.0
 10
-5.70596980715754
 20
-11.35822949372625
 30
0.0
 10
-5.685596078398401
 20
-11.36656420094589
 30
0.0
 10
-5.671461194809525
 20
-11.38084530746845
 30
0.0
  0
SPLINE
  5
203
330
1F
100
AcDbEntity
  8
Default
 62
   178
420
   395273
370
     0
100
AcDbSpline
210
0.0
220
0.0
230
1.0
 70
     8
 71
     3
 72
     8
 73
     4
 74
     0
 42
0.000000001
 43
0.0000000001
 40
182.6129851667694
 40
182.6129851667694
 40
182.6129851667694
 40
182.6129851667694
 40
183.6129851667694
 40
183.6129851667694
 40
183.6129851667694
 40
183.6129851667694
 10
-5.671461194809525
 20
-11.38084530746845
 30
0.0
 10
-5.648650417155753
 20
-11.41130841865137
 30
0.0
 10
-5.627496832750331
 20
-11.44279509037004
 30
0.0
 10
-5.608146664526938
 20
-11.47506161773499
 30
0.0
  0
SPLINE
  5
204
330
1F
100
AcDbEntity
  8
Default
 62
   178
420
   395273
370
     0
100
AcDbSpline
210
0.0
220
0.0
230
1.0
 70
     8
 71
     3
 72
     8
 73
     4
 74
     0
 42
0.000000001
 43
0.0000000001
 40
183.6129851667694
 40
183.6129851667694
 40
183.6129851667694
 40
183.6129851667694
 40
184.6129851667694
 40
184.6129851667694
 40
184.6129851667694
 40
184.6129851667694
 10
-5.608146664526938
 20
-11.47506161773499
 30
0.0
 10
-5.585189663939488
 20
-11.50518354207267
 30
0.0
 10
-5.554726552756565
 20
-11.53033388666529
 30
0.0
 10
-5.519048156939125
 20
-11.54851427141926
 30
0.0
  0
SPLINE
  5
205
330
1F
100
AcDbEntity
  8
Default
 62
   178
420
   395273
370
     0
100
AcDbSpline
210
0.0
220
0.0
230
1.0
 70
     8
 71
     3
 72
     8
 73
     4
 74
     0
 42
0.000000001
 43
0.0000000001
 40
184.6129851667694
 40
184.6129851667694
 40
184.6129851667694
 40
184.6129851667694
 40
185.6129851667694
 40
185.6129851667694
 40
185.6129851667694
 40
185.6129851667694
 10
-5.519048156939125
 20
-11.54851427141926
 30
0.0
 10
-5.493312920611793
 20
-11.56367271554388
 30
0.0
 10
-5.465189376367718
 20
-11.57537055023812
 30
0.0
 10
-5.435506120831078
 20
-11.58316910670095
 30
0.0
  0
SPLINE
  5
206
330
1F
100
AcDbEntity
  8
Default
 62
   178
420
   395273
370
     0
100
AcDbSpline
210
0.0
220
0.0
230
1.0
 70
     8
 71
     3
 72
     8
 73
     4
 74
     0
 42
0.000000001
 43
0.0000000001
 40
185.6129851667694
 40
185.6129851667694
 40
185.6129851667694
 40
185.6129851667694
 40
186.6129851667694
 40
186.6129851667694
 40
186.6129851667694
 40
186.6129851667694
 10
-5.435506120831078
 20
-11.58316910670095
 30
0.0
 10
-5.392906506152879
 20
-11.59179625978795
 30
0.0
 10
-5.349088367027362
 20
-11.59496442335098
 30
0.0
 10
-5.305465191813417
 20
-11.59252737445634
 30
0.0
  0
SPLINE
  5
207
330
1F
100
AcDbEntity
  8
Default
 62
   178
420
   395273
370
     0
100
AcDbSpline
210
0.0
220
0.0
230
1.0
 70
     8
 71
     3
 72
     8
 73
     4
 74
     0
 42
0.000000001
 43
0.0000000001
 40
186.6129851667694
 40
186.6129851667694
 40
186.6129851667694
 40
186.6129851667694
 40
187.6129851667694
 40
187.6129851667694
 40
187.6129851667694
 40
187.6129851667694
 10
-5.305465191813417
 20
-11.59252737445634
 30
0.0
 10
-5.210322802966912
 20
-11.58584986048504
 30
0.0
 10
-5.115082932164622
 20
-11.57985472020425
 30
0.0
 10
-5.019843061362333
 20
-11.57454195361395
 30
0.0
  0
LINE
  5
208
330
1F
100
AcDbEntity
  8
Default
 62
   178
420
   395273
370
     0
100
AcDbLine
 10
-5.019843061362333
 20
-11.57454195361395
 30
0.0
 11
-4.74226319226354
 21
-11.57103260320567
 31
0.0
  0
SPLINE
  5
209
330
1F
100
AcDbEntity
  8
Default
 62
   178
420
   395273
370
     0
100
AcDbSpline
210
0.0
220
0.0
230
1.0
 70
     8
 71
     3
 72
     8
 73
     4
 74
     0
 42
0.000000001
 43
0.0000000001
 40
193.3084402846682
 40
193.3084402846682
 40
193.3084402846682
 40
193.3084402846682
 40
194.3084402846682
 40
194.3084402846682
 40
194.3084402846682
 40
194.3084402846682
 10
-4.74226319226354
 20
-11.57103260320567
 30
0.0
 10
-4.649947780134811
 20
-11.57025274755939
 30
0.0
 10
-4.557876072895544
 20
-11.56269789598602
 30
0.0
 10
-4.467022890103596
 20
-11.54831930750769
 30
0.0
  0
LINE
  5
20A
330
1F
100
AcDbEntity
  8
Default
 62
   178
420
   395273
370
     0
100
AcDbLine
 10
-4.467022890103596
 20
-11.54831930750769
 30
0.0
 11
-4.412579217797476
 21
-11.5355979122777
 31
0.0
  0
SPLINE
  5
20B
330
1F
100
AcDbEntity
  8
Default
 62
   178
420
   395273
370
     0
100
AcDbSpline
210
0.0
220
0.0
230
1.0
 70
     8
 71
     3
 72
     8
 73
     4
 74
     0
 42
0.000000001
 43
0.0000000001
 40
195.4555279011997
 40
195.4555279011997
 40
195.4555279011997
 40
195.4555279011997
 40
196.4555279011997
 40
196.4555279011997
 40
196.4555279011997
 40
196.4555279011997
 10
-4.412579217797476
 20
-11.5355979122777
 30
0.0
 10
-4.362619715457482
 20
-11.52151176966671
 30
0.0
 10
-4.314073701476377
 20
-11.50396501762535
 30
0.0
 10
-4.267379844655193
 20
-11.48305513810939
 30
0.0
  0
SPLINE
  5
20C
330
1F
100
AcDbEntity
  8
Default
 62
   178
420
   395273
370
     0
100
AcDbSpline
210
0.0
220
0.0
230
1.0
 70
     8
 71
     3
 72
     8
 73
     4
 74
     0
 42
0.000000001
 43
0.0000000001
 40
196.4555279011997
 40
196.4555279011997
 40
196.4555279011997
 40
196.4555279011997
 40
197.4555279011997
 40
197.4555279011997
 40
197.4555279011997
 40
197.4555279011997
 10
-4.267379844655193
 20
-11.48305513810939
 30
0.0
 10
-4.217712788182555
 20
-11.45424922017482
 30
0.0
 10
-4.167655803886777
 20
-11.42602819397496
 30
0.0
 10
-4.117208891767857
 20
-11.39839205950981
 30
0.0
  0
SPLINE
  5
20D
330
1F
100
AcDbEntity
  8
Default
 62
   178
420
   395273
370
     0
100
AcDbSpline
210
0.0
220
0.0
230
1.0
 70
     8
 71
     3
 72
     8
 73
     4
 74
     0
 42
0.000000001
 43
0.0000000001
 40
197.4555279011997
 40
197.4555279011997
 40
197.4555279011997
 40
197.4555279011997
 40
198.4555279011997
 40
198.4555279011997
 40
198.4555279011997
 40
198.4555279011997
 10
-4.117208891767857
 20
-11.39839205950981
 30
0.0
 10
-4.074755500023335
 20
-11.37543505892236
 30
0.0
 10
-4.027525492445331
 20
-11.36013039186406
 30
0.0
 10
-3.978297104773728
 20
-11.35340413691487
 30
0.0
  0
SPLINE
  5
20E
330
1F
100
AcDbEntity
  8
Default
 62
   178
420
   395273
370
     0
100
AcDbSpline
210
0.0
220
0.0
230
1.0
 70
     8
 71
     3
 72
     8
 73
     4
 74
     0
 42
0.000000001
 43
0.0000000001
 40
198.4555279011997
 40
198.4555279011997
 40
198.4555279011997
 40
198.4555279011997
 40
199.4555279011997
 40
199.4555279011997
 40
199.4555279011997
 40
199.4555279011997
 10
-3.978297104773728
 20
-11.35340413691487
 30
0.0
 10
-3.923268540732896
 20
-11.3485300391256
 30
0.0
 10
-3.867752566913138
 20
-11.3492124128161
 30
0.0
 10
-3.812918966783877
 20
-11.35540251700847
 30
0.0
  0
SPLINE
  5
20F
330
1F
100
AcDbEntity
  8
Default
 62
   178
420
   395273
370
     0
100
AcDbSpline
210
0.0
220
0.0
230
1.0
 70
     8
 71
     3
 72
     8
 73
     4
 74
     0
 42
0.000000001
 43
0.0000000001
 40
199.4555279011997
 40
199.4555279011997
 40
199.4555279011997
 40
199.4555279011997
 40
200.4555279011997
 40
200.4555279011997
 40
200.4555279011997
 40
200.4555279011997
 10
-3.812918966783877
 20
-11.35540251700847
 30
0.0
 10
-3.727622255471693
 20
-11.3638347061839
 30
0.0
 10
-3.643154140783685
 20
-11.37753092097175
 30
0.0
 10
-3.560050773476671
 20
-11.39639367941621
 30
0.0
  0
SPLINE
  5
210
330
1F
100
AcDbEntity
  8
Default
 62
   178
420
   395273
370
     0
100
AcDbSpline
210
0.0
220
0.0
230
1.0
 70
     8
 71
     3
 72
     8
 73
     4
 74
     0
 42
0.000000001
 43
0.0000000001
 40
200.4555279011997
 40
200.4555279011997
 40
200.4555279011997
 40
200.4555279011997
 40
201.4555279011997
 40
201.4555279011997
 40
201.4555279011997
 40
201.4555279011997
 10
-3.560050773476671
 20
-11.39639367941621
 30
0.0
 10
-3.469538777529971
 20
-11.4164262213301
 30
0.0
 10
-3.37756455224649
 20
-11.43090229176423
 30
0.0
 10
-3.284810471316727
 20
-11.43996811365226
 30
0.0
  0
SPLINE
  5
211
330
1F
100
AcDbEntity
  8
Default
 62
   178
420
   395273
370
     0
100
AcDbSpline
210
0.0
220
0.0
230
1.0
 70
     8
 71
     3
 72
     8
 73
     4
 74
     0
 42
0.000000001
 43
0.0000000001
 40
201.4555279011997
 40
201.4555279011997
 40
201.4555279011997
 40
201.4555279011997
 40
202.4555279011997
 40
202.4555279011997
 40
202.4555279011997
 40
202.4555279011997
 10
-3.284810471316727
 20
-11.43996811365226
 30
0.0
 10
-3.182405676764213
 20
-11.44552458513203
 30
0.0
 10
-3.079659695366451
 20
-11.44367242797211
 30
0.0
 10
-2.977596087659187
 20
-11.4344116421725
 30
0.0
  0
SPLINE
  5
212
330
1F
100
AcDbEntity
  8
Default
 62
   178
420
   395273
370
     0
100
AcDbSpline
210
0.0
220
0.0
230
1.0
 70
     8
 71
     3
 72
     8
 73
     4
 74
     0
 42
0.000000001
 43
0.0000000001
 40
202.4555279011997
 40
202.4555279011997
 40
202.4555279011997
 40
202.4555279011997
 40
203.4555279011997
 40
203.4555279011997
 40
203.4555279011997
 40
203.4555279011997
 10
-2.977596087659187
 20
-11.4344116421725
 30
0.0
 10
-2.53731883435464
 20
-11.39839205950981
 30
0.0
 10
-2.102256865684609
 20
-11.32440325506873
 30
0.0
 10
-1.67850280388568
 20
-11.213468789385
 30
0.0
  0
SPLINE
  5
213
330
1F
100
AcDbEntity
  8
Default
 62
   178
420
   395273
370
     0
100
AcDbSpline
210
0.0
220
0.0
230
1.0
 70
     8
 71
     3
 72
     8
 73
     4
 74
     0
 42
0.000000001
 43
0.0000000001
 40
203.4555279011997
 40
203.4555279011997
 40
203.4555279011997
 40
203.4555279011997
 40
204.4555279011997
 40
204.4555279011997
 40
204.4555279011997
 40
204.4555279011997
 10
-1.67850280388568
 20
-11.213468789385
 30
0.0
 10
-1.499525933063772
 20
-11.1675060472322
 30
0.0
 10
-1.32868880554994
 20
-11.09995105187295
 30
0.0
 10
-1.170816778155562
 20
-11.01270470144506
 30
0.0
  0
SPLINE
  5
214
330
1F
100
AcDbEntity
  8
Default
 62
   178
420
   395273
370
     0
100
AcDbSpline
210
0.0
220
0.0
230
1.0
 70
     8
 71
     3
 72
     8
 73
     4
 74
     0
 42
0.000000001
 43
0.0000000001
 40
204.4555279011997
 40
204.4555279011997
 40
204.4555279011997
 40
204.4555279011997
 40
205.4555279011997
 40
205.4555279011997
 40
205.4555279011997
 40
205.4555279011997
 10
-1.170816778155562
 20
-11.01270470144506
 30
0.0
 10
-0.9266732198911446
 20
-10.90649811061692
 30
0.0
 10
-0.6552347140068298
 20
-10.8573672049011
 30
0.0
 10
-0.3831138344320169
 20
-10.87018608208688
 30
0.0
  0
SPLINE
  5
215
330
1F
100
AcDbEntity
  8
Default
 62
   178
420
   395273
370
     0
100
AcDbSpline
210
0.0
220
0.0
230
1.0
 70
     8
 71
     3
 72
     8
 73
     4
 74
     0
 42
0.000000001
 43
0.0000000001
 40
205.4555279011997
 40
205.4555279011997
 40
205.4555279011997
 40
205.4555279011997
 40
206.4555279011997
 40
206.4555279011997
 40
206.4555279011997
 40
206.4555279011997
 10
-0.3831138344320169
 20
-10.87018608208688
 30
0.0
 10
-0.3674679805284678
 20
-10.87086845577737
 30
0.0
 10
-0.3551852540995128
 20
-10.88222510362637
 30
0.0
 10
-0.3551852540995128
 20
-10.8959700593921
 30
0.0
  0
LINE
  5
216
330
1F
100
AcDbEntity
  8
Default
 62
   178
420
   395273
370
     0
100
AcDbLine
 10
-0.3551852540995128
 20
-10.8959700593921
 30
0.0
 11
-0.3551852540995128
 21
-11.71623197634796
 31
0.0
  0
LINE
  5
217
330
1F
100
AcDbEntity
  8
Default
 62
   178
420
   395273
370
     0
100
AcDbLine
 10
-0.3551852540995128
 20
-0.9415270329039412
 30
0.0
 11
-0.3551852540995128
 21
-1.768563945786877
 31
0.0
  0
LINE
  5
218
330
1F
100
AcDbEntity
  8
Default
 62
   178
420
   395273
370
     0
100
AcDbLine
 10
-0.3551852540995128
 20
-1.768563945786877
 30
0.0
 11
-0.189076001441272
 21
-1.768563945786877
 31
0.0
  0
LINE
  5
219
330
1F
100
AcDbEntity
  8
Default
 62
   178
420
   395273
370
     0
100
AcDbLine
 10
-0.189076001441272
 20
-1.768563945786877
 30
0.0
 11
-0.189076001441272
 21
-0.9318763192811923
 31
0.0
  0
SPLINE
  5
21A
330
1F
100
AcDbEntity
  8
Default
 62
   178
420
   395273
370
     0
100
AcDbSpline
210
0.0
220
0.0
230
1.0
 70
     8
 71
     3
 72
     8
 73
     4
 74
     0
 42
0.000000001
 43
0.0000000001
 40
37.542
 40
37.542
 40
37.542
 40
37.542
 40
38.542
 40
38.542
 40
38.542
 40
38.542
 10
-0.189076001441272
 20
-0.9318763192811923
 30
0.0
 10
-0.0573778791752587
 20
-0.9238827989067911
 30
0.0
 10
0.0749538758033568
 20
-0.9296829752760211
 30
0.0
 10
0.2051410277546967
 20
-0.9490331434994131
 30
0.0
  0
SPLINE
  5
21B
330
1F
100
AcDbEntity
  8
Default
 62
   178
420
   395273
370
     0
100
AcDbSpline
210
0.0
220
0.0
230
1.0
 70
     8
 71
     3
 72
     8
 73
     4
 74
     0
 42
0.000000001
 43
0.0000000001
 40
38.542
 40
38.542
 40
38.542
 40
38.542
 40
39.542
 40
39.542
 40
39.542
 40
39.542
 10
0.2051410277546967
 20
-0.9490331434994131
 30
0.0
 10
0.4425095900920315
 20
-0.9791063268591955
 30
0.0
 10
0.6747603497506344
 20
-1.034866005568418
 30
0.0
 10
0.8966292811180975
 20
-1.114898691268192
 30
0.0
  0
SPLINE
  5
21C
330
1F
100
AcDbEntity
  8
Default
 62
   178
420
   395273
370
     0
100
AcDbSpline
210
0.0
220
0.0
230
1.0
 70
     8
 71
     3
 72
     8
 73
     4
 74
     0
 42
0.000000001
 43
0.0000000001
 40
39.542
 40
39.542
 40
39.542
 40
39.542
 40
40.542
 40
40.542
 40
40.542
 40
40.542
 10
0.8966292811180975
 20
-1.114898691268192
 30
0.0
 10
1.041048798614098
 20
-1.167149019569142
 30
0.0
 10
1.176694940089417
 20
-1.236556172088312
 30
0.0
 10
1.299619686334747
 20
-1.321170509709998
 30
0.0
  0
SPLINE
  5
21D
330
1F
100
AcDbEntity
  8
Default
 62
   178
420
   395273
370
     0
100
AcDbSpline
210
0.0
220
0.0
230
1.0
 70
     8
 71
     3
 72
     8
 73
     4
 74
     0
 42
0.000000001
 43
0.0000000001
 40
40.542
 40
40.542
 40
40.542
 40
40.542
 40
41.542
 40
41.542
 40
41.542
 40
41.542
 10
1.299619686334747
 20
-1.321170509709998
 30
0.0
 10
1.447207367393772
 20
-1.423477822306725
 30
0.0
 10
1.594161415740191
 20
-1.526370026638168
 30
0.0
 10
1.740530572351898
 20
-1.629993345637997
 30
0.0
  0
SPLINE
  5
21E
330
1F
100
AcDbEntity
  8
Default
 62
   178
420
   395273
370
     0
100
AcDbSpline
210
0.0
220
0.0
230
1.0
 70
     8
 71
     3
 72
     8
 73
     4
 74
     0
 42
0.000000001
 43
0.0000000001
 40
41.542
 40
41.542
 40
41.542
 40
41.542
 40
42.542
 40
42.542
 40
42.542
 40
42.542
 10
1.740530572351898
 20
-1.629993345637997
 30
0.0
 10
1.863796505442478
 20
-1.714022791524971
 30
0.0
 10
1.993691211526461
 20
-1.790204939971223
 30
0.0
 10
2.129288612023886
 20
-1.858101122175723
 30
0.0
  0
SPLINE
  5
21F
330
1F
100
AcDbEntity
  8
Default
 62
   178
420
   395273
370
     0
100
AcDbSpline
210
0.0
220
0.0
230
1.0
 70
     8
 71
     3
 72
     8
 73
     4
 74
     0
 42
0.000000001
 43
0.0000000001
 40
42.542
 40
42.542
 40
42.542
 40
42.542
 40
43.542
 40
43.542
 40
43.542
 40
43.542
 10
2.129288612023886
 20
-1.858101122175723
 30
0.0
 10
2.209175074789983
 20
-1.900115845119209
 30
0.0
 10
2.286624488661446
 20
-1.94563991847097
 30
0.0
 10
2.36134440777092
 20
-1.994478378319432
 30
0.0
  0
SPLINE
  5
220
330
1F
100
AcDbEntity
  8
Default
 62
   178
420
   395273
370
     0
100
AcDbSpline
210
0.0
220
0.0
230
1.0
 70
     8
 71
     3
 72
     8
 73
     4
 74
     0
 42
0.000000001
 43
0.0000000001
 40
43.542
 40
43.542
 40
43.542
 40
43.542
 40
44.542
 40
44.542
 40
44.542
 40
44.542
 10
2.36134440777092
 20
-1.994478378319432
 30
0.0
 10
2.445520076591571
 20
-2.052236437122254
 30
0.0
 10
2.519996290811582
 20
-2.120278842260431
 30
0.0
 10
2.582482224469992
 20
-2.196363508750898
 30
0.0
  0
SPLINE
  5
221
330
1F
100
AcDbEntity
  8
Default
 62
   178
420
   395273
370
     0
100
AcDbSpline
210
0.0
220
0.0
230
1.0
 70
     8
 71
     3
 72
     8
 73
     4
 74
     0
 42
0.000000001
 43
0.0000000001
 40
44.542
 40
44.542
 40
44.542
 40
44.542
 40
45.542
 40
45.542
 40
45.542
 40
45.542
 10
2.582482224469992
 20
-2.196363508750898
 30
0.0
 10
2.637364565577146
 20
-2.263821022154363
 30
0.0
 10
2.673140443350371
 20
-2.341806586782644
 30
0.0
 10
2.686836658138214
 20
-2.423837652576018
 30
0.0
  0
SPLINE
  5
222
330
1F
100
AcDbEntity
  8
Default
 62
   178
420
   395273
370
     0
100
AcDbSpline
210
0.0
220
0.0
230
1.0
 70
     8
 71
     3
 72
     8
 73
     4
 74
     0
 42
0.000000001
 43
0.0000000001
 40
45.542
 40
45.542
 40
45.542
 40
45.542
 40
46.542
 40
46.542
 40
46.542
 40
46.542
 10
2.686836658138214
 20
-2.423837652576018
 30
0.0
 10
2.700679095859734
 20
-2.491977539669981
 30
0.0
 10
2.697803378164065
 20
-2.561872101968078
 30
0.0
 10
2.678306987006994
 20
-2.628890946570508
 30
0.0
  0
SPLINE
  5
223
330
1F
100
AcDbEntity
  8
Default
 62
   178
420
   395273
370
     0
100
AcDbSpline
210
0.0
220
0.0
230
1.0
 70
     8
 71
     3
 72
     8
 73
     4
 74
     0
 42
0.000000001
 43
0.0000000001
 40
46.542
 40
46.542
 40
46.542
 40
46.542
 40
47.542
 40
47.542
 40
47.542
 40
47.542
 10
2.678306987006994
 20
-2.628890946570508
 30
0.0
 10
2.655203763485866
 20
-2.715552405263688
 30
0.0
 10
2.608314942753112
 20
-2.795975018786603
 30
0.0
 10
2.5418322489075
 20
-2.863140086322713
 30
0.0
  0
SPLINE
  5
224
330
1F
100
AcDbEntity
  8
Default
 62
   178
420
   395273
370
     0
100
AcDbSpline
210
0.0
220
0.0
230
1.0
 70
     8
 71
     3
 72
     8
 73
     4
 74
     0
 42
0.000000001
 43
0.0000000001
 40
47.542
 40
47.542
 40
47.542
 40
47.542
 40
48.542
 40
48.542
 40
48.542
 40
48.542
 10
2.5418322489075
 20
-2.863140086322713
 30
0.0
 10
2.457900284976312
 20
-2.951263774352672
 30
0.0
 10
2.358663653986822
 20
-3.027299699865247
 30
0.0
 10
2.247777929280983
 20
-3.088323404186879
 30
0.0
  0
SPLINE
  5
225
330
1F
100
AcDbEntity
  8
Default
 62
   178
420
   395273
370
     0
100
AcDbSpline
210
0.0
220
0.0
230
1.0
 70
     8
 71
     3
 72
     8
 73
     4
 74
     0
 42
0.000000001
 43
0.0000000001
 40
48.542
 40
48.542
 40
48.542
 40
48.542
 40
49.542
 40
49.542
 40
49.542
 40
49.542
 10
2.247777929280983
 20
-3.088323404186879
 30
0.0
 10
2.121733760450522
 20
-3.155634694656664
 30
0.0
 10
1.997054339001055
 20
-3.224846883264265
 30
0.0
 10
1.873690923954692
 20
-3.295862488053894
 30
0.0
  0
SPLINE
  5
226
330
1F
100
AcDbEntity
  8
Default
 62
   178
420
   395273
370
     0
100
AcDbSpline
210
0.0
220
0.0
230
1.0
 70
     8
 71
     3
 72
     8
 73
     4
 74
     0
 42
0.000000001
 43
0.0000000001
 40
49.542
 40
49.542
 40
49.542
 40
49.542
 40
50.542
 40
50.542
 40
50.542
 40
50.542
 10
1.873690923954692
 20
-3.295862488053894
 30
0.0
 10
1.816956425687616
 20
-3.330273618446125
 30
0.0
 10
1.761830379690998
 20
-3.366634387954061
 30
0.0
 10
1.708410267920625
 20
-3.404847314621918
 30
0.0
  0
SPLINE
  5
227
330
1F
100
AcDbEntity
  8
Default
 62
   178
420
   395273
370
     0
100
AcDbSpline
210
0.0
220
0.0
230
1.0
 70
     8
 71
     3
 72
     8
 73
     4
 74
     0
 42
0.000000001
 43
0.0000000001
 40
50.542
 40
50.542
 40
50.542
 40
50.542
 40
51.542
 40
51.542
 40
51.542
 40
51.542
 10
1.708410267920625
 20
-3.404847314621918
 30
0.0
 10
1.556192193961796
 20
-3.51358843630048
 30
0.0
 10
1.402658113599865
 20
-3.620818587664367
 30
0.0
 10
1.247808026834832
 20
-3.726586509691476
 30
0.0
  0
SPLINE
  5
228
330
1F
100
AcDbEntity
  8
Default
 62
   178
420
   395273
370
     0
100
AcDbSpline
210
0.0
220
0.0
230
1.0
 70
     8
 71
     3
 72
     8
 73
     4
 74
     0
 42
0.000000001
 43
0.0000000001
 40
51.542
 40
51.542
 40
51.542
 40
51.542
 40
52.542
 40
52.542
 40
52.542
 40
52.542
 10
1.247808026834832
 20
-3.726586509691476
 30
0.0
 10
1.094127723539222
 20
-3.821533934626412
 30
0.0
 10
0.925288976118991
 20
-3.89601014884642
 30
0.0
 10
0.7467507740981179
 20
-3.947626844434765
 30
0.0
  0
SPLINE
  5
229
330
1F
100
AcDbEntity
  8
Default
 62
   178
420
   395273
370
     0
100
AcDbSpline
210
0.0
220
0.0
230
1.0
 70
     8
 71
     3
 72
     8
 73
     4
 74
     0
 42
0.000000001
 43
0.0000000001
 40
52.542
 40
52.542
 40
52.542
 40
52.542
 40
53.542
 40
53.542
 40
53.542
 40
53.542
 10
0.7467507740981179
 20
-3.947626844434765
 30
0.0
 10
0.5235658363275517
 20
-4.015425544683477
 30
0.0
 10
0.291851227425768
 20
-4.05953612967635
 30
0.0
 10
0.0566760090936031
 20
-4.078935038877634
 30
0.0
  0
SPLINE
  5
22A
330
1F
100
AcDbEntity
  8
Default
 62
   178
420
   395273
370
     0
100
AcDbSpline
210
0.0
220
0.0
230
1.0
 70
     8
 71
     3
 72
     8
 73
     4
 74
     0
 42
0.000000001
 43
0.0000000001
 40
53.542
 40
53.542
 40
53.542
 40
53.542
 40
54.542
 40
54.542
 40
54.542
 40
54.542
 10
0.0566760090936031
 20
-4.078935038877634
 30
0.0
 10
-0.0250138698545222
 20
-4.086148703605751
 30
0.0
 10
-0.1072886405373595
 20
-4.086684854362572
 30
0.0
 10
-0.189076001441272
 20
-4.080738455059665
 30
0.0
  0
LINE
  5
22B
330
1F
100
AcDbEntity
  8
Default
 62
   178
420
   395273
370
     0
100
AcDbLine
 10
-0.189076001441272
 20
-4.080738455059665
 30
0.0
 11
-0.189076001441272
 21
-3.244002087576086
 31
0.0
  0
LINE
  5
22C
330
1F
100
AcDbEntity
  8
Default
 62
   178
420
   395273
370
     0
100
AcDbLine
 10
-0.189076001441272
 20
-3.244002087576086
 30
0.0
 11
-0.3551852540995128
 21
-3.244002087576086
 31
0.0
  0
LINE
  5
22D
330
1F
100
AcDbEntity
  8
Default
 62
   178
420
   395273
370
     0
100
AcDbLine
 10
-0.3551852540995128
 20
-3.244002087576086
 30
0.0
 11
-0.3551852540995128
 21
-4.071185223392699
 31
0.0
  0
SPLINE
  5
22E
330
1F
100
AcDbEntity
  8
Default
 62
   178
420
   395273
370
     0
100
AcDbSpline
210
0.0
220
0.0
230
1.0
 70
     8
 71
     3
 72
     8
 73
     4
 74
     0
 42
0.000000001
 43
0.0000000001
 40
92.08800000000002
 40
92.08800000000002
 40
92.08800000000002
 40
92.08800000000002
 40
93.08800000000002
 40
93.08800000000002
 40
93.08800000000002
 40
93.08800000000002
 10
-0.3551852540995128
 20
-4.071185223392699
 30
0.0
 10
-0.4878094549454858
 20
-4.057440267626965
 30
0.0
 10
-0.6189714264546784
 20
-4.034142080194265
 30
0.0
 10
-0.7472576802682033
 20
-4.001583106961957
 30
0.0
  0
SPLINE
  5
22F
330
1F
100
AcDbEntity
  8
Default
 62
   178
420
   395273
370
     0
100
AcDbSpline
210
0.0
220
0.0
230
1.0
 70
     8
 71
     3
 72
     8
 73
     4
 74
     0
 42
0.000000001
 43
0.0000000001
 40
93.08800000000002
 40
93.08800000000002
 40
93.08800000000002
 40
93.08800000000002
 40
94.08800000000002
 40
94.08800000000002
 40
94.08800000000002
 40
94.08800000000002
 10
-0.7472576802682033
 20
-4.001583106961957
 30
0.0
 10
-0.893675577857803
 20
-3.962687806603601
 30
0.0
 10
-1.034342040056067
 20
-3.908731544076409
 30
0.0
 10
-1.166332608189435
 20
-3.84083536187191
 30
0.0
  0
SPLINE
  5
230
330
1F
100
AcDbEntity
  8
Default
 62
   178
420
   395273
370
     0
100
AcDbSpline
210
0.0
220
0.0
230
1.0
 70
     8
 71
     3
 72
     8
 73
     4
 74
     0
 42
0.000000001
 43
0.0000000001
 40
94.08800000000002
 40
94.08800000000002
 40
94.08800000000002
 40
94.08800000000002
 40
95.08800000000002
 40
95.08800000000002
 40
95.08800000000002
 40
95.08800000000002
 10
-1.166332608189435
 20
-3.84083536187191
 30
0.0
 10
-1.275658621602708
 20
-3.782882339157519
 30
0.0
 10
-1.374261619879593
 20
-3.710550727964785
 30
0.0
 10
-1.45868099358971
 20
-3.626423800122025
 30
0.0
  0
SPLINE
  5
231
330
1F
100
AcDbEntity
  8
Default
 62
   178
420
   395273
370
     0
100
AcDbSpline
210
0.0
220
0.0
230
1.0
 70
     8
 71
     3
 72
     8
 73
     4
 74
     0
 42
0.000000001
 43
0.0000000001
 40
95.08800000000002
 40
95.08800000000002
 40
95.08800000000002
 40
95.08800000000002
 40
96.08800000000002
 40
96.08800000000002
 40
96.08800000000002
 40
96.08800000000002
 10
-1.45868099358971
 20
-3.626423800122025
 30
0.0
 10
-1.533644617588645
 20
-3.554043447951403
 30
0.0
 10
-1.601492058815251
 20
-3.476204106256797
 30
0.0
 10
-1.661443461623244
 20
-3.393783112640282
 30
0.0
  0
SPLINE
  5
232
330
1F
100
AcDbEntity
  8
Default
 62
   178
420
   395273
370
     0
100
AcDbSpline
210
0.0
220
0.0
230
1.0
 70
     8
 71
     3
 72
     8
 73
     4
 74
     0
 42
0.000000001
 43
0.0000000001
 40
96.08800000000002
 40
96.08800000000002
 40
96.08800000000002
 40
96.08800000000002
 40
97.08800000000002
 40
97.08800000000002
 40
97.08800000000002
 40
97.08800000000002
 10
-1.661443461623244
 20
-3.393783112640282
 30
0.0
 10
-1.703116997721482
 20
-3.332320739517616
 30
0.0
 10
-1.736943236378999
 20
-3.267007829141431
 30
0.0
 10
-1.762337285861084
 20
-3.199062905959039
 30
0.0
  0
SPLINE
  5
233
330
1F
100
AcDbEntity
  8
Default
 62
   178
420
   395273
370
     0
100
AcDbSpline
210
0.0
220
0.0
230
1.0
 70
     8
 71
     3
 72
     8
 73
     4
 74
     0
 42
0.000000001
 43
0.0000000001
 40
97.08800000000002
 40
97.08800000000002
 40
97.08800000000002
 40
97.08800000000002
 40
98.08800000000002
 40
98.08800000000002
 40
98.08800000000002
 40
98.08800000000002
 10
-1.762337285861084
 20
-3.199062905959039
 30
0.0
 10
-1.819218007061837
 20
-3.046113717331822
 30
0.0
 10
-1.859965464580114
 20
-2.888826581672153
 30
0.0
 10
-1.884043507659096
 20
-2.729297361029424
 30
0.0
  0
SPLINE
  5
234
330
1F
100
AcDbEntity
  8
Default
 62
   178
420
   395273
370
     0
100
AcDbSpline
210
0.0
220
0.0
230
1.0
 70
     8
 71
     3
 72
     8
 73
     4
 74
     0
 42
0.000000001
 43
0.0000000001
 40
98.08800000000002
 40
98.08800000000002
 40
98.08800000000002
 40
98.08800000000002
 40
99.08800000000002
 40
99.08800000000002
 40
99.08800000000002
 40
99.08800000000002
 10
-1.884043507659096
 20
-2.729297361029424
 30
0.0
 10
-1.891062208475642
 20
-2.679435340645215
 30
0.0
 10
-1.895985047242802
 20
-2.629378356349437
 30
0.0
 10
-1.898909505916363
 20
-2.579223890097873
 30
0.0
  0
LINE
  5
235
330
1F
100
AcDbEntity
  8
Default
 62
   178
420
   395273
370
     0
100
AcDbLine
 10
-1.898909505916363
 20
-2.579223890097873
 30
0.0
 11
0.4720953636728847
 21
-2.579223890097873
 31
0.0
  0
LINE
  5
236
330
1F
100
AcDbEntity
  8
Default
 62
   178
420
   395273
370
     0
100
AcDbLine
 10
0.4720953636728847
 20
-2.579223890097873
 30
0.0
 11
0.4720953636728847
 21
-2.433342143265092
 31
0.0
  0
LINE
  5
237
330
1F
100
AcDbEntity
  8
Default
 62
   178
420
   395273
370
     0
100
AcDbLine
 10
0.4720953636728847
 20
-2.433342143265092
 30
0.0
 11
-1.898909505916363
 21
-2.433342143265092
 31
0.0
  0
SPLINE
  5
238
330
1F
100
AcDbEntity
  8
Default
 62
   178
420
   395273
370
     0
100
AcDbSpline
210
0.0
220
0.0
230
1.0
 70
     8
 71
     3
 72
     8
 73
     4
 74
     0
 42
0.000000001
 43
0.0000000001
 40
199.371
 40
199.371
 40
199.371
 40
199.371
 40
200.371
 40
200.371
 40
200.371
 40
200.371
 10
-1.898909505916363
 20
-2.433342143265092
 30
0.0
 10
-1.892914365635564
 20
-2.330401197955759
 30
0.0
 10
-1.878048367378298
 20
-2.227996403403245
 30
0.0
 10
-1.854457734078242
 20
-2.127005097209619
 30
0.0
  0
SPLINE
  5
239
330
1F
100
AcDbEntity
  8
Default
 62
   178
420
   395273
370
     0
100
AcDbSpline
210
0.0
220
0.0
230
1.0
 70
     8
 71
     3
 72
     8
 73
     4
 74
     0
 42
0.000000001
 43
0.0000000001
 40
200.371
 40
200.371
 40
200.371
 40
200.371
 40
201.371
 40
201.371
 40
201.371
 40
201.371
 10
-1.854457734078242
 20
-2.127005097209619
 30
0.0
 10
-1.82964857633087
 20
-2.007199773549419
 30
0.0
 10
-1.793531511712396
 20
-1.889392829982821
 30
0.0
 10
-1.746447727068072
 20
-1.77485153193503
 30
0.0
  0
SPLINE
  5
23A
330
1F
100
AcDbEntity
  8
Default
 62
   178
420
   395273
370
     0
100
AcDbSpline
210
0.0
220
0.0
230
1.0
 70
     8
 71
     3
 72
     8
 73
     4
 74
     0
 42
0.000000001
 43
0.0000000001
 40
201.371
 40
201.371
 40
201.371
 40
201.371
 40
202.371
 40
202.371
 40
202.371
 40
202.371
 10
-1.746447727068072
 20
-1.77485153193503
 30
0.0
 10
-1.715350983172544
 20
-1.69964420304663
 30
0.0
 10
-1.672507663604881
 20
-1.628531116301218
 30
0.0
 10
-1.619185033790292
 20
-1.563656874726065
 30
0.0
  0
SPLINE
  5
23B
330
1F
100
AcDbEntity
  8
Default
 62
   178
420
   395273
370
     0
100
AcDbSpline
210
0.0
220
0.0
230
1.0
 70
     8
 71
     3
 72
     8
 73
     4
 74
     0
 42
0.000000001
 43
0.0000000001
 40
202.371
 40
202.371
 40
202.371
 40
202.371
 40
203.371
 40
203.371
 40
203.371
 40
203.371
 10
-1.619185033790292
 20
-1.563656874726065
 30
0.0
 10
-1.536666558217992
 20
-1.457499024875815
 30
0.0
 10
-1.439574530255779
 20
-1.36069944278096
 30
0.0
 10
-1.330102293908829
 20
-1.275451472446668
 30
0.0
  0
SPLINE
  5
23C
330
1F
100
AcDbEntity
  8
Default
 62
   178
420
   395273
370
     0
100
AcDbSpline
210
0.0
220
0.0
230
1.0
 70
     8
 71
     3
 72
     8
 73
     4
 74
     0
 42
0.000000001
 43
0.0000000001
 40
203.371
 40
203.371
 40
203.371
 40
203.371
 40
204.371
 40
204.371
 40
204.371
 40
204.371
 10
-1.330102293908829
 20
-1.275451472446668
 30
0.0
 10
-1.254066368396253
 20
-1.217547190710169
 30
0.0
 10
-1.169744476641922
 20
-1.168611248905921
 30
0.0
 10
-1.079281221673115
 20
-1.129910912459136
 30
0.0
  0
SPLINE
  5
23D
330
1F
100
AcDbEntity
  8
Default
 62
   178
420
   395273
370
     0
100
AcDbSpline
210
0.0
220
0.0
230
1.0
 70
     8
 71
     3
 72
     8
 73
     4
 74
     0
 42
0.000000001
 43
0.0000000001
 40
204.371
 40
204.371
 40
204.371
 40
204.371
 40
205.371
 40
205.371
 40
205.371
 40
205.371
 10
-1.079281221673115
 20
-1.129910912459136
 30
0.0
 10
-0.87832216982161
 20
-1.037887946197761
 30
0.0
 10
-0.6603525166855603
 20
-0.9777903204560939
 30
0.0
 10
-0.4355591266445364
 20
-0.9523962709740087
 30
0.0
  0
SPLINE
  5
23E
330
1F
100
AcDbEntity
  8
Default
 62
   178
420
   395273
370
     0
100
AcDbSpline
210
0.0
220
0.0
230
1.0
 70
     8
 71
     3
 72
     8
 73
     4
 74
     0
 42
0.000000001
 43
0.0000000001
 40
205.371
 40
205.371
 40
205.371
 40
205.371
 40
206.371
 40
206.371
 40
206.371
 40
206.371
 10
-0.4355591266445364
 20
-0.9523962709740087
 30
0.0
 10
-0.4085566248919936
 20
-0.950251667946729
 30
0.0
 10
-0.3817003460731294
 20
-0.9465960946047788
 30
0.0
 10
-0.3551852540995128
 20
-0.9415270329039412
 30
0.0
  0
SPLINE
  5
23F
330
1F
100
AcDbEntity
  8
Default
 62
   178
420
   395273
370
     0
100
AcDbSpline
210
0.0
220
0.0
230
1.0
 70
     8
 71
     3
 72
     8
 73
     4
 74
     0
 42
0.000000001
 43
0.0000000001
 40
0.0
 40
0.0
 40
0.0
 40
0.0
 40
1.0
 40
1.0
 40
1.0
 40
1.0
 10
-2.007358181727568
 20
-6.600237587896741
 30
0.0
 10
-2.010526345290592
 20
-6.654291332379718
 30
0.0
 10
-2.003702608385618
 20
-6.708491299796376
 30
0.0
 10
-1.987130675902108
 20
-6.76064414614154
 30
0.0
  0
SPLINE
  5
240
330
1F
100
AcDbEntity
  8
Default
 62
   178
420
   395273
370
     0
100
AcDbSpline
210
0.0
220
0.0
230
1.0
 70
     8
 71
     3
 72
     8
 73
     4
 74
     0
 42
0.000000001
 43
0.0000000001
 40
1.0
 40
1.0
 40
1.0
 40
1.0
 40
2.0
 40
2.0
 40
2.0
 40
2.0
 10
-1.987130675902108
 20
-6.76064414614154
 30
0.0
 10
-1.97899093259403
 20
-6.797589807384187
 30
0.0
 10
-1.975676546097328
 20
-6.835217842317336
 30
0.0
 10
-1.977284998367787
 20
-6.872845877250482
 30
0.0
  0
LINE
  5
241
330
1F
100
AcDbEntity
  8
Default
 62
   178
420
   395273
370
     0
100
AcDbLine
 10
-1.977284998367787
 20
-6.872845877250482
 30
0.0
 11
-1.999267179397384
 21
-7.032862507672137
 31
0.0
  0
SPLINE
  5
242
330
1F
100
AcDbEntity
  8
Default
 62
   178
420
   395273
370
     0
100
AcDbSpline
210
0.0
220
0.0
230
1.0
 70
     8
 71
     3
 72
     8
 73
     4
 74
     0
 42
0.000000001
 43
0.0000000001
 40
5.313833127965216
 40
5.313833127965216
 40
5.313833127965216
 40
5.313833127965216
 40
6.313833127965216
 40
6.313833127965216
 40
6.313833127965216
 40
6.313833127965216
 10
-1.999267179397384
 20
-7.032862507672137
 30
0.0
 10
-2.004921132832933
 20
-7.095738369153691
 30
0.0
 10
-1.987569344703141
 20
-7.158516748679459
 30
0.0
 10
-1.949600122924746
 20
-7.21208308338351
 30
0.0
  0
SPLINE
  5
243
330
1F
100
AcDbEntity
  8
Default
 62
   178
420
   395273
370
     0
100
AcDbSpline
210
0.0
220
0.0
230
1.0
 70
     8
 71
     3
 72
     8
 73
     4
 74
     0
 42
0.000000001
 43
0.0000000001
 40
6.313833127965216
 40
6.313833127965216
 40
6.313833127965216
 40
6.313833127965216
 40
7.313833127965216
 40
7.313833127965216
 40
7.313833127965216
 40
7.313833127965216
 10
-1.949600122924746
 20
-7.21208308338351
 30
0.0
 10
-1.943410018732376
 20
-7.224024622967216
 30
0.0
 10
-1.939998150279889
 20
-7.236940982108774
 30
0.0
 10
-1.93946199952307
 20
-7.250003564184013
 30
0.0
  0
SPLINE
  5
244
330
1F
100
AcDbEntity
  8
Default
 62
   178
420
   395273
370
     0
100
AcDbSpline
210
0.0
220
0.0
230
1.0
 70
     8
 71
     3
 72
     8
 73
     4
 74
     0
 42
0.000000001
 43
0.0000000001
 40
7.313833127965216
 40
7.313833127965216
 40
7.313833127965216
 40
7.313833127965216
 40
8.313833127965216
 40
8.313833127965216
 40
8.313833127965216
 40
8.313833127965216
 10
-1.93946199952307
 20
-7.250003564184013
 30
0.0
 10
-1.937609842363147
 20
-7.2607265793204
 30
0.0
 10
-1.943312536776591
 20
-7.271303371523112
 30
0.0
 10
-1.953791847023517
 20
-7.276908583980768
 30
0.0
  0
SPLINE
  5
245
330
1F
100
AcDbEntity
  8
Default
 62
   178
420
   395273
370
     0
100
AcDbSpline
210
0.0
220
0.0
230
1.0
 70
     8
 71
     3
 72
     8
 73
     4
 74
     0
 42
0.000000001
 43
0.0000000001
 40
8.313833127965216
 40
8.313833127965216
 40
8.313833127965216
 40
8.313833127965216
 40
9.313833127965216
 40
9.313833127965216
 40
9.313833127965216
 40
9.313833127965216
 10
-1.953791847023517
 20
-7.276908583980768
 30
0.0
 10
-1.980209457041348
 20
-7.295088968734736
 30
0.0
 10
-2.00994145355588
 20
-7.309321334279399
 30
0.0
 10
-2.041671830164013
 20
-7.318923306924257
 30
0.0
  0
SPLINE
  5
246
330
1F
100
AcDbEntity
  8
Default
 62
   178
420
   395273
370
     0
100
AcDbSpline
210
0.0
220
0.0
230
1.0
 70
     8
 71
     3
 72
     8
 73
     4
 74
     0
 42
0.000000001
 43
0.0000000001
 40
9.313833127965216
 40
9.313833127965216
 40
9.313833127965216
 40
9.313833127965216
 40
10.31383312796522
 40
10.31383312796522
 40
10.31383312796522
 40
10.31383312796522
 10
-2.041671830164013
 20
-7.318923306924257
 30
0.0
 10
-2.158211508305402
 20
-7.354747925675374
 30
0.0
 10
-2.275433560137289
 20
-7.389061574111819
 30
0.0
 10
-2.393191762725995
 20
-7.42171802929991
 30
0.0
  0
SPLINE
  5
247
330
1F
100
AcDbEntity
  8
Default
 62
   178
420
   395273
370
     0
100
AcDbSpline
210
0.0
220
0.0
230
1.0
 70
     8
 71
     3
 72
     8
 73
     4
 74
     0
 42
0.000000001
 43
0.0000000001
 40
10.31383312796522
 40
10.31383312796522
 40
10.31383312796522
 40
10.31383312796522
 40
11.31383312796522
 40
11.31383312796522
 40
11.31383312796522
 40
11.31383312796522
 10
-2.393191762725995
 20
-7.42171802929991
 30
0.0
 10
-2.50436993329919
 20
-7.449987796477664
 30
0.0
 10
-2.619496123081692
 20
-7.464853794734928
 30
0.0
 10
-2.735304686554692
 20
-7.466023578204353
 30
0.0
  0
SPLINE
  5
248
330
1F
100
AcDbEntity
  8
Default
 62
   178
420
   395273
370
     0
100
AcDbSpline
210
0.0
220
0.0
230
1.0
 70
     8
 71
     3
 72
     8
 73
     4
 74
     0
 42
0.000000001
 43
0.0000000001
 40
11.31383312796522
 40
11.31383312796522
 40
11.31383312796522
 40
11.31383312796522
 40
12.31383312796522
 40
12.31383312796522
 40
12.31383312796522
 40
12.31383312796522
 10
-2.735304686554692
 20
-7.466023578204353
 30
0.0
 10
-2.815434854210252
 20
-7.465536168425427
 30
0.0
 10
-2.895565021865811
 20
-7.464463866911788
 30
0.0
 10
-2.975695189521371
 20
-7.462757932685546
 30
0.0
  0
SPLINE
  5
249
330
1F
100
AcDbEntity
  8
Default
 62
   178
420
   395273
370
     0
100
AcDbSpline
210
0.0
220
0.0
230
1.0
 70
     8
 71
     3
 72
     8
 73
     4
 74
     0
 42
0.000000001
 43
0.0000000001
 40
12.31383312796522
 40
12.31383312796522
 40
12.31383312796522
 40
12.31383312796522
 40
13.31383312796522
 40
13.31383312796522
 40
13.31383312796522
 40
13.31383312796522
 10
-2.975695189521371
 20
-7.462757932685546
 30
0.0
 10
-3.075614194201359
 20
-7.464951276690714
 30
0.0
 10
-3.175533198881347
 20
-7.464707571801251
 30
0.0
 10
-3.275452203561332
 20
-7.462075558995048
 30
0.0
  0
SPLINE
  5
24A
330
1F
100
AcDbEntity
  8
Default
 62
   178
420
   395273
370
     0
100
AcDbSpline
210
0.0
220
0.0
230
1.0
 70
     8
 71
     3
 72
     8
 73
     4
 74
     0
 42
0.000000001
 43
0.0000000001
 40
13.31383312796522
 40
13.31383312796522
 40
13.31383312796522
 40
13.31383312796522
 40
14.31383312796522
 40
14.31383312796522
 40
14.31383312796522
 40
14.31383312796522
 10
-3.275452203561332
 20
-7.462075558995048
 30
0.0
 10
-3.376492250732851
 20
-7.457932575874168
 30
0.0
 10
-3.476021327589697
 20
-7.438484925694991
 30
0.0
 10
-3.569555264165743
 20
-7.404707428015366
 30
0.0
  0
SPLINE
  5
24B
330
1F
100
AcDbEntity
  8
Default
 62
   178
420
   395273
370
     0
100
AcDbSpline
210
0.0
220
0.0
230
1.0
 70
     8
 71
     3
 72
     8
 73
     4
 74
     0
 42
0.000000001
 43
0.0000000001
 40
14.31383312796522
 40
14.31383312796522
 40
14.31383312796522
 40
14.31383312796522
 40
15.31383312796522
 40
15.31383312796522
 40
15.31383312796522
 40
15.31383312796522
 10
-3.569555264165743
 20
-7.404707428015366
 30
0.0
 10
-3.614104517959649
 20
-7.391791068873808
 30
0.0
 10
-3.659969778156658
 20
-7.382822728941554
 30
0.0
 10
-3.706517412044163
 20
-7.377851149196503
 30
0.0
  0
SPLINE
  5
24C
330
1F
100
AcDbEntity
  8
Default
 62
   178
420
   395273
370
     0
100
AcDbSpline
210
0.0
220
0.0
230
1.0
 70
     8
 71
     3
 72
     8
 73
     4
 74
     0
 42
0.000000001
 43
0.0000000001
 40
15.31383312796522
 40
15.31383312796522
 40
15.31383312796522
 40
15.31383312796522
 40
16.31383312796522
 40
16.31383312796522
 40
16.31383312796522
 40
16.31383312796522
 10
-3.706517412044163
 20
-7.377851149196503
 30
0.0
 10
-3.740977283414286
 20
-7.375755287147117
 30
0.0
 10
-3.775534636740194
 20
-7.379849529290103
 30
0.0
 10
-3.808142350950394
 20
-7.389890170735995
 30
0.0
  0
SPLINE
  5
24D
330
1F
100
AcDbEntity
  8
Default
 62
   178
420
   395273
370
     0
100
AcDbSpline
210
0.0
220
0.0
230
1.0
 70
     8
 71
     3
 72
     8
 73
     4
 74
     0
 42
0.000000001
 43
0.0000000001
 40
16.31383312796522
 40
16.31383312796522
 40
16.31383312796522
 40
16.31383312796522
 40
17.31383312796522
 40
17.31383312796522
 40
17.31383312796522
 40
17.31383312796522
 10
-3.808142350950394
 20
-7.389890170735995
 30
0.0
 10
-3.851424339319091
 20
-7.400759408806059
 30
0.0
 10
-3.893341580306793
 20
-7.415381702173862
 30
0.0
 10
-3.93335792315668
 20
-7.433513345949939
 30
0.0
  0
SPLINE
  5
24E
330
1F
100
AcDbEntity
  8
Default
 62
   178
420
   395273
370
     0
100
AcDbSpline
210
0.0
220
0.0
230
1.0
 70
     8
 71
     3
 72
     8
 73
     4
 74
     0
 42
0.000000001
 43
0.0000000001
 40
17.31383312796522
 40
17.31383312796522
 40
17.31383312796522
 40
17.31383312796522
 40
18.31383312796522
 40
18.31383312796522
 40
18.31383312796522
 40
18.31383312796522
 10
-3.93335792315668
 20
-7.433513345949939
 30
0.0
 10
-3.992773175207853
 20
-7.465536168425427
 30
0.0
 10
-4.050872420855923
 20
-7.499411148060837
 30
0.0
 10
-4.107606919122999
 20
-7.535040802900383
 30
0.0
  0
SPLINE
  5
24F
330
1F
100
AcDbEntity
  8
Default
 62
   178
420
   395273
370
     0
100
AcDbSpline
210
0.0
220
0.0
230
1.0
 70
     8
 71
     3
 72
     8
 73
     4
 74
     0
 42
0.000000001
 43
0.0000000001
 40
18.31383312796522
 40
18.31383312796522
 40
18.31383312796522
 40
18.31383312796522
 40
19.31383312796522
 40
19.31383312796522
 40
19.31383312796522
 40
19.31383312796522
 10
-4.107606919122999
 20
-7.535040802900383
 30
0.0
 10
-4.197680246268665
 20
-7.567161107331659
 30
0.0
 10
-4.294333605429842
 20
-7.5828557022131
 30
0.0
 10
-4.391620597303625
 20
-7.581101027008964
 30
0.0
  0
SPLINE
  5
250
330
1F
100
AcDbEntity
  8
Default
 62
   178
420
   395273
370
     0
100
AcDbSpline
210
0.0
220
0.0
230
1.0
 70
     8
 71
     3
 72
     8
 73
     4
 74
     0
 42
0.000000001
 43
0.0000000001
 40
19.31383312796522
 40
19.31383312796522
 40
19.31383312796522
 40
19.31383312796522
 40
20.31383312796522
 40
20.31383312796522
 40
20.31383312796522
 40
20.31383312796522
 10
-4.391620597303625
 20
-7.581101027008964
 30
0.0
 10
-4.487396618862734
 20
-7.597136808735653
 30
0.0
 10
-4.584244941935482
 20
-7.608249751695183
 30
0.0
 10
-4.681531933809265
 20
-7.614342373931768
 30
0.0
  0
SPLINE
  5
251
330
1F
100
AcDbEntity
  8
Default
 62
   178
420
   395273
370
     0
100
AcDbSpline
210
0.0
220
0.0
230
1.0
 70
     8
 71
     3
 72
     8
 73
     4
 74
     0
 42
0.000000001
 43
0.0000000001
 40
20.31383312796522
 40
20.31383312796522
 40
20.31383312796522
 40
20.31383312796522
 40
21.31383312796522
 40
21.31383312796522
 40
21.31383312796522
 40
21.31383312796522
 10
-4.681531933809265
 20
-7.614342373931768
 30
0.0
 10
-4.845204137572872
 20
-7.622872045062986
 30
0.0
 10
-5.00887634133648
 20
-7.632084089884704
 30
0.0
 10
-5.172451063144302
 20
-7.641832285463239
 30
0.0
  0
SPLINE
  5
252
330
1F
100
AcDbEntity
  8
Default
 62
   178
420
   395273
370
     0
100
AcDbSpline
210
0.0
220
0.0
230
1.0
 70
     8
 71
     3
 72
     8
 73
     4
 74
     0
 42
0.000000001
 43
0.0000000001
 40
21.31383312796522
 40
21.31383312796522
 40
21.31383312796522
 40
21.31383312796522
 40
22.31383312796522
 40
22.31383312796522
 40
22.31383312796522
 40
22.31383312796522
 10
-5.172451063144302
 20
-7.641832285463239
 30
0.0
 10
-5.309072024177475
 20
-7.648850986279784
 30
0.0
 10
-5.446180394989574
 20
-7.641247393728526
 30
0.0
 10
-5.580705493973361
 20
-7.619265212698928
 30
0.0
  0
SPLINE
  5
253
330
1F
100
AcDbEntity
  8
Default
 62
   178
420
   395273
370
     0
100
AcDbSpline
210
0.0
220
0.0
230
1.0
 70
     8
 71
     3
 72
     8
 73
     4
 74
     0
 42
0.000000001
 43
0.0000000001
 40
22.31383312796522
 40
22.31383312796522
 40
22.31383312796522
 40
22.31383312796522
 40
23.31383312796522
 40
23.31383312796522
 40
23.31383312796522
 40
23.31383312796522
 10
-5.580705493973361
 20
-7.619265212698928
 30
0.0
 10
-5.635587835080514
 20
-7.608444715606755
 30
0.0
 10
-5.684280071995299
 20
-7.580662358207929
 30
0.0
 10
-5.718057569674923
 20
-7.541182166114861
 30
0.0
  0
SPLINE
  5
254
330
1F
100
AcDbEntity
  8
Default
 62
   178
420
   395273
370
     0
100
AcDbSpline
210
0.0
220
0.0
230
1.0
 70
     8
 71
     3
 72
     8
 73
     4
 74
     0
 42
0.000000001
 43
0.0000000001
 40
23.31383312796522
 40
23.31383312796522
 40
23.31383312796522
 40
23.31383312796522
 40
24.31383312796522
 40
24.31383312796522
 40
24.31383312796522
 40
24.31383312796522
 10
-5.718057569674923
 20
-7.541182166114861
 30
0.0
 10
-5.735896767583642
 20
-7.525585053189205
 30
0.0
 10
-5.758366358392166
 20
-7.514813297074924
 30
0.0
 10
-5.78283432929429
 20
-7.509939199285655
 30
0.0
  0
SPLINE
  5
255
330
1F
100
AcDbEntity
  8
Default
 62
   178
420
   395273
370
     0
100
AcDbSpline
210
0.0
220
0.0
230
1.0
 70
     8
 71
     3
 72
     8
 73
     4
 74
     0
 42
0.000000001
 43
0.0000000001
 40
24.31383312796522
 40
24.31383312796522
 40
24.31383312796522
 40
24.31383312796522
 40
25.31383312796522
 40
25.31383312796522
 40
25.31383312796522
 40
25.31383312796522
 10
-5.78283432929429
 20
-7.509939199285655
 30
0.0
 10
-5.792582524872826
 20
-7.502676793579646
 30
0.0
 10
-5.804231618589175
 20
-7.497753954812485
 30
0.0
 10
-5.816709308929701
 20
-7.495609351785209
 30
0.0
  0
SPLINE
  5
256
330
1F
100
AcDbEntity
  8
Default
 62
   178
420
   395273
370
     0
100
AcDbSpline
210
0.0
220
0.0
230
1.0
 70
     8
 71
     3
 72
     8
 73
     4
 74
     0
 42
0.000000001
 43
0.0000000001
 40
25.31383312796522
 40
25.31383312796522
 40
25.31383312796522
 40
25.31383312796522
 40
26.31383312796522
 40
26.31383312796522
 40
26.31383312796522
 40
26.31383312796522
 10
-5.816709308929701
 20
-7.495609351785209
 30
0.0
 10
-5.849268282162008
 20
-7.490637772040157
 30
0.0
 10
-5.882509629084813
 20
-7.490247844217014
 30
0.0
 10
-5.9152148252508
 20
-7.494634532227356
 30
0.0
  0
SPLINE
  5
257
330
1F
100
AcDbEntity
  8
Default
 62
   178
420
   395273
370
     0
100
AcDbSpline
210
0.0
220
0.0
230
1.0
 70
     8
 71
     3
 72
     8
 73
     4
 74
     0
 42
0.000000001
 43
0.0000000001
 40
26.31383312796522
 40
26.31383312796522
 40
26.31383312796522
 40
26.31383312796522
 40
27.31383312796522
 40
27.31383312796522
 40
27.31383312796522
 40
27.31383312796522
 10
-5.9152148252508
 20
-7.494634532227356
 30
0.0
 10
-6.02429713377461
 20
-7.50911060266148
 30
0.0
 10
-6.134890412613093
 20
-7.513107362848679
 30
0.0
 10
-6.244947540694756
 20
-7.506527330833168
 30
0.0
  0
SPLINE
  5
258
330
1F
100
AcDbEntity
  8
Default
 62
   178
420
   395273
370
     0
100
AcDbSpline
210
0.0
220
0.0
230
1.0
 70
     8
 71
     3
 72
     8
 73
     4
 74
     0
 42
0.000000001
 43
0.0000000001
 40
27.31383312796522
 40
27.31383312796522
 40
27.31383312796522
 40
27.31383312796522
 40
28.31383312796522
 40
28.31383312796522
 40
28.31383312796522
 40
28.31383312796522
 10
-6.244947540694756
 20
-7.506527330833168
 30
0.0
 10
-6.299488694956661
 20
-7.503700354115393
 30
0.0
 10
-6.354029849218566
 20
-7.510524091020367
 30
0.0
 10
-6.40545158089534
 20
-7.526511131769166
 30
0.0
  0
SPLINE
  5
259
330
1F
100
AcDbEntity
  8
Default
 62
   178
420
   395273
370
     0
100
AcDbSpline
210
0.0
220
0.0
230
1.0
 70
     8
 71
     3
 72
     8
 73
     4
 74
     0
 42
0.000000001
 43
0.0000000001
 40
28.31383312796522
 40
28.31383312796522
 40
28.31383312796522
 40
28.31383312796522
 40
29.31383312796522
 40
29.31383312796522
 40
29.31383312796522
 40
29.31383312796522
 10
-6.40545158089534
 20
-7.526511131769166
 30
0.0
 10
-6.432502823625776
 20
-7.536259327347701
 30
0.0
 10
-6.457165758439469
 20
-7.550540433870256
 30
0.0
 10
-6.478075637955429
 20
-7.568477113734761
 30
0.0
  0
SPLINE
  5
25A
330
1F
100
AcDbEntity
  8
Default
 62
   178
420
   395273
370
     0
100
AcDbSpline
210
0.0
220
0.0
230
1.0
 70
     8
 71
     3
 72
     8
 73
     4
 74
     0
 42
0.000000001
 43
0.0000000001
 40
29.31383312796522
 40
29.31383312796522
 40
29.31383312796522
 40
29.31383312796522
 40
30.31383312796522
 40
30.31383312796522
 40
30.31383312796522
 40
30.31383312796522
 10
-6.478075637955429
 20
-7.568477113734761
 30
0.0
 10
-6.515606190932789
 20
-7.618144170207398
 30
0.0
 10
-6.555963720627926
 20
-7.666105292453791
 30
0.0
 10
-6.599002004107159
 20
-7.712165516562369
 30
0.0
  0
SPLINE
  5
25B
330
1F
100
AcDbEntity
  8
Default
 62
   178
420
   395273
370
     0
100
AcDbSpline
210
0.0
220
0.0
230
1.0
 70
     8
 71
     3
 72
     8
 73
     4
 74
     0
 42
0.000000001
 43
0.0000000001
 40
30.31383312796522
 40
30.31383312796522
 40
30.31383312796522
 40
30.31383312796522
 40
31.31383312796522
 40
31.31383312796522
 40
31.31383312796522
 40
31.31383312796522
 10
-6.599002004107159
 20
-7.712165516562369
 30
0.0
 10
-6.618985805043155
 20
-7.72854248513431
 30
0.0
 10
-6.630293711914257
 20
-7.751499485721761
 30
0.0
 10
-6.630244970936364
 20
-7.77552878782285
 30
0.0
  0
LINE
  5
25C
330
1F
100
AcDbEntity
  8
Default
 62
   178
420
   395273
370
     0
100
AcDbLine
 10
-6.630244970936364
 20
-7.77552878782285
 30
0.0
 11
-6.630244970936364
 21
-7.825878217985985
 31
0.0
  0
LINE
  5
25D
330
1F
100
AcDbEntity
  8
Default
 62
   178
420
   395273
370
     0
100
AcDbLine
 10
-6.630244970936364
 20
-7.825878217985985
 30
0.0
 11
-3.060601973010415
 21
-7.825878217985985
 31
0.0
  0
LINE
  5
25E
330
1F
100
AcDbEntity
  8
Default
 62
   178
420
   395273
370
     0
100
AcDbLine
 10
-3.060601973010415
 20
-7.825878217985985
 30
0.0
 11
-3.060601973010415
 21
-7.971759964818766
 31
0.0
  0
LINE
  5
25F
330
1F
100
AcDbEntity
  8
Default
 62
   178
420
   395273
370
     0
100
AcDbLine
 10
-3.060601973010415
 20
-7.971759964818766
 30
0.0
 11
-6.630244970936364
 21
-7.971759964818766
 31
0.0
  0
LINE
  5
260
330
1F
100
AcDbEntity
  8
Default
 62
   178
420
   395273
370
     0
100
AcDbLine
 10
-6.630244970936364
 20
-7.971759964818766
 30
0.0
 11
-6.630001266046899
 21
-8.078843893248976
 31
0.0
  0
SPLINE
  5
261
330
1F
100
AcDbEntity
  8
Default
 62
   178
420
   395273
370
     0
100
AcDbSpline
210
0.0
220
0.0
230
1.0
 70
     8
 71
     3
 72
     8
 73
     4
 74
     0
 42
0.000000001
 43
0.0000000001
 40
184.0108388175345
 40
184.0108388175345
 40
184.0108388175345
 40
184.0108388175345
 40
185.0108388175345
 40
185.0108388175345
 40
185.0108388175345
 40
185.0108388175345
 10
-6.630001266046899
 20
-8.078843893248976
 30
0.0
 10
-6.631366013427895
 20
-8.117203042850512
 30
0.0
 10
-6.627223030307019
 20
-8.15556219245205
 30
0.0
 10
-6.617718539617946
 20
-8.193044004451515
 30
0.0
  0
SPLINE
  5
262
330
1F
100
AcDbEntity
  8
Default
 62
   178
420
   395273
370
     0
100
AcDbSpline
210
0.0
220
0.0
230
1.0
 70
     8
 71
     3
 72
     8
 73
     4
 74
     0
 42
0.000000001
 43
0.0000000001
 40
185.0108388175345
 40
185.0108388175345
 40
185.0108388175345
 40
185.0108388175345
 40
186.0108388175345
 40
186.0108388175345
 40
186.0108388175345
 40
186.0108388175345
 10
-6.617718539617946
 20
-8.193044004451515
 30
0.0
 10
-6.60904264555305
 20
-8.22570045963961
 30
0.0
 10
-6.593981683384213
 20
-8.256699721579354
 30
0.0
 10
-6.573120544846147
 20
-8.284872006801319
 30
0.0
  0
SPLINE
  5
263
330
1F
100
AcDbEntity
  8
Default
 62
   178
420
   395273
370
     0
100
AcDbSpline
210
0.0
220
0.0
230
1.0
 70
     8
 71
     3
 72
     8
 73
     4
 74
     0
 42
0.000000001
 43
0.0000000001
 40
186.0108388175345
 40
186.0108388175345
 40
186.0108388175345
 40
186.0108388175345
 40
187.0108388175345
 40
187.0108388175345
 40
187.0108388175345
 40
187.0108388175345
 10
-6.573120544846147
 20
-8.284872006801319
 30
0.0
 10
-6.551089622838658
 20
-8.312898069089607
 30
0.0
 10
-6.518384426672672
 20
-8.333174315892961
 30
0.0
 10
-6.480853873695311
 20
-8.341947691913642
 30
0.0
  0
SPLINE
  5
264
330
1F
100
AcDbEntity
  8
Default
 62
   178
420
   395273
370
     0
100
AcDbSpline
210
0.0
220
0.0
230
1.0
 70
     8
 71
     3
 72
     8
 73
     4
 74
     0
 42
0.000000001
 43
0.0000000001
 40
187.0108388175345
 40
187.0108388175345
 40
187.0108388175345
 40
187.0108388175345
 40
188.0108388175345
 40
188.0108388175345
 40
188.0108388175345
 40
188.0108388175345
 10
-6.480853873695311
 20
-8.341947691913642
 30
0.0
 10
-6.413688806159202
 20
-8.357008654082481
 30
0.0
 10
-6.345256473197884
 20
-8.36719551846205
 30
0.0
 10
-6.276190507523961
 20
-8.372410803096566
 30
0.0
  0
SPLINE
  5
265
330
1F
100
AcDbEntity
  8
Default
 62
   178
420
   395273
370
     0
100
AcDbSpline
210
0.0
220
0.0
230
1.0
 70
     8
 71
     3
 72
     8
 73
     4
 74
     0
 42
0.000000001
 43
0.0000000001
 40
188.0108388175345
 40
188.0108388175345
 40
188.0108388175345
 40
188.0108388175345
 40
189.0108388175345
 40
189.0108388175345
 40
189.0108388175345
 40
189.0108388175345
 10
-6.276190507523961
 20
-8.372410803096566
 30
0.0
 10
-6.198107460939895
 20
-8.380404323470966
 30
0.0
 10
-6.119439522621114
 20
-8.382938854321385
 30
0.0
 10
-6.040917807236012
 20
-8.379965654669931
 30
0.0
  0
SPLINE
  5
266
330
1F
100
AcDbEntity
  8
Default
 62
   178
420
   395273
370
     0
100
AcDbSpline
210
0.0
220
0.0
230
1.0
 70
     8
 71
     3
 72
     8
 73
     4
 74
     0
 42
0.000000001
 43
0.0000000001
 40
189.0108388175345
 40
189.0108388175345
 40
189.0108388175345
 40
189.0108388175345
 40
190.0108388175345
 40
190.0108388175345
 40
190.0108388175345
 40
190.0108388175345
 10
-6.040917807236012
 20
-8.379965654669931
 30
0.0
 10
-5.945190526654796
 20
-8.374555406123845
 30
0.0
 10
-5.851217921277716
 20
-8.35462034616574
 30
0.0
 10
-5.763240456181435
 20
-8.321086553375578
 30
0.0
  0
SPLINE
  5
267
330
1F
100
AcDbEntity
  8
Default
 62
   178
420
   395273
370
     0
100
AcDbSpline
210
0.0
220
0.0
230
1.0
 70
     8
 71
     3
 72
     8
 73
     4
 74
     0
 42
0.000000001
 43
0.0000000001
 40
190.0108388175345
 40
190.0108388175345
 40
190.0108388175345
 40
190.0108388175345
 40
191.0108388175345
 40
191.0108388175345
 40
191.0108388175345
 40
191.0108388175345
 10
-5.763240456181435
 20
-8.321086553375578
 30
0.0
 10
-5.676286551620899
 20
-8.292085671529437
 30
0.0
 10
-5.588942719237223
 20
-8.26410835021904
 30
0.0
 10
-5.501160218052513
 20
-8.237057107488603
 30
0.0
  0
SPLINE
  5
268
330
1F
100
AcDbEntity
  8
Default
 62
   178
420
   395273
370
     0
100
AcDbSpline
210
0.0
220
0.0
230
1.0
 70
     8
 71
     3
 72
     8
 73
     4
 74
     0
 42
0.000000001
 43
0.0000000001
 40
191.0108388175345
 40
191.0108388175345
 40
191.0108388175345
 40
191.0108388175345
 40
192.0108388175345
 40
192.0108388175345
 40
192.0108388175345
 40
192.0108388175345
 10
-5.501160218052513
 20
-8.237057107488603
 30
0.0
 10
-5.440916369377164
 20
-8.211760539962304
 30
0.0
 10
-5.377163170293544
 20
-8.193385191296764
 30
0.0
 10
-5.311557814050001
 20
-8.18236973029302
 30
0.0
  0
SPLINE
  5
269
330
1F
100
AcDbEntity
  8
Default
 62
   178
420
   395273
370
     0
100
AcDbSpline
210
0.0
220
0.0
230
1.0
 70
     8
 71
     3
 72
     8
 73
     4
 74
     0
 42
0.000000001
 43
0.0000000001
 40
192.0108388175345
 40
192.0108388175345
 40
192.0108388175345
 40
192.0108388175345
 40
193.0108388175345
 40
193.0108388175345
 40
193.0108388175345
 40
193.0108388175345
 10
-5.311557814050001
 20
-8.18236973029302
 30
0.0
 10
-5.252483748844077
 20
-8.173596354272338
 30
0.0
 10
-5.192971014837119
 20
-8.167016322256826
 30
0.0
 10
-5.133312057896483
 20
-8.162580893268593
 30
0.0
  0
SPLINE
  5
26A
330
1F
100
AcDbEntity
  8
Default
 62
   178
420
   395273
370
     0
100
AcDbSpline
210
0.0
220
0.0
230
1.0
 70
     8
 71
     3
 72
     8
 73
     4
 74
     0
 42
0.000000001
 43
0.0000000001
 40
193.0108388175345
 40
193.0108388175345
 40
193.0108388175345
 40
193.0108388175345
 40
194.0108388175345
 40
194.0108388175345
 40
194.0108388175345
 40
194.0108388175345
 10
-5.133312057896483
 20
-8.162580893268593
 30
0.0
 10
-4.930159662039808
 20
-8.14649637056401
 30
0.0
 10
-4.726763561293668
 20
-8.133287565555094
 30
0.0
 10
-4.523123755658066
 20
-8.123051960197634
 30
0.0
  0
SPLINE
  5
26B
330
1F
100
AcDbEntity
  8
Default
 62
   178
420
   395273
370
     0
100
AcDbSpline
210
0.0
220
0.0
230
1.0
 70
     8
 71
     3
 72
     8
 73
     4
 74
     0
 42
0.000000001
 43
0.0000000001
 40
194.0108388175345
 40
194.0108388175345
 40
194.0108388175345
 40
194.0108388175345
 40
195.0108388175345
 40
195.0108388175345
 40
195.0108388175345
 40
195.0108388175345
 10
-4.523123755658066
 20
-8.123051960197634
 30
0.0
 10
-4.427542698010527
 20
-8.12027372445775
 30
0.0
 10
-4.331864158407203
 20
-8.126317605716443
 30
0.0
 10
-4.237794071074338
 20
-8.14118360397371
 30
0.0
  0
SPLINE
  5
26C
330
1F
100
AcDbEntity
  8
Default
 62
   178
420
   395273
370
     0
100
AcDbSpline
210
0.0
220
0.0
230
1.0
 70
     8
 71
     3
 72
     8
 73
     4
 74
     0
 42
0.000000001
 43
0.0000000001
 40
195.0108388175345
 40
195.0108388175345
 40
195.0108388175345
 40
195.0108388175345
 40
196.0108388175345
 40
196.0108388175345
 40
196.0108388175345
 40
196.0108388175345
 10
-4.237794071074338
 20
-8.14118360397371
 30
0.0
 10
-4.149962828911734
 20
-8.143133243089414
 30
0.0
 10
-4.063106406306985
 20
-8.157463090589864
 30
0.0
 10
-3.980490448778898
 20
-8.183685736696123
 30
0.0
  0
SPLINE
  5
26D
330
1F
100
AcDbEntity
  8
Default
 62
   178
420
   395273
370
     0
100
AcDbSpline
210
0.0
220
0.0
230
1.0
 70
     8
 71
     3
 72
     8
 73
     4
 74
     0
 42
0.000000001
 43
0.0000000001
 40
196.0108388175345
 40
196.0108388175345
 40
196.0108388175345
 40
196.0108388175345
 40
197.0108388175345
 40
197.0108388175345
 40
197.0108388175345
 40
197.0108388175345
 10
-3.980490448778898
 20
-8.183685736696123
 30
0.0
 10
-3.921562606506652
 20
-8.2111269072497
 30
0.0
 10
-3.858832967958777
 20
-8.231695599920409
 30
0.0
 10
-3.793861244427839
 20
-8.244855663951434
 30
0.0
  0
SPLINE
  5
26E
330
1F
100
AcDbEntity
  8
Default
 62
   178
420
   395273
370
     0
100
AcDbSpline
210
0.0
220
0.0
230
1.0
 70
     8
 71
     3
 72
     8
 73
     4
 74
     0
 42
0.000000001
 43
0.0000000001
 40
197.0108388175345
 40
197.0108388175345
 40
197.0108388175345
 40
197.0108388175345
 40
198.0108388175345
 40
198.0108388175345
 40
198.0108388175345
 40
198.0108388175345
 10
-3.793861244427839
 20
-8.244855663951434
 30
0.0
 10
-3.777484275855901
 20
-8.247487676757636
 30
0.0
 10
-3.760814861416605
 20
-8.248121309470239
 30
0.0
 10
-3.744242928933095
 20
-8.246707821111352
 30
0.0
  0
SPLINE
  5
26F
330
1F
100
AcDbEntity
  8
Default
 62
   178
420
   395273
370
     0
100
AcDbSpline
210
0.0
220
0.0
230
1.0
 70
     8
 71
     3
 72
     8
 73
     4
 74
     0
 42
0.000000001
 43
0.0000000001
 40
198.0108388175345
 40
198.0108388175345
 40
198.0108388175345
 40
198.0108388175345
 40
199.0108388175345
 40
199.0108388175345
 40
199.0108388175345
 40
199.0108388175345
 10
-3.744242928933095
 20
-8.246707821111352
 30
0.0
 10
-3.661870676294471
 20
-8.234327612726615
 30
0.0
 10
-3.581301839837878
 20
-8.214148847879047
 30
0.0
 10
-3.503901166944308
 20
-8.186561454391791
 30
0.0
  0
SPLINE
  5
270
330
1F
100
AcDbEntity
  8
Default
 62
   178
420
   395273
370
     0
100
AcDbSpline
210
0.0
220
0.0
230
1.0
 70
     8
 71
     3
 72
     8
 73
     4
 74
     0
 42
0.000000001
 43
0.0000000001
 40
199.0108388175345
 40
199.0108388175345
 40
199.0108388175345
 40
199.0108388175345
 40
200.0108388175345
 40
200.0108388175345
 40
200.0108388175345
 40
200.0108388175345
 10
-3.503901166944308
 20
-8.186561454391791
 30
0.0
 10
-3.438247069722872
 20
-8.174424950896515
 30
0.0
 10
-3.371423189032013
 20
-8.167942400836788
 30
0.0
 10
-3.30435560345169
 20
-8.16726002714629
 30
0.0
  0
SPLINE
  5
271
330
1F
100
AcDbEntity
  8
Default
 62
   178
420
   395273
370
     0
100
AcDbSpline
210
0.0
220
0.0
230
1.0
 70
     8
 71
     3
 72
     8
 73
     4
 74
     0
 42
0.000000001
 43
0.0000000001
 40
200.0108388175345
 40
200.0108388175345
 40
200.0108388175345
 40
200.0108388175345
 40
201.0108388175345
 40
201.0108388175345
 40
201.0108388175345
 40
201.0108388175345
 10
-3.30435560345169
 20
-8.16726002714629
 30
0.0
 10
-3.263266959088163
 20
-8.16067999513078
 30
0.0
 10
-3.221349718100462
 20
-8.15926650677189
 30
0.0
 10
-3.179822404935902
 20
-8.163117044025414
 30
0.0
  0
SPLINE
  5
272
330
1F
100
AcDbEntity
  8
Default
 62
   178
420
   395273
370
     0
100
AcDbSpline
210
0.0
220
0.0
230
1.0
 70
     8
 71
     3
 72
     8
 73
     4
 74
     0
 42
0.000000001
 43
0.0000000001
 40
201.0108388175345
 40
201.0108388175345
 40
201.0108388175345
 40
201.0108388175345
 40
202.0108388175345
 40
202.0108388175345
 40
202.0108388175345
 40
202.0108388175345
 10
-3.179822404935902
 20
-8.163117044025414
 30
0.0
 10
-3.077612574294958
 20
-8.17632584903433
 30
0.0
 10
-2.976182599300299
 20
-8.194067564987263
 30
0.0
 10
-2.876019889730849
 20
-8.216342191884216
 30
0.0
  0
SPLINE
  5
273
330
1F
100
AcDbEntity
  8
Default
 62
   178
420
   395273
370
     0
100
AcDbSpline
210
0.0
220
0.0
230
1.0
 70
     8
 71
     3
 72
     8
 73
     4
 74
     0
 42
0.000000001
 43
0.0000000001
 40
202.0108388175345
 40
202.0108388175345
 40
202.0108388175345
 40
202.0108388175345
 40
203.0108388175345
 40
203.0108388175345
 40
203.0108388175345
 40
203.0108388175345
 10
-2.876019889730849
 20
-8.216342191884216
 30
0.0
 10
-2.65897631517476
 20
-8.252215551613228
 30
0.0
 10
-2.440665475193463
 20
-8.281947548127759
 30
0.0
 10
-2.221428556632203
 20
-8.305538181427815
 30
0.0
  0
SPLINE
  5
274
330
1F
100
AcDbEntity
  8
Default
 62
   178
420
   395273
370
     0
100
AcDbSpline
210
0.0
220
0.0
230
1.0
 70
     8
 71
     3
 72
     8
 73
     4
 74
     0
 42
0.000000001
 43
0.0000000001
 40
203.0108388175345
 40
203.0108388175345
 40
203.0108388175345
 40
203.0108388175345
 40
204.0108388175345
 40
204.0108388175345
 40
204.0108388175345
 40
204.0108388175345
 10
-2.221428556632203
 20
-8.305538181427815
 30
0.0
 10
-2.038991076379915
 20
-8.337853449770657
 30
0.0
 10
-1.858015825464407
 20
-8.376163858394301
 30
0.0
 10
-1.678843990730928
 20
-8.420274443387175
 30
0.0
  0
SPLINE
  5
275
330
1F
100
AcDbEntity
  8
Default
 62
   178
420
   395273
370
     0
100
AcDbSpline
210
0.0
220
0.0
230
1.0
 70
     8
 71
     3
 72
     8
 73
     4
 74
     0
 42
0.000000001
 43
0.0000000001
 40
204.0108388175345
 40
204.0108388175345
 40
204.0108388175345
 40
204.0108388175345
 40
205.0108388175345
 40
205.0108388175345
 40
205.0108388175345
 40
205.0108388175345
 10
-1.678843990730928
 20
-8.420274443387175
 30
0.0
 10
-1.579314913874082
 20
-8.44440122744405
 30
0.0
 10
-1.478421089636242
 20
-8.463702654689548
 30
0.0
 10
-1.376503704862655
 20
-8.478178725123675
 30
0.0
  0
SPLINE
  5
276
330
1F
100
AcDbEntity
  8
Default
 62
   178
420
   395273
370
     0
100
AcDbSpline
210
0.0
220
0.0
230
1.0
 70
     8
 71
     3
 72
     8
 73
     4
 74
     0
 42
0.000000001
 43
0.0000000001
 40
205.0108388175345
 40
205.0108388175345
 40
205.0108388175345
 40
205.0108388175345
 40
206.0108388175345
 40
206.0108388175345
 40
206.0108388175345
 40
206.0108388175345
 10
-1.376503704862655
 20
-8.478178725123675
 30
0.0
 10
-1.262011147792759
 20
-8.494263247828256
 30
0.0
 10
-1.145910138452403
 20
-8.499429791484882
 30
0.0
 10
-1.030150315957296
 20
-8.493580874137761
 30
0.0
  0
SPLINE
  5
277
330
1F
100
AcDbEntity
  8
Default
 62
   178
420
   395273
370
     0
100
AcDbSpline
210
0.0
220
0.0
230
1.0
 70
     8
 71
     3
 72
     8
 73
     4
 74
     0
 42
0.000000001
 43
0.0000000001
 40
206.0108388175345
 40
206.0108388175345
 40
206.0108388175345
 40
206.0108388175345
 40
207.0108388175345
 40
207.0108388175345
 40
207.0108388175345
 40
207.0108388175345
 10
-1.030150315957296
 20
-8.493580874137761
 30
0.0
 10
-0.9358852647128602
 20
-8.487780697768532
 30
0.0
 10
-0.8427412559599553
 20
-8.472037361909198
 30
0.0
 10
-0.7527654107700743
 20
-8.446692053405004
 30
0.0
  0
SPLINE
  5
278
330
1F
100
AcDbEntity
  8
Default
 62
   178
420
   395273
370
     0
100
AcDbSpline
210
0.0
220
0.0
230
1.0
 70
     8
 71
     3
 72
     8
 73
     4
 74
     0
 42
0.000000001
 43
0.0000000001
 40
207.0108388175345
 40
207.0108388175345
 40
207.0108388175345
 40
207.0108388175345
 40
208.0108388175345
 40
208.0108388175345
 40
208.0108388175345
 40
208.0108388175345
 10
-0.7527654107700743
 20
-8.446692053405004
 30
0.0
 10
-0.6221883309955938
 20
-8.41072121172021
 30
0.0
 10
-0.4894179072159435
 20
-8.380891733249893
 30
0.0
 10
-0.3551852540995128
 20
-8.357447322883516
 30
0.0
  0
LINE
  5
279
330
1F
100
AcDbEntity
  8
Default
 62
   178
420
   395273
370
     0
100
AcDbLine
 10
-0.3551852540995128
 20
-8.357447322883516
 30
0.0
 11
-0.3551852540995128
 21
-7.337981029280294
 31
0.0
  0
LINE
  5
27A
330
1F
100
AcDbEntity
  8
Default
 62
   178
420
   395273
370
     0
100
AcDbLine
 10
-0.3551852540995128
 20
-7.337981029280294
 30
0.0
 11
-0.1890760014412706
 21
-7.337981029280294
 31
0.0
  0
LINE
  5
27B
330
1F
100
AcDbEntity
  8
Default
 62
   178
420
   395273
370
     0
100
AcDbLine
 10
-0.1890760014412706
 20
-7.337981029280294
 30
0.0
 11
-0.1890760014412706
 21
-8.34750416339341
 31
0.0
  0
SPLINE
  5
27C
330
1F
100
AcDbEntity
  8
Default
 62
   178
420
   395273
370
     0
100
AcDbSpline
210
0.0
220
0.0
230
1.0
 70
     8
 71
     3
 72
     8
 73
     4
 74
     0
 42
0.000000001
 43
0.0000000001
 40
253.0468388175345
 40
253.0468388175345
 40
253.0468388175345
 40
253.0468388175345
 40
254.0468388175345
 40
254.0468388175345
 40
254.0468388175345
 40
254.0468388175345
 10
-0.1890760014412706
 20
-8.34750416339341
 30
0.0
 10
-0.058255216777327
 20
-8.354425382254169
 30
0.0
 10
0.0727117908202954
 20
-8.359104516131866
 30
0.0
 10
0.2037275393958093
 20
-8.361590306004393
 30
0.0
  0
SPLINE
  5
27D
330
1F
100
AcDbEntity
  8
Default
 62
   178
420
   395273
370
     0
100
AcDbSpline
210
0.0
220
0.0
230
1.0
 70
     8
 71
     3
 72
     8
 73
     4
 74
     0
 42
0.000000001
 43
0.0000000001
 40
254.0468388175345
 40
254.0468388175345
 40
254.0468388175345
 40
254.0468388175345
 40
255.0468388175345
 40
255.0468388175345
 40
255.0468388175345
 40
255.0468388175345
 10
0.2037275393958093
 20
-8.361590306004393
 30
0.0
 10
0.2563677955198991
 20
-8.361249119159144
 30
0.0
 10
0.3090080516439904
 20
-8.35861710635294
 30
0.0
 10
0.3613558619007242
 20
-8.353645526607885
 30
0.0
  0
SPLINE
  5
27E
330
1F
100
AcDbEntity
  8
Default
 62
   178
420
   395273
370
     0
100
AcDbSpline
210
0.0
220
0.0
230
1.0
 70
     8
 71
     3
 72
     8
 73
     4
 74
     0
 42
0.000000001
 43
0.0000000001
 40
255.0468388175345
 40
255.0468388175345
 40
255.0468388175345
 40
255.0468388175345
 40
256.0468388175345
 40
256.0468388175345
 40
256.0468388175345
 40
256.0468388175345
 10
0.3613558619007242
 20
-8.353645526607885
 30
0.0
 10
0.4815998543619577
 20
-8.340631685510541
 30
0.0
 10
0.602136292690546
 20
-8.330103634285722
 30
0.0
 10
0.7229164359085988
 20
-8.322061372933433
 30
0.0
  0
SPLINE
  5
27F
330
1F
100
AcDbEntity
  8
Default
 62
   178
420
   395273
370
     0
100
AcDbSpline
210
0.0
220
0.0
230
1.0
 70
     8
 71
     3
 72
     8
 73
     4
 74
     0
 42
0.000000001
 43
0.0000000001
 40
256.0468388175345
 40
256.0468388175345
 40
256.0468388175345
 40
256.0468388175345
 40
257.0468388175345
 40
257.0468388175345
 40
257.0468388175345
 40
257.0468388175345
 10
0.7229164359085988
 20
-8.322061372933433
 30
0.0
 10
0.8273196105547117
 20
-8.319331878171441
 30
0.0
 10
0.931674044222933
 20
-8.315773786785277
 30
0.0
 10
1.03597973691326
 20
-8.311435839752829
 30
0.0
  0
SPLINE
  5
280
330
1F
100
AcDbEntity
  8
Default
 62
   178
420
   395273
370
     0
100
AcDbSpline
210
0.0
220
0.0
230
1.0
 70
     8
 71
     3
 72
     8
 73
     4
 74
     0
 42
0.000000001
 43
0.0000000001
 40
257.0468388175345
 40
257.0468388175345
 40
257.0468388175345
 40
257.0468388175345
 40
258.0468388175345
 40
258.0468388175345
 40
258.0468388175345
 40
258.0468388175345
 10
1.03597973691326
 20
-8.311435839752829
 30
0.0
 10
1.142819960454007
 20
-8.307049151742488
 30
0.0
 10
1.248831587370579
 20
-8.293157973043074
 30
0.0
 10
1.352503647348303
 20
-8.270200972455624
 30
0.0
  0
SPLINE
  5
281
330
1F
100
AcDbEntity
  8
Default
 62
   178
420
   395273
370
     0
100
AcDbSpline
210
0.0
220
0.0
230
1.0
 70
     8
 71
     3
 72
     8
 73
     4
 74
     0
 42
0.000000001
 43
0.0000000001
 40
258.0468388175345
 40
258.0468388175345
 40
258.0468388175345
 40
258.0468388175345
 40
259.0468388175345
 40
259.0468388175345
 40
259.0468388175345
 40
259.0468388175345
 10
1.352503647348303
 20
-8.270200972455624
 30
0.0
 10
1.465095306280384
 20
-8.241638759410515
 30
0.0
 10
1.575639844140974
 20
-8.20732511097407
 30
0.0
 10
1.683649851151146
 20
-8.167308768124185
 30
0.0
  0
SPLINE
  5
282
330
1F
100
AcDbEntity
  8
Default
 62
   178
420
   395273
370
     0
100
AcDbSpline
210
0.0
220
0.0
230
1.0
 70
     8
 71
     3
 72
     8
 73
     4
 74
     0
 42
0.000000001
 43
0.0000000001
 40
259.0468388175345
 40
259.0468388175345
 40
259.0468388175345
 40
259.0468388175345
 40
260.0468388175345
 40
260.0468388175345
 40
260.0468388175345
 40
260.0468388175345
 10
1.683649851151146
 20
-8.167308768124185
 30
0.0
 10
1.854389496709191
 20
-8.106382545758338
 30
0.0
 10
2.020644972301111
 20
-8.03614679661499
 30
0.0
 10
2.181392717391158
 20
-7.95694270753939
 30
0.0
  0
SPLINE
  5
283
330
1F
100
AcDbEntity
  8
Default
 62
   178
420
   395273
370
     0
100
AcDbSpline
210
0.0
220
0.0
230
1.0
 70
     8
 71
     3
 72
     8
 73
     4
 74
     0
 42
0.000000001
 43
0.0000000001
 40
260.0468388175345
 40
260.0468388175345
 40
260.0468388175345
 40
260.0468388175345
 40
261.0468388175345
 40
261.0468388175345
 40
261.0468388175345
 40
261.0468388175345
 10
2.181392717391158
 20
-7.95694270753939
 30
0.0
 10
2.281019276203789
 20
-7.902547776211165
 30
0.0
 10
2.379671015458567
 20
-7.846690615546157
 30
0.0
 10
2.477299194177598
 20
-7.789517448478047
 30
0.0
  0
SPLINE
  5
284
330
1F
100
AcDbEntity
  8
Default
 62
   178
420
   395273
370
     0
100
AcDbSpline
210
0.0
220
0.0
230
1.0
 70
     8
 71
     3
 72
     8
 73
     4
 74
     0
 42
0.000000001
 43
0.0000000001
 40
261.0468388175345
 40
261.0468388175345
 40
261.0468388175345
 40
261.0468388175345
 40
262.0468388175345
 40
262.0468388175345
 40
262.0468388175345
 40
262.0468388175345
 10
2.477299194177598
 20
-7.789517448478047
 30
0.0
 10
2.615869794326476
 20
-7.704805628900576
 30
0.0
 10
2.739964324041231
 20
-7.603278171950131
 30
0.0
 10
2.846073432913588
 20
-7.48795701825606
 30
0.0
  0
SPLINE
  5
285
330
1F
100
AcDbEntity
  8
Default
 62
   178
420
   395273
370
     0
100
AcDbSpline
210
0.0
220
0.0
230
1.0
 70
     8
 71
     3
 72
     8
 73
     4
 74
     0
 42
0.000000001
 43
0.0000000001
 40
262.0468388175345
 40
262.0468388175345
 40
262.0468388175345
 40
262.0468388175345
 40
263.0468388175345
 40
263.0468388175345
 40
263.0468388175345
 40
263.0468388175345
 10
2.846073432913588
 20
-7.48795701825606
 30
0.0
 10
2.958567609889885
 20
-7.360938029867742
 30
0.0
 10
3.040306229815904
 20
-7.215153764990747
 30
0.0
 10
3.086366453924483
 20
-7.059475081601541
 30
0.0
  0
SPLINE
  5
286
330
1F
100
AcDbEntity
  8
Default
 62
   178
420
   395273
370
     0
100
AcDbSpline
210
0.0
220
0.0
230
1.0
 70
     8
 71
     3
 72
     8
 73
     4
 74
     0
 42
0.000000001
 43
0.0000000001
 40
263.0468388175345
 40
263.0468388175345
 40
263.0468388175345
 40
263.0468388175345
 40
264.0468388175345
 40
264.0468388175345
 40
264.0468388175345
 40
264.0468388175345
 10
3.086366453924483
 20
-7.059475081601541
 30
0.0
 10
3.109567159401397
 20
-6.986363614762526
 30
0.0
 10
3.124286934724986
 20
-6.911399990763589
 30
0.0
 10
3.130330815983676
 20
-6.835656511118368
 30
0.0
  0
SPLINE
  5
287
330
1F
100
AcDbEntity
  8
Default
 62
   178
420
   395273
370
     0
100
AcDbSpline
210
0.0
220
0.0
230
1.0
 70
     8
 71
     3
 72
     8
 73
     4
 74
     0
 42
0.000000001
 43
0.0000000001
 40
264.0468388175345
 40
264.0468388175345
 40
264.0468388175345
 40
264.0468388175345
 40
265.0468388175345
 40
265.0468388175345
 40
265.0468388175345
 40
265.0468388175345
 10
3.130330815983676
 20
-6.835656511118368
 30
0.0
 10
3.135692323551872
 20
-6.781602766635391
 30
0.0
 10
3.139201673960144
 20
-6.727402799218734
 30
0.0
 10
3.14090760818639
 20
-6.673154090824184
 30
0.0
  0
LINE
  5
288
330
1F
100
AcDbEntity
  8
Default
 62
   178
420
   395273
370
     0
100
AcDbLine
 10
3.14090760818639
 20
-6.673154090824184
 30
0.0
 11
0.4388540167500813
 21
-6.673154090824184
 31
0.0
  0
LINE
  5
289
330
1F
100
AcDbEntity
  8
Default
 62
   178
420
   395273
370
     0
100
AcDbLine
 10
0.4388540167500813
 20
-6.673154090824184
 30
0.0
 11
0.4056614108051681
 21
-6.673154090824184
 31
0.0
  0
LINE
  5
28A
330
1F
100
AcDbEntity
  8
Default
 62
   178
420
   395273
370
     0
100
AcDbLine
 10
0.4056614108051681
 20
-6.673154090824184
 30
0.0
 11
0.4056614108051681
 21
-6.527321084969298
 31
0.0
  0
LINE
  5
28B
330
1F
100
AcDbEntity
  8
Default
 62
   178
420
   395273
370
     0
100
AcDbLine
 10
0.4056614108051681
 20
-6.527321084969298
 30
0.0
 11
3.14090760818639
 21
-6.527321084969298
 31
0.0
  0
SPLINE
  5
28C
330
1F
100
AcDbEntity
  8
Default
 62
   178
420
   395273
370
     0
100
AcDbSpline
210
0.0
220
0.0
230
1.0
 70
     8
 71
     3
 72
     8
 73
     4
 74
     0
 42
0.000000001
 43
0.0000000001
 40
380.2748388175346
 40
380.2748388175346
 40
380.2748388175346
 40
380.2748388175346
 40
381.2748388175346
 40
381.2748388175346
 40
381.2748388175346
 40
381.2748388175346
 10
3.14090760818639
 20
-6.527321084969298
 30
0.0
 10
3.139201673960144
 20
-6.47312111755264
 30
0.0
 10
3.135692323551872
 20
-6.418872409158092
 30
0.0
 10
3.130330815983676
 20
-6.364818664675115
 30
0.0
  0
SPLINE
  5
28D
330
1F
100
AcDbEntity
  8
Default
 62
   178
420
   395273
370
     0
100
AcDbSpline
210
0.0
220
0.0
230
1.0
 70
     8
 71
     3
 72
     8
 73
     4
 74
     0
 42
0.000000001
 43
0.0000000001
 40
381.2748388175346
 40
381.2748388175346
 40
381.2748388175346
 40
381.2748388175346
 40
382.2748388175346
 40
382.2748388175346
 40
382.2748388175346
 40
382.2748388175346
 10
3.130330815983676
 20
-6.364818664675115
 30
0.0
 10
3.124286934724986
 20
-6.289123926007788
 30
0.0
 10
3.109567159401397
 20
-6.214160302008851
 30
0.0
 10
3.086366453924483
 20
-6.141048835169836
 30
0.0
  0
SPLINE
  5
28E
330
1F
100
AcDbEntity
  8
Default
 62
   178
420
   395273
370
     0
100
AcDbSpline
210
0.0
220
0.0
230
1.0
 70
     8
 71
     3
 72
     8
 73
     4
 74
     0
 42
0.000000001
 43
0.0000000001
 40
382.2748388175346
 40
382.2748388175346
 40
382.2748388175346
 40
382.2748388175346
 40
383.2748388175346
 40
383.2748388175346
 40
383.2748388175346
 40
383.2748388175346
 10
3.086366453924483
 20
-6.141048835169836
 30
0.0
 10
3.040306229815904
 20
-5.985370151780627
 30
0.0
 10
2.958567609889885
 20
-5.839585886903632
 30
0.0
 10
2.846073432913588
 20
-5.712518157537423
 30
0.0
  0
SPLINE
  5
28F
330
1F
100
AcDbEntity
  8
Default
 62
   178
420
   395273
370
     0
100
AcDbSpline
210
0.0
220
0.0
230
1.0
 70
     8
 71
     3
 72
     8
 73
     4
 74
     0
 42
0.000000001
 43
0.0000000001
 40
383.2748388175346
 40
383.2748388175346
 40
383.2748388175346
 40
383.2748388175346
 40
384.2748388175346
 40
384.2748388175346
 40
384.2748388175346
 40
384.2748388175346
 10
2.846073432913588
 20
-5.712518157537423
 30
0.0
 10
2.739964324041231
 20
-5.597197003843351
 30
0.0
 10
2.615869794326476
 20
-5.495718287870798
 30
0.0
 10
2.477299194177598
 20
-5.411006468293327
 30
0.0
  0
SPLINE
  5
290
330
1F
100
AcDbEntity
  8
Default
 62
   178
420
   395273
370
     0
100
AcDbSpline
210
0.0
220
0.0
230
1.0
 70
     8
 71
     3
 72
     8
 73
     4
 74
     0
 42
0.000000001
 43
0.0000000001
 40
384.2748388175346
 40
384.2748388175346
 40
384.2748388175346
 40
384.2748388175346
 40
385.2748388175346
 40
385.2748388175346
 40
385.2748388175346
 40
385.2748388175346
 10
2.477299194177598
 20
-5.411006468293327
 30
0.0
 10
2.379671015458567
 20
-5.353833301225217
 30
0.0
 10
2.281019276203789
 20
-5.297976140560209
 30
0.0
 10
2.181392717391158
 20
-5.243532468254092
 30
0.0
  0
SPLINE
  5
291
330
1F
100
AcDbEntity
  8
Default
 62
   178
420
   395273
370
     0
100
AcDbSpline
210
0.0
220
0.0
230
1.0
 70
     8
 71
     3
 72
     8
 73
     4
 74
     0
 42
0.000000001
 43
0.0000000001
 40
385.2748388175346
 40
385.2748388175346
 40
385.2748388175346
 40
385.2748388175346
 40
386.2748388175346
 40
386.2748388175346
 40
386.2748388175346
 40
386.2748388175346
 10
2.181392717391158
 20
-5.243532468254092
 30
0.0
 10
2.020644972301111
 20
-5.164377120156384
 30
0.0
 10
1.854389496709191
 20
-5.094092630035144
 30
0.0
 10
1.683649851151146
 20
-5.033215148647193
 30
0.0
  0
SPLINE
  5
292
330
1F
100
AcDbEntity
  8
Default
 62
   178
420
   395273
370
     0
100
AcDbSpline
210
0.0
220
0.0
230
1.0
 70
     8
 71
     3
 72
     8
 73
     4
 74
     0
 42
0.000000001
 43
0.0000000001
 40
386.2748388175346
 40
386.2748388175346
 40
386.2748388175346
 40
386.2748388175346
 40
387.2748388175346
 40
387.2748388175346
 40
387.2748388175346
 40
387.2748388175346
 10
1.683649851151146
 20
-5.033215148647193
 30
0.0
 10
1.575639844140974
 20
-4.993198805797304
 30
0.0
 10
1.465095306280384
 20
-4.958836416382968
 30
0.0
 10
1.352503647348303
 20
-4.93032294431575
 30
0.0
  0
SPLINE
  5
293
330
1F
100
AcDbEntity
  8
Default
 62
   178
420
   395273
370
     0
100
AcDbSpline
210
0.0
220
0.0
230
1.0
 70
     8
 71
     3
 72
     8
 73
     4
 74
     0
 42
0.000000001
 43
0.0000000001
 40
387.2748388175346
 40
387.2748388175346
 40
387.2748388175346
 40
387.2748388175346
 40
388.2748388175346
 40
388.2748388175346
 40
388.2748388175346
 40
388.2748388175346
 10
1.352503647348303
 20
-4.93032294431575
 30
0.0
 10
1.248831587370579
 20
-4.907365943728302
 30
0.0
 10
1.142819960454007
 20
-4.893474765028889
 30
0.0
 10
1.03597973691326
 20
-4.889088077018548
 30
0.0
  0
SPLINE
  5
294
330
1F
100
AcDbEntity
  8
Default
 62
   178
420
   395273
370
     0
100
AcDbSpline
210
0.0
220
0.0
230
1.0
 70
     8
 71
     3
 72
     8
 73
     4
 74
     0
 42
0.000000001
 43
0.0000000001
 40
388.2748388175346
 40
388.2748388175346
 40
388.2748388175346
 40
388.2748388175346
 40
389.2748388175346
 40
389.2748388175346
 40
389.2748388175346
 40
389.2748388175346
 10
1.03597973691326
 20
-4.889088077018548
 30
0.0
 10
0.931674044222933
 20
-4.884750129986098
 30
0.0
 10
0.8273196105547117
 20
-4.881143297622041
 30
0.0
 10
0.7229164359085988
 20
-4.87841380286005
 30
0.0
  0
SPLINE
  5
295
330
1F
100
AcDbEntity
  8
Default
 62
   178
420
   395273
370
     0
100
AcDbSpline
210
0.0
220
0.0
230
1.0
 70
     8
 71
     3
 72
     8
 73
     4
 74
     0
 42
0.000000001
 43
0.0000000001
 40
389.2748388175346
 40
389.2748388175346
 40
389.2748388175346
 40
389.2748388175346
 40
390.2748388175346
 40
390.2748388175346
 40
390.2748388175346
 40
390.2748388175346
 10
0.7229164359085988
 20
-4.87841380286005
 30
0.0
 10
0.602136292690546
 20
-4.870420282485652
 30
0.0
 10
0.4815998543619577
 20
-4.859892231260833
 30
0.0
 10
0.3613558619007242
 20
-4.846878390163488
 30
0.0
  0
SPLINE
  5
296
330
1F
100
AcDbEntity
  8
Default
 62
   178
420
   395273
370
     0
100
AcDbSpline
210
0.0
220
0.0
230
1.0
 70
     8
 71
     3
 72
     8
 73
     4
 74
     0
 42
0.000000001
 43
0.0000000001
 40
390.2748388175346
 40
390.2748388175346
 40
390.2748388175346
 40
390.2748388175346
 40
391.2748388175346
 40
391.2748388175346
 40
391.2748388175346
 40
391.2748388175346
 10
0.3613558619007242
 20
-4.846878390163488
 30
0.0
 10
0.3090080516439904
 20
-4.841906810418437
 30
0.0
 10
0.2563677955198991
 20
-4.839226056634339
 30
0.0
 10
0.2037275393958093
 20
-4.838933610766982
 30
0.0
  0
SPLINE
  5
297
330
1F
100
AcDbEntity
  8
Default
 62
   178
420
   395273
370
     0
100
AcDbSpline
210
0.0
220
0.0
230
1.0
 70
     8
 71
     3
 72
     8
 73
     4
 74
     0
 42
0.000000001
 43
0.0000000001
 40
391.2748388175346
 40
391.2748388175346
 40
391.2748388175346
 40
391.2748388175346
 40
392.2748388175346
 40
392.2748388175346
 40
392.2748388175346
 40
392.2748388175346
 10
0.2037275393958093
 20
-4.838933610766982
 30
0.0
 10
0.0727117908202954
 20
-4.841370659661616
 30
0.0
 10
-0.058255216777327
 20
-4.846098534517208
 30
0.0
 10
-0.1890760014412706
 20
-4.853019753377968
 30
0.0
  0
LINE
  5
298
330
1F
100
AcDbEntity
  8
Default
 62
   178
420
   395273
370
     0
100
AcDbLine
 10
-0.1890760014412706
 20
-4.853019753377968
 30
0.0
 11
-0.1890760014412706
 21
-5.862494146513188
 31
0.0
  0
LINE
  5
299
330
1F
100
AcDbEntity
  8
Default
 62
   178
420
   395273
370
     0
100
AcDbLine
 10
-0.1890760014412706
 20
-5.862494146513188
 30
0.0
 11
-0.3551852540995128
 21
-5.862494146513188
 31
0.0
  0
LINE
  5
29A
330
1F
100
AcDbEntity
  8
Default
 62
   178
420
   395273
370
     0
100
AcDbLine
 10
-0.3551852540995128
 20
-5.862494146513188
 30
0.0
 11
-0.3551852540995128
 21
-4.843027852909967
 31
0.0
  0
SPLINE
  5
29B
330
1F
100
AcDbEntity
  8
Default
 62
   178
420
   395273
370
     0
100
AcDbSpline
210
0.0
220
0.0
230
1.0
 70
     8
 71
     3
 72
     8
 73
     4
 74
     0
 42
0.000000001
 43
0.0000000001
 40
437.3098388175346
 40
437.3098388175346
 40
437.3098388175346
 40
437.3098388175346
 40
438.3098388175346
 40
438.3098388175346
 40
438.3098388175346
 40
438.3098388175346
 10
-0.3551852540995128
 20
-4.843027852909967
 30
0.0
 10
-0.4894179072159435
 20
-4.81958344254359
 30
0.0
 10
-0.6221883309955938
 20
-4.789802705051165
 30
0.0
 10
-0.7527654107700743
 20
-4.753831863366369
 30
0.0
  0
SPLINE
  5
29C
330
1F
100
AcDbEntity
  8
Default
 62
   178
420
   395273
370
     0
100
AcDbSpline
210
0.0
220
0.0
230
1.0
 70
     8
 71
     3
 72
     8
 73
     4
 74
     0
 42
0.000000001
 43
0.0000000001
 40
438.3098388175346
 40
438.3098388175346
 40
438.3098388175346
 40
438.3098388175346
 40
439.3098388175346
 40
439.3098388175346
 40
439.3098388175346
 40
439.3098388175346
 10
-0.7527654107700743
 20
-4.753831863366369
 30
0.0
 10
-0.8427412559599553
 20
-4.728486554862179
 30
0.0
 10
-0.9358852647128602
 20
-4.712694478024951
 30
0.0
 10
-1.030150315957296
 20
-4.706894301655721
 30
0.0
  0
SPLINE
  5
29D
330
1F
100
AcDbEntity
  8
Default
 62
   178
420
   395273
370
     0
100
AcDbSpline
210
0.0
220
0.0
230
1.0
 70
     8
 71
     3
 72
     8
 73
     4
 74
     0
 42
0.000000001
 43
0.0000000001
 40
439.3098388175346
 40
439.3098388175346
 40
439.3098388175346
 40
439.3098388175346
 40
440.3098388175346
 40
440.3098388175346
 40
440.3098388175346
 40
440.3098388175346
 10
-1.030150315957296
 20
-4.706894301655721
 30
0.0
 10
-1.145910138452403
 20
-4.701094125286494
 30
0.0
 10
-1.262011147792759
 20
-4.706260668943117
 30
0.0
 10
-1.376503704862655
 20
-4.7223451916477
 30
0.0
  0
SPLINE
  5
29E
330
1F
100
AcDbEntity
  8
Default
 62
   178
420
   395273
370
     0
100
AcDbSpline
210
0.0
220
0.0
230
1.0
 70
     8
 71
     3
 72
     8
 73
     4
 74
     0
 42
0.000000001
 43
0.0000000001
 40
440.3098388175346
 40
440.3098388175346
 40
440.3098388175346
 40
440.3098388175346
 40
441.3098388175346
 40
441.3098388175346
 40
441.3098388175346
 40
441.3098388175346
 10
-1.376503704862655
 20
-4.7223451916477
 30
0.0
 10
-1.478421089636242
 20
-4.736821262081826
 30
0.0
 10
-1.579314913874082
 20
-4.756122689327326
 30
0.0
 10
-1.678843990730928
 20
-4.780249473384199
 30
0.0
  0
SPLINE
  5
29F
330
1F
100
AcDbEntity
  8
Default
 62
   178
420
   395273
370
     0
100
AcDbSpline
210
0.0
220
0.0
230
1.0
 70
     8
 71
     3
 72
     8
 73
     4
 74
     0
 42
0.000000001
 43
0.0000000001
 40
441.3098388175346
 40
441.3098388175346
 40
441.3098388175346
 40
441.3098388175346
 40
442.3098388175346
 40
442.3098388175346
 40
442.3098388175346
 40
442.3098388175346
 10
-1.678843990730928
 20
-4.780249473384199
 30
0.0
 10
-1.858015825464407
 20
-4.824360058377072
 30
0.0
 10
-2.038991076379915
 20
-4.862621726022825
 30
0.0
 10
-2.221428556632203
 20
-4.894985735343561
 30
0.0
  0
SPLINE
  5
2A0
330
1F
100
AcDbEntity
  8
Default
 62
   178
420
   395273
370
     0
100
AcDbSpline
210
0.0
220
0.0
230
1.0
 70
     8
 71
     3
 72
     8
 73
     4
 74
     0
 42
0.000000001
 43
0.0000000001
 40
442.3098388175346
 40
442.3098388175346
 40
442.3098388175346
 40
442.3098388175346
 40
443.3098388175346
 40
443.3098388175346
 40
443.3098388175346
 40
443.3098388175346
 10
-2.221428556632203
 20
-4.894985735343561
 30
0.0
 10
-2.440665475193463
 20
-4.918527627665725
 30
0.0
 10
-2.65897631517476
 20
-4.948259624180255
 30
0.0
 10
-2.876019889730849
 20
-4.984181724887159
 30
0.0
  0
SPLINE
  5
2A1
330
1F
100
AcDbEntity
  8
Default
 62
   178
420
   395273
370
     0
100
AcDbSpline
210
0.0
220
0.0
230
1.0
 70
     8
 71
     3
 72
     8
 73
     4
 74
     0
 42
0.000000001
 43
0.0000000001
 40
443.3098388175346
 40
443.3098388175346
 40
443.3098388175346
 40
443.3098388175346
 40
444.3098388175346
 40
444.3098388175346
 40
444.3098388175346
 40
444.3098388175346
 10
-2.876019889730849
 20
-4.984181724887159
 30
0.0
 10
-2.976182599300299
 20
-5.006456351784111
 30
0.0
 10
-3.077612574294958
 20
-5.024198067737047
 30
0.0
 10
-3.179822404935902
 20
-5.03735813176807
 30
0.0
  0
SPLINE
  5
2A2
330
1F
100
AcDbEntity
  8
Default
 62
   178
420
   395273
370
     0
100
AcDbSpline
210
0.0
220
0.0
230
1.0
 70
     8
 71
     3
 72
     8
 73
     4
 74
     0
 42
0.000000001
 43
0.0000000001
 40
444.3098388175346
 40
444.3098388175346
 40
444.3098388175346
 40
444.3098388175346
 40
445.3098388175346
 40
445.3098388175346
 40
445.3098388175346
 40
445.3098388175346
 10
-3.179822404935902
 20
-5.03735813176807
 30
0.0
 10
-3.221349718100462
 20
-5.041257409999482
 30
0.0
 10
-3.263266959088163
 20
-5.039843921640595
 30
0.0
 10
-3.30435560345169
 20
-5.033263889625085
 30
0.0
  0
SPLINE
  5
2A3
330
1F
100
AcDbEntity
  8
Default
 62
   178
420
   395273
370
     0
100
AcDbSpline
210
0.0
220
0.0
230
1.0
 70
     8
 71
     3
 72
     8
 73
     4
 74
     0
 42
0.000000001
 43
0.0000000001
 40
445.3098388175346
 40
445.3098388175346
 40
445.3098388175346
 40
445.3098388175346
 40
446.3098388175346
 40
446.3098388175346
 40
446.3098388175346
 40
446.3098388175346
 10
-3.30435560345169
 20
-5.033263889625085
 30
0.0
 10
-3.371423189032013
 20
-5.032581515934586
 30
0.0
 10
-3.438247069722872
 20
-5.026098965874861
 30
0.0
 10
-3.503901166944308
 20
-5.013962462379584
 30
0.0
  0
SPLINE
  5
2A4
330
1F
100
AcDbEntity
  8
Default
 62
   178
420
   395273
370
     0
100
AcDbSpline
210
0.0
220
0.0
230
1.0
 70
     8
 71
     3
 72
     8
 73
     4
 74
     0
 42
0.000000001
 43
0.0000000001
 40
446.3098388175346
 40
446.3098388175346
 40
446.3098388175346
 40
446.3098388175346
 40
447.3098388175346
 40
447.3098388175346
 40
447.3098388175346
 40
447.3098388175346
 10
-3.503901166944308
 20
-5.013962462379584
 30
0.0
 10
-3.581301839837878
 20
-4.98637506889233
 30
0.0
 10
-3.661870676294471
 20
-4.966196304044763
 30
0.0
 10
-3.744242928933095
 20
-4.953816095660022
 30
0.0
  0
SPLINE
  5
2A5
330
1F
100
AcDbEntity
  8
Default
 62
   178
420
   395273
370
     0
100
AcDbSpline
210
0.0
220
0.0
230
1.0
 70
     8
 71
     3
 72
     8
 73
     4
 74
     0
 42
0.000000001
 43
0.0000000001
 40
447.3098388175346
 40
447.3098388175346
 40
447.3098388175346
 40
447.3098388175346
 40
448.3098388175346
 40
448.3098388175346
 40
448.3098388175346
 40
448.3098388175346
 10
-3.744242928933095
 20
-4.953816095660022
 30
0.0
 10
-3.760814861416605
 20
-4.952402607301134
 30
0.0
 10
-3.777484275855901
 20
-4.953036240013738
 30
0.0
 10
-3.793861244427839
 20
-4.955668252819944
 30
0.0
  0
SPLINE
  5
2A6
330
1F
100
AcDbEntity
  8
Default
 62
   178
420
   395273
370
     0
100
AcDbSpline
210
0.0
220
0.0
230
1.0
 70
     8
 71
     3
 72
     8
 73
     4
 74
     0
 42
0.000000001
 43
0.0000000001
 40
448.3098388175346
 40
448.3098388175346
 40
448.3098388175346
 40
448.3098388175346
 40
449.3098388175346
 40
449.3098388175346
 40
449.3098388175346
 40
449.3098388175346
 10
-3.793861244427839
 20
-4.955668252819944
 30
0.0
 10
-3.858832967958777
 20
-4.968828316850965
 30
0.0
 10
-3.921562606506652
 20
-4.989397009521676
 30
0.0
 10
-3.980490448778898
 20
-5.016838180075252
 30
0.0
  0
SPLINE
  5
2A7
330
1F
100
AcDbEntity
  8
Default
 62
   178
420
   395273
370
     0
100
AcDbSpline
210
0.0
220
0.0
230
1.0
 70
     8
 71
     3
 72
     8
 73
     4
 74
     0
 42
0.000000001
 43
0.0000000001
 40
449.3098388175346
 40
449.3098388175346
 40
449.3098388175346
 40
449.3098388175346
 40
450.3098388175346
 40
450.3098388175346
 40
450.3098388175346
 40
450.3098388175346
 10
-3.980490448778898
 20
-5.016838180075252
 30
0.0
 10
-4.063106406306985
 20
-5.043012085203619
 30
0.0
 10
-4.149962828911734
 20
-5.057390673681959
 30
0.0
 10
-4.237794071074338
 20
-5.059340312797667
 30
0.0
  0
SPLINE
  5
2A8
330
1F
100
AcDbEntity
  8
Default
 62
   178
420
   395273
370
     0
100
AcDbSpline
210
0.0
220
0.0
230
1.0
 70
     8
 71
     3
 72
     8
 73
     4
 74
     0
 42
0.000000001
 43
0.0000000001
 40
450.3098388175346
 40
450.3098388175346
 40
450.3098388175346
 40
450.3098388175346
 40
451.3098388175346
 40
451.3098388175346
 40
451.3098388175346
 40
451.3098388175346
 10
-4.237794071074338
 20
-5.059340312797667
 30
0.0
 10
-4.331864158407203
 20
-5.074206311054931
 30
0.0
 10
-4.427542698010527
 20
-5.080250192313624
 30
0.0
 10
-4.523123755658066
 20
-5.077423215595849
 30
0.0
  0
SPLINE
  5
2A9
330
1F
100
AcDbEntity
  8
Default
 62
   178
420
   395273
370
     0
100
AcDbSpline
210
0.0
220
0.0
230
1.0
 70
     8
 71
     3
 72
     8
 73
     4
 74
     0
 42
0.000000001
 43
0.0000000001
 40
451.3098388175346
 40
451.3098388175346
 40
451.3098388175346
 40
451.3098388175346
 40
452.3098388175346
 40
452.3098388175346
 40
452.3098388175346
 40
452.3098388175346
 10
-4.523123755658066
 20
-5.077423215595849
 30
0.0
 10
-4.726763561293668
 20
-5.067187610238388
 30
0.0
 10
-4.930159662039808
 20
-5.054027546207363
 30
0.0
 10
-5.133312057896483
 20
-5.037943023502781
 30
0.0
  0
SPLINE
  5
2AA
330
1F
100
AcDbEntity
  8
Default
 62
   178
420
   395273
370
     0
100
AcDbSpline
210
0.0
220
0.0
230
1.0
 70
     8
 71
     3
 72
     8
 73
     4
 74
     0
 42
0.000000001
 43
0.0000000001
 40
452.3098388175346
 40
452.3098388175346
 40
452.3098388175346
 40
452.3098388175346
 40
453.3098388175346
 40
453.3098388175346
 40
453.3098388175346
 40
453.3098388175346
 10
-5.133312057896483
 20
-5.037943023502781
 30
0.0
 10
-5.192971014837119
 20
-5.033507594514547
 30
0.0
 10
-5.252483748844077
 20
-5.026927562499036
 30
0.0
 10
-5.311557814050001
 20
-5.018154186478355
 30
0.0
  0
SPLINE
  5
2AB
330
1F
100
AcDbEntity
  8
Default
 62
   178
420
   395273
370
     0
100
AcDbSpline
210
0.0
220
0.0
230
1.0
 70
     8
 71
     3
 72
     8
 73
     4
 74
     0
 42
0.000000001
 43
0.0000000001
 40
453.3098388175346
 40
453.3098388175346
 40
453.3098388175346
 40
453.3098388175346
 40
454.3098388175346
 40
454.3098388175346
 40
454.3098388175346
 40
454.3098388175346
 10
-5.311557814050001
 20
-5.018154186478355
 30
0.0
 10
-5.377163170293544
 20
-5.007089984496718
 30
0.0
 10
-5.440916369377164
 20
-4.988714635831179
 30
0.0
 10
-5.501160218052513
 20
-4.963418068304879
 30
0.0
  0
SPLINE
  5
2AC
330
1F
100
AcDbEntity
  8
Default
 62
   178
420
   395273
370
     0
100
AcDbSpline
210
0.0
220
0.0
230
1.0
 70
     8
 71
     3
 72
     8
 73
     4
 74
     0
 42
0.000000001
 43
0.0000000001
 40
454.3098388175346
 40
454.3098388175346
 40
454.3098388175346
 40
454.3098388175346
 40
455.3098388175346
 40
455.3098388175346
 40
455.3098388175346
 40
455.3098388175346
 10
-5.501160218052513
 20
-4.963418068304879
 30
0.0
 10
-5.588942719237223
 20
-4.936415566552335
 30
0.0
 10
-5.676286551620899
 20
-4.908438245241941
 30
0.0
 10
-5.763240456181435
 20
-4.879437363395796
 30
0.0
  0
SPLINE
  5
2AD
330
1F
100
AcDbEntity
  8
Default
 62
   178
420
   395273
370
     0
100
AcDbSpline
210
0.0
220
0.0
230
1.0
 70
     8
 71
     3
 72
     8
 73
     4
 74
     0
 42
0.000000001
 43
0.0000000001
 40
455.3098388175346
 40
455.3098388175346
 40
455.3098388175346
 40
455.3098388175346
 40
456.3098388175346
 40
456.3098388175346
 40
456.3098388175346
 40
456.3098388175346
 10
-5.763240456181435
 20
-4.879437363395796
 30
0.0
 10
-5.851217921277716
 20
-4.845854829627742
 30
0.0
 10
-5.945190526654796
 20
-4.825968510647532
 30
0.0
 10
-6.040917807236012
 20
-4.820558262101445
 30
0.0
  0
SPLINE
  5
2AE
330
1F
100
AcDbEntity
  8
Default
 62
   178
420
   395273
370
     0
100
AcDbSpline
210
0.0
220
0.0
230
1.0
 70
     8
 71
     3
 72
     8
 73
     4
 74
     0
 42
0.000000001
 43
0.0000000001
 40
456.3098388175346
 40
456.3098388175346
 40
456.3098388175346
 40
456.3098388175346
 40
457.3098388175346
 40
457.3098388175346
 40
457.3098388175346
 40
457.3098388175346
 10
-6.040917807236012
 20
-4.820558262101445
 30
0.0
 10
-6.119439522621114
 20
-4.81758506244999
 30
0.0
 10
-6.198107460939895
 20
-4.820119593300411
 30
0.0
 10
-6.276190507523961
 20
-4.828113113674808
 30
0.0
  0
SPLINE
  5
2AF
330
1F
100
AcDbEntity
  8
Default
 62
   178
420
   395273
370
     0
100
AcDbSpline
210
0.0
220
0.0
230
1.0
 70
     8
 71
     3
 72
     8
 73
     4
 74
     0
 42
0.000000001
 43
0.0000000001
 40
457.3098388175346
 40
457.3098388175346
 40
457.3098388175346
 40
457.3098388175346
 40
458.3098388175346
 40
458.3098388175346
 40
458.3098388175346
 40
458.3098388175346
 10
-6.276190507523961
 20
-4.828113113674808
 30
0.0
 10
-6.345256473197884
 20
-4.833328398309327
 30
0.0
 10
-6.413688806159202
 20
-4.843515262688893
 30
0.0
 10
-6.480853873695311
 20
-4.858576224857732
 30
0.0
  0
SPLINE
  5
2B0
330
1F
100
AcDbEntity
  8
Default
 62
   178
420
   395273
370
     0
100
AcDbSpline
210
0.0
220
0.0
230
1.0
 70
     8
 71
     3
 72
     8
 73
     4
 74
     0
 42
0.000000001
 43
0.0000000001
 40
458.3098388175346
 40
458.3098388175346
 40
458.3098388175346
 40
458.3098388175346
 40
459.3098388175346
 40
459.3098388175346
 40
459.3098388175346
 40
459.3098388175346
 10
-6.480853873695311
 20
-4.858576224857732
 30
0.0
 10
-6.518384426672672
 20
-4.867349600878414
 30
0.0
 10
-6.551089622838658
 20
-4.887577106703875
 30
0.0
 10
-6.573120544846147
 20
-4.915651909970055
 30
0.0
  0
SPLINE
  5
2B1
330
1F
100
AcDbEntity
  8
Default
 62
   178
420
   395273
370
     0
100
AcDbSpline
210
0.0
220
0.0
230
1.0
 70
     8
 71
     3
 72
     8
 73
     4
 74
     0
 42
0.000000001
 43
0.0000000001
 40
459.3098388175346
 40
459.3098388175346
 40
459.3098388175346
 40
459.3098388175346
 40
460.3098388175346
 40
460.3098388175346
 40
460.3098388175346
 40
460.3098388175346
 10
-6.573120544846147
 20
-4.915651909970055
 30
0.0
 10
-6.593981683384213
 20
-4.943824195192024
 30
0.0
 10
-6.60904264555305
 20
-4.974823457131764
 30
0.0
 10
-6.617718539617946
 20
-5.007479912319859
 30
0.0
  0
SPLINE
  5
2B2
330
1F
100
AcDbEntity
  8
Default
 62
   178
420
   395273
370
     0
100
AcDbSpline
210
0.0
220
0.0
230
1.0
 70
     8
 71
     3
 72
     8
 73
     4
 74
     0
 42
0.000000001
 43
0.0000000001
 40
460.3098388175346
 40
460.3098388175346
 40
460.3098388175346
 40
460.3098388175346
 40
461.3098388175346
 40
461.3098388175346
 40
461.3098388175346
 40
461.3098388175346
 10
-6.617718539617946
 20
-5.007479912319859
 30
0.0
 10
-6.627223030307019
 20
-5.044961724319327
 30
0.0
 10
-6.631366013427895
 20
-5.083320873920862
 30
0.0
 10
-6.630001266046899
 20
-5.1216800235224
 30
0.0
  0
LINE
  5
2B3
330
1F
100
AcDbEntity
  8
Default
 62
   178
420
   395273
370
     0
100
AcDbLine
 10
-6.630001266046899
 20
-5.1216800235224
 30
0.0
 11
-6.630244970936364
 21
-5.228763951952611
 31
0.0
  0
LINE
  5
2B4
330
1F
100
AcDbEntity
  8
Default
 62
   178
420
   395273
370
     0
100
AcDbLine
 10
-6.630244970936364
 20
-5.228763951952611
 30
0.0
 11
-3.060601973010415
 21
-5.228763951952611
 31
0.0
  0
LINE
  5
2B5
330
1F
100
AcDbEntity
  8
Default
 62
   178
420
   395273
370
     0
100
AcDbLine
 10
-3.060601973010415
 20
-5.228763951952611
 30
0.0
 11
-3.060601973010415
 21
-5.374596957807497
 31
0.0
  0
LINE
  5
2B6
330
1F
100
AcDbEntity
  8
Default
 62
   178
420
   395273
370
     0
100
AcDbLine
 10
-3.060601973010415
 20
-5.374596957807497
 30
0.0
 11
-6.630244970936364
 21
-5.374596957807497
 31
0.0
  0
LINE
  5
2B7
330
1F
100
AcDbEntity
  8
Default
 62
   178
420
   395273
370
     0
100
AcDbLine
 10
-6.630244970936364
 20
-5.374596957807497
 30
0.0
 11
-6.630244970936364
 21
-5.424995128948524
 31
0.0
  0
SPLINE
  5
2B8
330
1F
100
AcDbEntity
  8
Default
 62
   178
420
   395273
370
     0
100
AcDbSpline
210
0.0
220
0.0
230
1.0
 70
     8
 71
     3
 72
     8
 73
     4
 74
     0
 42
0.000000001
 43
0.0000000001
 40
614.0068445071038
 40
614.0068445071038
 40
614.0068445071038
 40
614.0068445071038
 40
615.0068445071038
 40
615.0068445071038
 40
615.0068445071038
 40
615.0068445071038
 10
-6.630244970936364
 20
-5.424995128948524
 30
0.0
 10
-6.630293711914257
 20
-5.449024431049613
 30
0.0
 10
-6.618985805043155
 20
-5.471981431637064
 30
0.0
 10
-6.599002004107159
 20
-5.488358400209004
 30
0.0
  0
SPLINE
  5
2B9
330
1F
100
AcDbEntity
  8
Default
 62
   178
420
   395273
370
     0
100
AcDbSpline
210
0.0
220
0.0
230
1.0
 70
     8
 71
     3
 72
     8
 73
     4
 74
     0
 42
0.000000001
 43
0.0000000001
 40
615.0068445071038
 40
615.0068445071038
 40
615.0068445071038
 40
615.0068445071038
 40
616.0068445071038
 40
616.0068445071038
 40
616.0068445071038
 40
616.0068445071038
 10
-6.599002004107159
 20
-5.488358400209004
 30
0.0
 10
-6.555963720627926
 20
-5.534418624317583
 30
0.0
 10
-6.515606190932789
 20
-5.582379746563979
 30
0.0
 10
-6.478075637955429
 20
-5.632046803036617
 30
0.0
  0
SPLINE
  5
2BA
330
1F
100
AcDbEntity
  8
Default
 62
   178
420
   395273
370
     0
100
AcDbSpline
210
0.0
220
0.0
230
1.0
 70
     8
 71
     3
 72
     8
 73
     4
 74
     0
 42
0.000000001
 43
0.0000000001
 40
616.0068445071038
 40
616.0068445071038
 40
616.0068445071038
 40
616.0068445071038
 40
617.0068445071038
 40
617.0068445071038
 40
617.0068445071038
 40
617.0068445071038
 10
-6.478075637955429
 20
-5.632046803036617
 30
0.0
 10
-6.457165758439469
 20
-5.649983482901121
 30
0.0
 10
-6.432502823625776
 20
-5.664215848445782
 30
0.0
 10
-6.40545158089534
 20
-5.67401278500221
 30
0.0
  0
SPLINE
  5
2BB
330
1F
100
AcDbEntity
  8
Default
 62
   178
420
   395273
370
     0
100
AcDbSpline
210
0.0
220
0.0
230
1.0
 70
     8
 71
     3
 72
     8
 73
     4
 74
     0
 42
0.000000001
 43
0.0000000001
 40
617.0068445071038
 40
617.0068445071038
 40
617.0068445071038
 40
617.0068445071038
 40
618.0068445071038
 40
618.0068445071038
 40
618.0068445071038
 40
618.0068445071038
 10
-6.40545158089534
 20
-5.67401278500221
 30
0.0
 10
-6.354029849218566
 20
-5.689999825751006
 30
0.0
 10
-6.299488694956661
 20
-5.69677482167809
 30
0.0
 10
-6.244947540694756
 20
-5.693996585938206
 30
0.0
  0
SPLINE
  5
2BC
330
1F
100
AcDbEntity
  8
Default
 62
   178
420
   395273
370
     0
100
AcDbSpline
210
0.0
220
0.0
230
1.0
 70
     8
 71
     3
 72
     8
 73
     4
 74
     0
 42
0.000000001
 43
0.0000000001
 40
618.0068445071038
 40
618.0068445071038
 40
618.0068445071038
 40
618.0068445071038
 40
619.0068445071038
 40
619.0068445071038
 40
619.0068445071038
 40
619.0068445071038
 10
-6.244947540694756
 20
-5.693996585938206
 30
0.0
 10
-6.134890412613093
 20
-5.687367812944804
 30
0.0
 10
-6.02429713377461
 20
-5.691413314109894
 30
0.0
 10
-5.9152148252508
 20
-5.705889384544021
 30
0.0
  0
SPLINE
  5
2BD
330
1F
100
AcDbEntity
  8
Default
 62
   178
420
   395273
370
     0
100
AcDbSpline
210
0.0
220
0.0
230
1.0
 70
     8
 71
     3
 72
     8
 73
     4
 74
     0
 42
0.000000001
 43
0.0000000001
 40
619.0068445071038
 40
619.0068445071038
 40
619.0068445071038
 40
619.0068445071038
 40
620.0068445071038
 40
620.0068445071038
 40
620.0068445071038
 40
620.0068445071038
 10
-5.9152148252508
 20
-5.705889384544021
 30
0.0
 10
-5.882509629084813
 20
-5.710227331576468
 30
0.0
 10
-5.849268282162008
 20
-5.70988614473122
 30
0.0
 10
-5.816709308929701
 20
-5.704914564986165
 30
0.0
  0
SPLINE
  5
2BE
330
1F
100
AcDbEntity
  8
Default
 62
   178
420
   395273
370
     0
100
AcDbSpline
210
0.0
220
0.0
230
1.0
 70
     8
 71
     3
 72
     8
 73
     4
 74
     0
 42
0.000000001
 43
0.0000000001
 40
620.0068445071038
 40
620.0068445071038
 40
620.0068445071038
 40
620.0068445071038
 40
621.0068445071038
 40
621.0068445071038
 40
621.0068445071038
 40
621.0068445071038
 10
-5.816709308929701
 20
-5.704914564986165
 30
0.0
 10
-5.804231618589175
 20
-5.702769961958889
 30
0.0
 10
-5.792582524872826
 20
-5.697798382213836
 30
0.0
 10
-5.78283432929429
 20
-5.690584717485719
 30
0.0
  0
SPLINE
  5
2BF
330
1F
100
AcDbEntity
  8
Default
 62
   178
420
   395273
370
     0
100
AcDbSpline
210
0.0
220
0.0
230
1.0
 70
     8
 71
     3
 72
     8
 73
     4
 74
     0
 42
0.000000001
 43
0.0000000001
 40
621.0068445071038
 40
621.0068445071038
 40
621.0068445071038
 40
621.0068445071038
 40
622.0068445071038
 40
622.0068445071038
 40
622.0068445071038
 40
622.0068445071038
 10
-5.78283432929429
 20
-5.690584717485719
 30
0.0
 10
-5.758366358392166
 20
-5.685710619696453
 30
0.0
 10
-5.735896767583642
 20
-5.674938863582171
 30
0.0
 10
-5.718057569674923
 20
-5.659341750656515
 30
0.0
  0
SPLINE
  5
2C0
330
1F
100
AcDbEntity
  8
Default
 62
   178
420
   395273
370
     0
100
AcDbSpline
210
0.0
220
0.0
230
1.0
 70
     8
 71
     3
 72
     8
 73
     4
 74
     0
 42
0.000000001
 43
0.0000000001
 40
622.0068445071038
 40
622.0068445071038
 40
622.0068445071038
 40
622.0068445071038
 40
623.0068445071038
 40
623.0068445071038
 40
623.0068445071038
 40
623.0068445071038
 10
-5.718057569674923
 20
-5.659341750656515
 30
0.0
 10
-5.684280071995299
 20
-5.619812817585553
 30
0.0
 10
-5.635587835080514
 20
-5.592079201164619
 30
0.0
 10
-5.580705493973361
 20
-5.581209963094555
 30
0.0
  0
SPLINE
  5
2C1
330
1F
100
AcDbEntity
  8
Default
 62
   178
420
   395273
370
     0
100
AcDbSpline
210
0.0
220
0.0
230
1.0
 70
     8
 71
     3
 72
     8
 73
     4
 74
     0
 42
0.000000001
 43
0.0000000001
 40
623.0068445071038
 40
623.0068445071038
 40
623.0068445071038
 40
623.0068445071038
 40
624.0068445071038
 40
624.0068445071038
 40
624.0068445071038
 40
624.0068445071038
 10
-5.580705493973361
 20
-5.581209963094555
 30
0.0
 10
-5.446180394989574
 20
-5.55927652304285
 30
0.0
 10
-5.309072024177475
 20
-5.551672930491593
 30
0.0
 10
-5.172451063144302
 20
-5.558642890330244
 30
0.0
  0
SPLINE
  5
2C2
330
1F
100
AcDbEntity
  8
Default
 62
   178
420
   395273
370
     0
100
AcDbSpline
210
0.0
220
0.0
230
1.0
 70
     8
 71
     3
 72
     8
 73
     4
 74
     0
 42
0.000000001
 43
0.0000000001
 40
624.0068445071038
 40
624.0068445071038
 40
624.0068445071038
 40
624.0068445071038
 40
625.0068445071038
 40
625.0068445071038
 40
625.0068445071038
 40
625.0068445071038
 10
-5.172451063144302
 20
-5.558642890330244
 30
0.0
 10
-5.00887634133648
 20
-5.568439826886673
 30
0.0
 10
-4.845204137572872
 20
-5.577651871708388
 30
0.0
 10
-4.681531933809265
 20
-5.586181542839606
 30
0.0
  0
SPLINE
  5
2C3
330
1F
100
AcDbEntity
  8
Default
 62
   178
420
   395273
370
     0
100
AcDbSpline
210
0.0
220
0.0
230
1.0
 70
     8
 71
     3
 72
     8
 73
     4
 74
     0
 42
0.000000001
 43
0.0000000001
 40
625.0068445071038
 40
625.0068445071038
 40
625.0068445071038
 40
625.0068445071038
 40
626.0068445071038
 40
626.0068445071038
 40
626.0068445071038
 40
626.0068445071038
 10
-4.681531933809265
 20
-5.586181542839606
 30
0.0
 10
-4.584244941935482
 20
-5.592274165076191
 30
0.0
 10
-4.487396618862734
 20
-5.603387108035721
 30
0.0
 10
-4.391620597303625
 20
-5.619422889762412
 30
0.0
  0
SPLINE
  5
2C4
330
1F
100
AcDbEntity
  8
Default
 62
   178
420
   395273
370
     0
100
AcDbSpline
210
0.0
220
0.0
230
1.0
 70
     8
 71
     3
 72
     8
 73
     4
 74
     0
 42
0.000000001
 43
0.0000000001
 40
626.0068445071038
 40
626.0068445071038
 40
626.0068445071038
 40
626.0068445071038
 40
627.0068445071038
 40
627.0068445071038
 40
627.0068445071038
 40
627.0068445071038
 10
-4.391620597303625
 20
-5.619422889762412
 30
0.0
 10
-4.294333605429842
 20
-5.617668214558276
 30
0.0
 10
-4.197680246268665
 20
-5.633314068461823
 30
0.0
 10
-4.107606919122999
 20
-5.6654343728931
 30
0.0
  0
SPLINE
  5
2C5
330
1F
100
AcDbEntity
  8
Default
 62
   178
420
   395273
370
     0
100
AcDbSpline
210
0.0
220
0.0
230
1.0
 70
     8
 71
     3
 72
     8
 73
     4
 74
     0
 42
0.000000001
 43
0.0000000001
 40
627.0068445071038
 40
627.0068445071038
 40
627.0068445071038
 40
627.0068445071038
 40
628.0068445071038
 40
628.0068445071038
 40
628.0068445071038
 40
628.0068445071038
 10
-4.107606919122999
 20
-5.6654343728931
 30
0.0
 10
-4.050872420855923
 20
-5.701112768710537
 30
0.0
 10
-3.992773175207853
 20
-5.734987748345947
 30
0.0
 10
-3.93335792315668
 20
-5.767010570821435
 30
0.0
  0
SPLINE
  5
2C6
330
1F
100
AcDbEntity
  8
Default
 62
   178
420
   395273
370
     0
100
AcDbSpline
210
0.0
220
0.0
230
1.0
 70
     8
 71
     3
 72
     8
 73
     4
 74
     0
 42
0.000000001
 43
0.0000000001
 40
628.0068445071038
 40
628.0068445071038
 40
628.0068445071038
 40
628.0068445071038
 40
629.0068445071038
 40
629.0068445071038
 40
629.0068445071038
 40
629.0068445071038
 10
-3.93335792315668
 20
-5.767010570821435
 30
0.0
 10
-3.893341580306793
 20
-5.785142214597512
 30
0.0
 10
-3.851424339319091
 20
-5.799715766987424
 30
0.0
 10
-3.808142350950394
 20
-5.810633746035382
 30
0.0
  0
SPLINE
  5
2C7
330
1F
100
AcDbEntity
  8
Default
 62
   178
420
   395273
370
     0
100
AcDbSpline
210
0.0
220
0.0
230
1.0
 70
     8
 71
     3
 72
     8
 73
     4
 74
     0
 42
0.000000001
 43
0.0000000001
 40
629.0068445071038
 40
629.0068445071038
 40
629.0068445071038
 40
629.0068445071038
 40
630.0068445071038
 40
630.0068445071038
 40
630.0068445071038
 40
630.0068445071038
 10
-3.808142350950394
 20
-5.810633746035382
 30
0.0
 10
-3.775534636740194
 20
-5.820674387481271
 30
0.0
 10
-3.740977283414286
 20
-5.824719888646365
 30
0.0
 10
-3.706517412044163
 20
-5.82262402659698
 30
0.0
  0
SPLINE
  5
2C8
330
1F
100
AcDbEntity
  8
Default
 62
   178
420
   395273
370
     0
100
AcDbSpline
210
0.0
220
0.0
230
1.0
 70
     8
 71
     3
 72
     8
 73
     4
 74
     0
 42
0.000000001
 43
0.0000000001
 40
630.0068445071038
 40
630.0068445071038
 40
630.0068445071038
 40
630.0068445071038
 40
631.0068445071038
 40
631.0068445071038
 40
631.0068445071038
 40
631.0068445071038
 10
-3.706517412044163
 20
-5.82262402659698
 30
0.0
 10
-3.659969778156658
 20
-5.817652446851928
 30
0.0
 10
-3.614104517959649
 20
-5.808732847897568
 30
0.0
 10
-3.569555264165743
 20
-5.795816488756008
 30
0.0
  0
SPLINE
  5
2C9
330
1F
100
AcDbEntity
  8
Default
 62
   178
420
   395273
370
     0
100
AcDbSpline
210
0.0
220
0.0
230
1.0
 70
     8
 71
     3
 72
     8
 73
     4
 74
     0
 42
0.000000001
 43
0.0000000001
 40
631.0068445071038
 40
631.0068445071038
 40
631.0068445071038
 40
631.0068445071038
 40
632.0068445071038
 40
632.0068445071038
 40
632.0068445071038
 40
632.0068445071038
 10
-3.569555264165743
 20
-5.795816488756008
 30
0.0
 10
-3.476021327589697
 20
-5.762038991076383
 30
0.0
 10
-3.376492250732851
 20
-5.742591340897206
 30
0.0
 10
-3.275452203561332
 20
-5.738448357776329
 30
0.0
  0
SPLINE
  5
2CA
330
1F
100
AcDbEntity
  8
Default
 62
   178
420
   395273
370
     0
100
AcDbSpline
210
0.0
220
0.0
230
1.0
 70
     8
 71
     3
 72
     8
 73
     4
 74
     0
 42
0.000000001
 43
0.0000000001
 40
632.0068445071038
 40
632.0068445071038
 40
632.0068445071038
 40
632.0068445071038
 40
633.0068445071038
 40
633.0068445071038
 40
633.0068445071038
 40
633.0068445071038
 10
-3.275452203561332
 20
-5.738448357776329
 30
0.0
 10
-3.175533198881347
 20
-5.735767603992231
 30
0.0
 10
-3.075614194201359
 20
-5.735523899102768
 30
0.0
 10
-2.975695189521371
 20
-5.737765984085831
 30
0.0
  0
SPLINE
  5
2CB
330
1F
100
AcDbEntity
  8
Default
 62
   178
420
   395273
370
     0
100
AcDbSpline
210
0.0
220
0.0
230
1.0
 70
     8
 71
     3
 72
     8
 73
     4
 74
     0
 42
0.000000001
 43
0.0000000001
 40
633.0068445071038
 40
633.0068445071038
 40
633.0068445071038
 40
633.0068445071038
 40
634.0068445071038
 40
634.0068445071038
 40
634.0068445071038
 40
634.0068445071038
 10
-2.975695189521371
 20
-5.737765984085831
 30
0.0
 10
-2.895565021865811
 20
-5.736060049859586
 30
0.0
 10
-2.815434854210252
 20
-5.734939007368056
 30
0.0
 10
-2.735304686554692
 20
-5.734500338567021
 30
0.0
  0
SPLINE
  5
2CC
330
1F
100
AcDbEntity
  8
Default
 62
   178
420
   395273
370
     0
100
AcDbSpline
210
0.0
220
0.0
230
1.0
 70
     8
 71
     3
 72
     8
 73
     4
 74
     0
 42
0.000000001
 43
0.0000000001
 40
634.0068445071038
 40
634.0068445071038
 40
634.0068445071038
 40
634.0068445071038
 40
635.0068445071038
 40
635.0068445071038
 40
635.0068445071038
 40
635.0068445071038
 10
-2.735304686554692
 20
-5.734500338567021
 30
0.0
 10
-2.619496123081692
 20
-5.735621381058554
 30
0.0
 10
-2.50436993329919
 20
-5.750536120293712
 30
0.0
 10
-2.393191762725995
 20
-5.778805887471464
 30
0.0
  0
SPLINE
  5
2CD
330
1F
100
AcDbEntity
  8
Default
 62
   178
420
   395273
370
     0
100
AcDbSpline
210
0.0
220
0.0
230
1.0
 70
     8
 71
     3
 72
     8
 73
     4
 74
     0
 42
0.000000001
 43
0.0000000001
 40
635.0068445071038
 40
635.0068445071038
 40
635.0068445071038
 40
635.0068445071038
 40
636.0068445071038
 40
636.0068445071038
 40
636.0068445071038
 40
636.0068445071038
 10
-2.393191762725995
 20
-5.778805887471464
 30
0.0
 10
-2.275433560137289
 20
-5.811462342659557
 30
0.0
 10
-2.158211508305402
 20
-5.845775991096002
 30
0.0
 10
-2.041671830164013
 20
-5.881600609847117
 30
0.0
  0
SPLINE
  5
2CE
330
1F
100
AcDbEntity
  8
Default
 62
   178
420
   395273
370
     0
100
AcDbSpline
210
0.0
220
0.0
230
1.0
 70
     8
 71
     3
 72
     8
 73
     4
 74
     0
 42
0.000000001
 43
0.0000000001
 40
636.0068445071038
 40
636.0068445071038
 40
636.0068445071038
 40
636.0068445071038
 40
637.0068445071038
 40
637.0068445071038
 40
637.0068445071038
 40
637.0068445071038
 10
-2.041671830164013
 20
-5.881600609847117
 30
0.0
 10
-2.00994145355588
 20
-5.891202582491974
 30
0.0
 10
-1.980209457041348
 20
-5.905434948036638
 30
0.0
 10
-1.953791847023517
 20
-5.923615332790606
 30
0.0
  0
SPLINE
  5
2CF
330
1F
100
AcDbEntity
  8
Default
 62
   178
420
   395273
370
     0
100
AcDbSpline
210
0.0
220
0.0
230
1.0
 70
     8
 71
     3
 72
     8
 73
     4
 74
     0
 42
0.000000001
 43
0.0000000001
 40
637.0068445071038
 40
637.0068445071038
 40
637.0068445071038
 40
637.0068445071038
 40
638.0068445071038
 40
638.0068445071038
 40
638.0068445071038
 40
638.0068445071038
 10
-1.953791847023517
 20
-5.923615332790606
 30
0.0
 10
-1.943312536776591
 20
-5.92917180427037
 30
0.0
 10
-1.937609842363147
 20
-5.939797337450974
 30
0.0
 10
-1.93946199952307
 20
-5.95047161160947
 30
0.0
  0
SPLINE
  5
2D0
330
1F
100
AcDbEntity
  8
Default
 62
   178
420
   395273
370
     0
100
AcDbSpline
210
0.0
220
0.0
230
1.0
 70
     8
 71
     3
 72
     8
 73
     4
 74
     0
 42
0.000000001
 43
0.0000000001
 40
638.0068445071038
 40
638.0068445071038
 40
638.0068445071038
 40
638.0068445071038
 40
639.0068445071038
 40
639.0068445071038
 40
639.0068445071038
 40
639.0068445071038
 10
-1.93946199952307
 20
-5.95047161160947
 30
0.0
 10
-1.939998150279889
 20
-5.9635829346626
 30
0.0
 10
-1.943410018732376
 20
-5.976499293804158
 30
0.0
 10
-1.949600122924746
 20
-5.988440833387864
 30
0.0
  0
SPLINE
  5
2D1
330
1F
100
AcDbEntity
  8
Default
 62
   178
420
   395273
370
     0
100
AcDbSpline
210
0.0
220
0.0
230
1.0
 70
     8
 71
     3
 72
     8
 73
     4
 74
     0
 42
0.000000001
 43
0.0000000001
 40
639.0068445071038
 40
639.0068445071038
 40
639.0068445071038
 40
639.0068445071038
 40
640.0068445071038
 40
640.0068445071038
 40
640.0068445071038
 40
640.0068445071038
 10
-1.949600122924746
 20
-5.988440833387864
 30
0.0
 10
-1.987520603725248
 20
-6.042007168091918
 30
0.0
 10
-2.004921132832933
 20
-6.104785547617683
 30
0.0
 10
-1.999267179397384
 20
-6.167612668121346
 30
0.0
  0
LINE
  5
2D2
330
1F
100
AcDbEntity
  8
Default
 62
   178
420
   395273
370
     0
100
AcDbLine
 10
-1.999267179397384
 20
-6.167612668121346
 30
0.0
 11
-1.977284998367787
 21
-6.327678039520895
 31
0.0
  0
SPLINE
  5
2D3
330
1F
100
AcDbEntity
  8
Default
 62
   178
420
   395273
370
     0
100
AcDbSpline
210
0.0
220
0.0
230
1.0
 70
     8
 71
     3
 72
     8
 73
     4
 74
     0
 42
0.000000001
 43
0.0000000001
 40
643.3216683334933
 40
643.3216683334933
 40
643.3216683334933
 40
643.3216683334933
 40
644.3216683334933
 40
644.3216683334933
 40
644.3216683334933
 40
644.3216683334933
 10
-1.977284998367787
 20
-6.327678039520895
 30
0.0
 10
-1.975676546097328
 20
-6.365306074454041
 30
0.0
 10
-1.97899093259403
 20
-6.402934109387187
 30
0.0
 10
-1.987130675902108
 20
-6.439879770629834
 30
0.0
  0
SPLINE
  5
2D4
330
1F
100
AcDbEntity
  8
Default
 62
   178
420
   395273
370
     0
100
AcDbSpline
210
0.0
220
0.0
230
1.0
 70
     8
 71
     3
 72
     8
 73
     4
 74
     0
 42
0.000000001
 43
0.0000000001
 40
644.3216683334933
 40
644.3216683334933
 40
644.3216683334933
 40
644.3216683334933
 40
645.3216683334933
 40
645.3216683334933
 40
645.3216683334933
 40
645.3216683334933
 10
-1.987130675902108
 20
-6.439879770629834
 30
0.0
 10
-2.003702608385618
 20
-6.492032616974998
 30
0.0
 10
-2.010526345290592
 20
-6.546183843413764
 30
0.0
 10
-2.007358181727568
 20
-6.600237587896741
 30
0.0
  0
SPLINE
  5
2D5
330
1F
100
AcDbEntity
  8
Default
 62
   178
420
   395273
370
     0
100
AcDbSpline
210
0.0
220
0.0
230
1.0
 70
     8
 71
     3
 72
     8
 73
     4
 74
     0
 42
0.000000001
 43
0.0000000001
 40
0.0
 40
0.0
 40
0.0
 40
0.0
 40
1.0
 40
1.0
 40
1.0
 40
1.0
 10
-1.953450660178268
 20
1.379859521190563
 30
0.0
 10
-1.948284116521645
 20
1.434741862297716
 30
0.0
 10
-1.93619635400426
 20
1.488990570692265
 30
0.0
 10
-1.917479818493473
 20
1.541533344860572
 30
0.0
  0
SPLINE
  5
2D6
330
1F
100
AcDbEntity
  8
Default
 62
   178
420
   395273
370
     0
100
AcDbSpline
210
0.0
220
0.0
230
1.0
 70
     8
 71
     3
 72
     8
 73
     4
 74
     0
 42
0.000000001
 43
0.0000000001
 40
1.0
 40
1.0
 40
1.0
 40
1.0
 40
2.0
 40
2.0
 40
2.0
 40
2.0
 10
-1.917479818493473
 20
1.541533344860572
 30
0.0
 10
-1.880972826051858
 20
1.667333808801571
 30
0.0
 10
-1.835643716611669
 20
1.791087151671076
 30
0.0
 10
-1.781784936040262
 20
1.911964776844911
 30
0.0
  0
SPLINE
  5
2D7
330
1F
100
AcDbEntity
  8
Default
 62
   178
420
   395273
370
     0
100
AcDbSpline
210
0.0
220
0.0
230
1.0
 70
     8
 71
     3
 72
     8
 73
     4
 74
     0
 42
0.000000001
 43
0.0000000001
 40
2.0
 40
2.0
 40
2.0
 40
2.0
 40
3.0
 40
3.0
 40
3.0
 40
3.0
 10
-1.781784936040262
 20
1.911964776844911
 30
0.0
 10
-1.750444487255271
 20
1.963727695366934
 30
0.0
 10
-1.706431384218183
 20
2.008813099917661
 30
0.0
 10
-1.652913790492025
 20
2.043955344978281
 30
0.0
  0
SPLINE
  5
2D8
330
1F
100
AcDbEntity
  8
Default
 62
   178
420
   395273
370
     0
100
AcDbSpline
210
0.0
220
0.0
230
1.0
 70
     8
 71
     3
 72
     8
 73
     4
 74
     0
 42
0.000000001
 43
0.0000000001
 40
3.0
 40
3.0
 40
3.0
 40
3.0
 40
4.0
 40
4.0
 40
4.0
 40
4.0
 10
-1.652913790492025
 20
2.043955344978281
 30
0.0
 10
-1.629956789904574
 20
2.057992746611372
 30
0.0
 10
-1.614457158934702
 20
2.079633740795718
 30
0.0
 10
-1.610119211902254
 20
2.103906747786274
 30
0.0
  0
SPLINE
  5
2D9
330
1F
100
AcDbEntity
  8
Default
 62
   178
420
   395273
370
     0
100
AcDbSpline
210
0.0
220
0.0
230
1.0
 70
     8
 71
     3
 72
     8
 73
     4
 74
     0
 42
0.000000001
 43
0.0000000001
 40
4.0
 40
4.0
 40
4.0
 40
4.0
 40
5.0
 40
5.0
 40
5.0
 40
5.0
 10
-1.610119211902254
 20
2.103906747786274
 30
0.0
 10
-1.606171192692948
 20
2.123013211120202
 30
0.0
 10
-1.620111112370253
 20
2.141437300763634
 30
0.0
 10
-1.64170336557671
 20
2.14558028388451
 30
0.0
  0
SPLINE
  5
2DA
330
1F
100
AcDbEntity
  8
Default
 62
   178
420
   395273
370
     0
100
AcDbSpline
210
0.0
220
0.0
230
1.0
 70
     8
 71
     3
 72
     8
 73
     4
 74
     0
 42
0.000000001
 43
0.0000000001
 40
5.0
 40
5.0
 40
5.0
 40
5.0
 40
6.0
 40
6.0
 40
6.0
 40
6.0
 10
-1.64170336557671
 20
2.14558028388451
 30
0.0
 10
-1.694002434855551
 20
2.165759048732081
 30
0.0
 10
-1.744205642085007
 20
2.189983314744739
 30
0.0
 10
-1.791630613574582
 20
2.217960636055135
 30
0.0
  0
SPLINE
  5
2DB
330
1F
100
AcDbEntity
  8
Default
 62
   178
420
   395273
370
     0
100
AcDbSpline
210
0.0
220
0.0
230
1.0
 70
     8
 71
     3
 72
     8
 73
     4
 74
     0
 42
0.000000001
 43
0.0000000001
 40
6.0
 40
6.0
 40
6.0
 40
6.0
 40
7.0
 40
7.0
 40
7.0
 40
7.0
 10
-1.791630613574582
 20
2.217960636055135
 30
0.0
 10
-1.841736338848253
 20
2.251201982977942
 30
0.0
 10
-1.891549618254568
 20
2.284687034790211
 30
0.0
 10
-1.941167933749313
 20
2.318513273447727
 30
0.0
  0
SPLINE
  5
2DC
330
1F
100
AcDbEntity
  8
Default
 62
   178
420
   395273
370
     0
100
AcDbSpline
210
0.0
220
0.0
230
1.0
 70
     8
 71
     3
 72
     8
 73
     4
 74
     0
 42
0.000000001
 43
0.0000000001
 40
7.0
 40
7.0
 40
7.0
 40
7.0
 40
8.0
 40
8.0
 40
8.0
 40
8.0
 10
-1.941167933749313
 20
2.318513273447727
 30
0.0
 10
-1.971631044932236
 20
2.339813080786827
 30
0.0
 10
-2.005116096744505
 20
2.357554796739763
 30
0.0
 10
-2.040794492561945
 20
2.371251011527602
 30
0.0
  0
SPLINE
  5
2DD
330
1F
100
AcDbEntity
  8
Default
 62
   178
420
   395273
370
     0
100
AcDbSpline
210
0.0
220
0.0
230
1.0
 70
     8
 71
     3
 72
     8
 73
     4
 74
     0
 42
0.000000001
 43
0.0000000001
 40
8.0
 40
8.0
 40
8.0
 40
8.0
 40
9.0
 40
9.0
 40
9.0
 40
9.0
 10
-2.040794492561945
 20
2.371251011527602
 30
0.0
 10
-2.20261453916563
 20
2.381291652973494
 30
0.0
 10
-2.36467829065878
 20
2.38904146845843
 30
0.0
 10
-2.526790783129822
 20
2.394402976026625
 30
0.0
  0
SPLINE
  5
2DE
330
1F
100
AcDbEntity
  8
Default
 62
   178
420
   395273
370
     0
100
AcDbSpline
210
0.0
220
0.0
230
1.0
 70
     8
 71
     3
 72
     8
 73
     4
 74
     0
 42
0.000000001
 43
0.0000000001
 40
9.0
 40
9.0
 40
9.0
 40
9.0
 40
10.0
 40
10.0
 40
10.0
 40
10.0
 10
-2.526790783129822
 20
2.394402976026625
 30
0.0
 10
-2.630024174306511
 20
2.384167370669164
 30
0.0
 10
-2.733647493306341
 20
2.377441115719972
 30
0.0
 10
-2.837465776217742
 20
2.374272952156949
 30
0.0
  0
SPLINE
  5
2DF
330
1F
100
AcDbEntity
  8
Default
 62
   178
420
   395273
370
     0
100
AcDbSpline
210
0.0
220
0.0
230
1.0
 70
     8
 71
     3
 72
     8
 73
     4
 74
     0
 42
0.000000001
 43
0.0000000001
 40
10.0
 40
10.0
 40
10.0
 40
10.0
 40
11.0
 40
11.0
 40
11.0
 40
11.0
 10
-2.837465776217742
 20
2.374272952156949
 30
0.0
 10
-2.965069656340769
 20
2.377538597675759
 30
0.0
 10
-3.092673536463796
 20
2.369350113389789
 30
0.0
 10
-3.218376518449009
 20
2.349853722232719
 30
0.0
  0
SPLINE
  5
2E0
330
1F
100
AcDbEntity
  8
Default
 62
   178
420
   395273
370
     0
100
AcDbSpline
210
0.0
220
0.0
230
1.0
 70
     8
 71
     3
 72
     8
 73
     4
 74
     0
 42
0.000000001
 43
0.0000000001
 40
11.0
 40
11.0
 40
11.0
 40
11.0
 40
12.0
 40
12.0
 40
12.0
 40
12.0
 10
-3.218376518449009
 20
2.349853722232719
 30
0.0
 10
-3.333064039430477
 20
2.33313556681553
 30
0.0
 10
-3.447459114544588
 20
2.314857700105776
 30
0.0
 10
-3.561561743791344
 20
2.295117604059244
 30
0.0
  0
SPLINE
  5
2E1
330
1F
100
AcDbEntity
  8
Default
 62
   178
420
   395273
370
     0
100
AcDbSpline
210
0.0
220
0.0
230
1.0
 70
     8
 71
     3
 72
     8
 73
     4
 74
     0
 42
0.000000001
 43
0.0000000001
 40
12.0
 40
12.0
 40
12.0
 40
12.0
 40
13.0
 40
13.0
 40
13.0
 40
13.0
 10
-3.561561743791344
 20
2.295117604059244
 30
0.0
 10
-3.758085366654616
 20
2.281128943404044
 30
0.0
 10
-3.955145140274707
 20
2.274256465521178
 30
0.0
 10
-4.152302395850583
 20
2.274500170410641
 30
0.0
  0
SPLINE
  5
2E2
330
1F
100
AcDbEntity
  8
Default
 62
   178
420
   395273
370
     0
100
AcDbSpline
210
0.0
220
0.0
230
1.0
 70
     8
 71
     3
 72
     8
 73
     4
 74
     0
 42
0.000000001
 43
0.0000000001
 40
13.0
 40
13.0
 40
13.0
 40
13.0
 40
14.0
 40
14.0
 40
14.0
 40
14.0
 10
-4.152302395850583
 20
2.274500170410641
 30
0.0
 10
-4.273569948847562
 20
2.279861677978834
 30
0.0
 10
-4.3924491939278
 20
2.306279287996666
 30
0.0
 10
-4.501970171252645
 20
2.352242030149459
 30
0.0
  0
SPLINE
  5
2E3
330
1F
100
AcDbEntity
  8
Default
 62
   178
420
   395273
370
     0
100
AcDbSpline
210
0.0
220
0.0
230
1.0
 70
     8
 71
     3
 72
     8
 73
     4
 74
     0
 42
0.000000001
 43
0.0000000001
 40
14.0
 40
14.0
 40
14.0
 40
14.0
 40
15.0
 40
15.0
 40
15.0
 40
15.0
 10
-4.501970171252645
 20
2.352242030149459
 30
0.0
 10
-4.561921574060636
 20
2.361990225727994
 30
0.0
 10
-4.622019199802307
 20
2.371104788593925
 30
0.0
 10
-4.682214307499763
 20
2.379585718747252
 30
0.0
  0
SPLINE
  5
2E4
330
1F
100
AcDbEntity
  8
Default
 62
   178
420
   395273
370
     0
100
AcDbSpline
210
0.0
220
0.0
230
1.0
 70
     8
 71
     3
 72
     8
 73
     4
 74
     0
 42
0.000000001
 43
0.0000000001
 40
15.0
 40
15.0
 40
15.0
 40
15.0
 40
16.0
 40
16.0
 40
16.0
 40
16.0
 10
-4.682214307499763
 20
2.379585718747252
 30
0.0
 10
-4.733489816242859
 20
2.401762863688419
 30
0.0
 10
-4.786909928013232
 20
2.419748284530816
 30
0.0
 10
-4.84188975107617
 20
2.433347017362872
 30
0.0
  0
SPLINE
  5
2E5
330
1F
100
AcDbEntity
  8
Default
 62
   178
420
   395273
370
     0
100
AcDbSpline
210
0.0
220
0.0
230
1.0
 70
     8
 71
     3
 72
     8
 73
     4
 74
     0
 42
0.000000001
 43
0.0000000001
 40
16.0
 40
16.0
 40
16.0
 40
16.0
 40
17.0
 40
17.0
 40
17.0
 40
17.0
 10
-4.84188975107617
 20
2.433347017362872
 30
0.0
 10
-5.073116950199028
 20
2.44840797953171
 30
0.0
 10
-5.304782818122919
 20
2.457961211198676
 30
0.0
 10
-5.536594908980488
 20
2.461909230407981
 30
0.0
  0
SPLINE
  5
2E6
330
1F
100
AcDbEntity
  8
Default
 62
   178
420
   395273
370
     0
100
AcDbSpline
210
0.0
220
0.0
230
1.0
 70
     8
 71
     3
 72
     8
 73
     4
 74
     0
 42
0.000000001
 43
0.0000000001
 40
17.0
 40
17.0
 40
17.0
 40
17.0
 40
18.0
 40
18.0
 40
18.0
 40
18.0
 10
-5.536594908980488
 20
2.461909230407981
 30
0.0
 10
-5.580802975929147
 20
2.465711026683612
 30
0.0
 10
-5.625254747767268
 20
2.467124515042499
 30
0.0
 10
-5.669755260583281
 20
2.466149695484643
 30
0.0
  0
SPLINE
  5
2E7
330
1F
100
AcDbEntity
  8
Default
 62
   178
420
   395273
370
     0
100
AcDbSpline
210
0.0
220
0.0
230
1.0
 70
     8
 71
     3
 72
     8
 73
     4
 74
     0
 42
0.000000001
 43
0.0000000001
 40
18.0
 40
18.0
 40
18.0
 40
18.0
 40
19.0
 40
19.0
 40
19.0
 40
19.0
 10
-5.669755260583281
 20
2.466149695484643
 30
0.0
 10
-5.72653849982825
 20
2.466295918418324
 30
0.0
 10
-5.783175516139539
 20
2.460544483026988
 30
0.0
 10
-5.838447785069834
 20
2.449041612244314
 30
0.0
  0
SPLINE
  5
2E8
330
1F
100
AcDbEntity
  8
Default
 62
   178
420
   395273
370
     0
100
AcDbSpline
210
0.0
220
0.0
230
1.0
 70
     8
 71
     3
 72
     8
 73
     4
 74
     0
 42
0.000000001
 43
0.0000000001
 40
19.0
 40
19.0
 40
19.0
 40
19.0
 40
20.0
 40
20.0
 40
20.0
 40
20.0
 10
-5.838447785069834
 20
2.449041612244314
 30
0.0
 10
-5.920235145973746
 20
2.426815726325255
 30
0.0
 10
-6.000609018518769
 20
2.400690562174781
 30
0.0
 10
-6.079179474881764
 20
2.37081234272657
 30
0.0
  0
SPLINE
  5
2E9
330
1F
100
AcDbEntity
  8
Default
 62
   178
420
   395273
370
     0
100
AcDbSpline
210
0.0
220
0.0
230
1.0
 70
     8
 71
     3
 72
     8
 73
     4
 74
     0
 42
0.000000001
 43
0.0000000001
 40
20.0
 40
20.0
 40
20.0
 40
20.0
 40
21.0
 40
21.0
 40
21.0
 40
21.0
 10
-6.079179474881764
 20
2.37081234272657
 30
0.0
 10
-6.194646851509514
 20
2.347757860183334
 30
0.0
 10
-6.314988325926533
 20
2.351364692547392
 30
0.0
 10
-6.428408581482791
 20
2.381145430039817
 30
0.0
  0
SPLINE
  5
2EA
330
1F
100
AcDbEntity
  8
Default
 62
   178
420
   395273
370
     0
100
AcDbSpline
210
0.0
220
0.0
230
1.0
 70
     8
 71
     3
 72
     8
 73
     4
 74
     0
 42
0.000000001
 43
0.0000000001
 40
21.0
 40
21.0
 40
21.0
 40
21.0
 40
22.0
 40
22.0
 40
22.0
 40
22.0
 10
-6.428408581482791
 20
2.381145430039817
 30
0.0
 10
-6.47100819616099
 20
2.385434636094371
 30
0.0
 10
-6.511755653679267
 20
2.398740923059073
 30
0.0
 10
-6.547190344607245
 20
2.419894507464496
 30
0.0
  0
SPLINE
  5
2EB
330
1F
100
AcDbEntity
  8
Default
 62
   178
420
   395273
370
     0
100
AcDbSpline
210
0.0
220
0.0
230
1.0
 70
     8
 71
     3
 72
     8
 73
     4
 74
     0
 42
0.000000001
 43
0.0000000001
 40
22.0
 40
22.0
 40
22.0
 40
22.0
 40
23.0
 40
23.0
 40
23.0
 40
23.0
 10
-6.547190344607245
 20
2.419894507464496
 30
0.0
 10
-6.563762277090754
 20
2.430617522600883
 30
0.0
 10
-6.577019823077561
 20
2.444801147167652
 30
0.0
 10
-6.585695717142457
 20
2.461226856717483
 30
0.0
  0
SPLINE
  5
2EC
330
1F
100
AcDbEntity
  8
Default
 62
   178
420
   395273
370
     0
100
AcDbSpline
210
0.0
220
0.0
230
1.0
 70
     8
 71
     3
 72
     8
 73
     4
 74
     0
 42
0.000000001
 43
0.0000000001
 40
23.0
 40
23.0
 40
23.0
 40
23.0
 40
24.0
 40
24.0
 40
24.0
 40
24.0
 10
-6.585695717142457
 20
2.461226856717483
 30
0.0
 10
-6.601292830068115
 20
2.484476303172292
 30
0.0
 10
-6.61615882832538
 20
2.50811567745024
 30
0.0
 10
-6.630244970936364
 20
2.532096238573435
 30
0.0
  0
LINE
  5
2ED
330
1F
100
AcDbEntity
  8
Default
 62
   178
420
   395273
370
     0
100
AcDbLine
 10
-6.630244970936364
 20
2.532096238573435
 30
0.0
 11
-6.630244970936364
 21
2.605548892257699
 31
0.0
  0
LINE
  5
2EE
330
1F
100
AcDbEntity
  8
Default
 62
   178
420
   395273
370
     0
100
AcDbLine
 10
-6.630244970936364
 20
2.605548892257699
 30
0.0
 11
-3.060601973010415
 21
2.605402669324022
 31
0.0
  0
LINE
  5
2EF
330
1F
100
AcDbEntity
  8
Default
 62
   178
420
   395273
370
     0
100
AcDbLine
 10
-3.060601973010415
 20
2.605402669324022
 30
0.0
 11
-3.060601973010415
 21
2.751333157134694
 31
0.0
  0
LINE
  5
2F0
330
1F
100
AcDbEntity
  8
Default
 62
   178
420
   395273
370
     0
100
AcDbLine
 10
-3.060601973010415
 20
2.751333157134694
 30
0.0
 11
-6.630244970936364
 21
2.751284416156802
 31
0.0
  0
LINE
  5
2F1
330
1F
100
AcDbEntity
  8
Default
 62
   178
420
   395273
370
     0
100
AcDbLine
 10
-6.630244970936364
 20
2.751284416156802
 30
0.0
 11
-6.630244970936364
 21
2.856223741559736
 31
0.0
  0
SPLINE
  5
2F2
330
1F
100
AcDbEntity
  8
Default
 62
   178
420
   395273
370
     0
100
AcDbSpline
210
0.0
220
0.0
230
1.0
 70
     8
 71
     3
 72
     8
 73
     4
 74
     0
 42
0.000000001
 43
0.0000000001
 40
177.1280000682715
 40
177.1280000682715
 40
177.1280000682715
 40
177.1280000682715
 40
178.1280000682715
 40
178.1280000682715
 40
178.1280000682715
 40
178.1280000682715
 10
-6.630244970936364
 20
2.856223741559736
 30
0.0
 10
-6.632389573963643
 20
2.925192225277871
 30
0.0
 10
-6.617474834728483
 20
2.993722040194974
 30
0.0
 10
-6.586621795722418
 20
3.05718279341124
 30
0.0
  0
SPLINE
  5
2F3
330
1F
100
AcDbEntity
  8
Default
 62
   178
420
   395273
370
     0
100
AcDbSpline
210
0.0
220
0.0
230
1.0
 70
     8
 71
     3
 72
     8
 73
     4
 74
     0
 42
0.000000001
 43
0.0000000001
 40
178.1280000682715
 40
178.1280000682715
 40
178.1280000682715
 40
178.1280000682715
 40
179.1280000682715
 40
179.1280000682715
 40
179.1280000682715
 40
179.1280000682715
 10
-6.586621795722418
 20
3.05718279341124
 30
0.0
 10
-6.565906880118032
 20
3.09758906408427
 30
0.0
 10
-6.531398267770016
 20
3.131415302741785
 30
0.0
 10
-6.487921315489749
 20
3.15388489355031
 30
0.0
  0
SPLINE
  5
2F4
330
1F
100
AcDbEntity
  8
Default
 62
   178
420
   395273
370
     0
100
AcDbSpline
210
0.0
220
0.0
230
1.0
 70
     8
 71
     3
 72
     8
 73
     4
 74
     0
 42
0.000000001
 43
0.0000000001
 40
179.1280000682715
 40
179.1280000682715
 40
179.1280000682715
 40
179.1280000682715
 40
180.1280000682715
 40
180.1280000682715
 40
180.1280000682715
 40
180.1280000682715
 10
-6.487921315489749
 20
3.15388489355031
 30
0.0
 10
-6.44424939929791
 20
3.170408085055927
 30
0.0
 10
-6.396824427808336
 20
3.177816713695613
 30
0.0
 10
-6.349350715340869
 20
3.175525887734659
 30
0.0
  0
SPLINE
  5
2F5
330
1F
100
AcDbEntity
  8
Default
 62
   178
420
   395273
370
     0
100
AcDbSpline
210
0.0
220
0.0
230
1.0
 70
     8
 71
     3
 72
     8
 73
     4
 74
     0
 42
0.000000001
 43
0.0000000001
 40
180.1280000682715
 40
180.1280000682715
 40
180.1280000682715
 40
180.1280000682715
 40
181.1280000682715
 40
181.1280000682715
 40
181.1280000682715
 40
181.1280000682715
 10
-6.349350715340869
 20
3.175525887734659
 30
0.0
 10
-6.293737259565326
 20
3.170310603100141
 30
0.0
 10
-6.238854918458172
 20
3.160172479698466
 30
0.0
 10
-6.185629770599369
 20
3.145208999485413
 30
0.0
  0
LINE
  5
2F6
330
1F
100
AcDbEntity
  8
Default
 62
   178
420
   395273
370
     0
100
AcDbLine
 10
-6.185629770599369
 20
3.145208999485413
 30
0.0
 11
-5.860137520232075
 21
3.036126690961603
 31
0.0
  0
SPLINE
  5
2F7
330
1F
100
AcDbEntity
  8
Default
 62
   178
420
   395273
370
     0
100
AcDbSpline
210
0.0
220
0.0
230
1.0
 70
     8
 71
     3
 72
     8
 73
     4
 74
     0
 42
0.000000001
 43
0.0000000001
 40
188.1710340735848
 40
188.1710340735848
 40
188.1710340735848
 40
188.1710340735848
 40
189.1710340735848
 40
189.1710340735848
 40
189.1710340735848
 40
189.1710340735848
 10
-5.860137520232075
 20
3.036126690961603
 30
0.0
 10
-5.756952870033279
 20
2.985972224710039
 30
0.0
 10
-5.646457073150581
 20
2.948539153688463
 30
0.0
 10
-5.531623329235436
 20
2.924802297454731
 30
0.0
  0
SPLINE
  5
2F8
330
1F
100
AcDbEntity
  8
Default
 62
   178
420
   395273
370
     0
100
AcDbSpline
210
0.0
220
0.0
230
1.0
 70
     8
 71
     3
 72
     8
 73
     4
 74
     0
 42
0.000000001
 43
0.0000000001
 40
189.1710340735848
 40
189.1710340735848
 40
189.1710340735848
 40
189.1710340735848
 40
190.1710340735848
 40
190.1710340735848
 40
190.1710340735848
 40
190.1710340735848
 10
-5.531623329235436
 20
2.924802297454731
 30
0.0
 10
-5.296155665035916
 20
2.891073540752998
 30
0.0
 10
-5.057958506074406
 20
2.874550349247381
 30
0.0
 10
-4.819371419289754
 20
2.875232722937879
 30
0.0
  0
SPLINE
  5
2F9
330
1F
100
AcDbEntity
  8
Default
 62
   178
420
   395273
370
     0
100
AcDbSpline
210
0.0
220
0.0
230
1.0
 70
     8
 71
     3
 72
     8
 73
     4
 74
     0
 42
0.000000001
 43
0.0000000001
 40
190.1710340735848
 40
190.1710340735848
 40
190.1710340735848
 40
190.1710340735848
 40
191.1710340735848
 40
191.1710340735848
 40
191.1710340735848
 40
191.1710340735848
 10
-4.819371419289754
 20
2.875232722937879
 30
0.0
 10
-4.743091788887716
 20
2.870992257861217
 30
0.0
 10
-4.666568453596213
 20
2.877328584987264
 30
0.0
 10
-4.592530908177238
 20
2.894046740404451
 30
0.0
  0
SPLINE
  5
2FA
330
1F
100
AcDbEntity
  8
Default
 62
   178
420
   395273
370
     0
100
AcDbSpline
210
0.0
220
0.0
230
1.0
 70
     8
 71
     3
 72
     8
 73
     4
 74
     0
 42
0.000000001
 43
0.0000000001
 40
191.1710340735848
 40
191.1710340735848
 40
191.1710340735848
 40
191.1710340735848
 40
192.1710340735848
 40
192.1710340735848
 40
192.1710340735848
 40
192.1710340735848
 10
-4.592530908177238
 20
2.894046740404451
 30
0.0
 10
-4.500264237026402
 20
2.91622388534562
 30
0.0
 10
-4.408143788809242
 20
2.938937181043608
 30
0.0
 10
-4.316218304503654
 20
2.962186627498413
 30
0.0
  0
SPLINE
  5
2FB
330
1F
100
AcDbEntity
  8
Default
 62
   178
420
   395273
370
     0
100
AcDbSpline
210
0.0
220
0.0
230
1.0
 70
     8
 71
     3
 72
     8
 73
     4
 74
     0
 42
0.000000001
 43
0.0000000001
 40
192.1710340735848
 40
192.1710340735848
 40
192.1710340735848
 40
192.1710340735848
 40
193.1710340735848
 40
193.1710340735848
 40
193.1710340735848
 40
193.1710340735848
 10
-4.316218304503654
 20
2.962186627498413
 30
0.0
 10
-4.238037775963801
 20
2.981098126920771
 30
0.0
 10
-4.158005090264026
 20
2.993332112371834
 30
0.0
 10
-4.077192548917969
 20
2.998791101895815
 30
0.0
  0
SPLINE
  5
2FC
330
1F
100
AcDbEntity
  8
Default
 62
   178
420
   395273
370
     0
100
AcDbSpline
210
0.0
220
0.0
230
1.0
 70
     8
 71
     3
 72
     8
 73
     4
 74
     0
 42
0.000000001
 43
0.0000000001
 40
193.1710340735848
 40
193.1710340735848
 40
193.1710340735848
 40
193.1710340735848
 40
194.1710340735848
 40
194.1710340735848
 40
194.1710340735848
 40
194.1710340735848
 10
-4.077192548917969
 20
2.998791101895815
 30
0.0
 10
-3.755014685047377
 20
3.034274533801681
 30
0.0
 10
-3.427767759475947
 20
3.006492176402856
 30
0.0
 10
-3.119286110393198
 20
2.917393668815044
 30
0.0
  0
LINE
  5
2FD
330
1F
100
AcDbEntity
  8
Default
 62
   178
420
   395273
370
     0
100
AcDbLine
 10
-3.119286110393198
 20
2.917393668815044
 30
0.0
 11
-2.897563401959412
 21
2.875768873694696
 31
0.0
  0
SPLINE
  5
2FE
330
1F
100
AcDbEntity
  8
Default
 62
   178
420
   395273
370
     0
100
AcDbSpline
210
0.0
220
0.0
230
1.0
 70
     8
 71
     3
 72
     8
 73
     4
 74
     0
 42
0.000000001
 43
0.0000000001
 40
198.7995021786926
 40
198.7995021786926
 40
198.7995021786926
 40
198.7995021786926
 40
199.7995021786926
 40
199.7995021786926
 40
199.7995021786926
 40
199.7995021786926
 10
-2.897563401959412
 20
2.875768873694696
 30
0.0
 10
-2.641624527044967
 20
2.84920504074319
 30
0.0
 10
-2.384272163771636
 20
2.834923934220635
 30
0.0
 10
-2.126578613653054
 20
2.832925554127036
 30
0.0
  0
SPLINE
  5
2FF
330
1F
100
AcDbEntity
  8
Default
 62
   178
420
   395273
370
     0
100
AcDbSpline
210
0.0
220
0.0
230
1.0
 70
     8
 71
     3
 72
     8
 73
     4
 74
     0
 42
0.000000001
 43
0.0000000001
 40
199.7995021786926
 40
199.7995021786926
 40
199.7995021786926
 40
199.7995021786926
 40
200.7995021786926
 40
200.7995021786926
 40
200.7995021786926
 40
200.7995021786926
 10
-2.126578613653054
 20
2.832925554127036
 30
0.0
 10
-2.063264083370469
 20
2.832535626303893
 30
0.0
 10
-1.999949553087882
 20
2.834923934220635
 30
0.0
 10
-1.936878727694758
 20
2.840041736899364
 30
0.0
  0
SPLINE
  5
300
330
1F
100
AcDbEntity
  8
Default
 62
   178
420
   395273
370
     0
100
AcDbSpline
210
0.0
220
0.0
230
1.0
 70
     8
 71
     3
 72
     8
 73
     4
 74
     0
 42
0.000000001
 43
0.0000000001
 40
200.7995021786926
 40
200.7995021786926
 40
200.7995021786926
 40
200.7995021786926
 40
201.7995021786926
 40
201.7995021786926
 40
201.7995021786926
 40
201.7995021786926
 10
-1.936878727694758
 20
2.840041736899364
 30
0.0
 10
-1.823750918005856
 20
2.850423565190506
 30
0.0
 10
-1.711402963963236
 20
2.866556828872982
 30
0.0
 10
-1.600371016323719
 20
2.888392786968901
 30
0.0
  0
SPLINE
  5
301
330
1F
100
AcDbEntity
  8
Default
 62
   178
420
   395273
370
     0
100
AcDbSpline
210
0.0
220
0.0
230
1.0
 70
     8
 71
     3
 72
     8
 73
     4
 74
     0
 42
0.000000001
 43
0.0000000001
 40
201.7995021786926
 40
201.7995021786926
 40
201.7995021786926
 40
201.7995021786926
 40
202.7995021786926
 40
202.7995021786926
 40
202.7995021786926
 40
202.7995021786926
 10
-1.600371016323719
 20
2.888392786968901
 30
0.0
 10
-1.440890536658882
 20
2.903453749137739
 30
0.0
 10
-1.279655381789907
 20
2.881179122240786
 30
0.0
 10
-1.133140002244522
 20
2.823859732238996
 30
0.0
  0
SPLINE
  5
302
330
1F
100
AcDbEntity
  8
Default
 62
   178
420
   395273
370
     0
100
AcDbSpline
210
0.0
220
0.0
230
1.0
 70
     8
 71
     3
 72
     8
 73
     4
 74
     0
 42
0.000000001
 43
0.0000000001
 40
202.7995021786926
 40
202.7995021786926
 40
202.7995021786926
 40
202.7995021786926
 40
203.7995021786926
 40
203.7995021786926
 40
203.7995021786926
 40
203.7995021786926
 10
-1.133140002244522
 20
2.823859732238996
 30
0.0
 10
-0.8748615603912301
 20
2.850082378345257
 30
0.0
 10
-0.6151696301790495
 20
2.864460966823597
 30
0.0
 10
-0.3551852540995128
 20
2.866995497674017
 30
0.0
  0
LINE
  5
303
330
1F
100
AcDbEntity
  8
Default
 62
   178
420
   395273
370
     0
100
AcDbLine
 10
-0.3551852540995128
 20
2.866995497674017
 30
0.0
 11
-0.3551852540995128
 21
2.117602962574116
 31
0.0
  0
LINE
  5
304
330
1F
100
AcDbEntity
  8
Default
 62
   178
420
   395273
370
     0
100
AcDbLine
 10
-0.3551852540995128
 20
2.117602962574116
 30
0.0
 11
-0.189076001441272
 21
2.117602962574116
 31
0.0
  0
LINE
  5
305
330
1F
100
AcDbEntity
  8
Default
 62
   178
420
   395273
370
     0
100
AcDbLine
 10
-0.189076001441272
 20
2.117602962574116
 30
0.0
 11
-0.189076001441272
 21
2.866898015718232
 31
0.0
  0
SPLINE
  5
306
330
1F
100
AcDbEntity
  8
Default
 62
   178
420
   395273
370
     0
100
AcDbSpline
210
0.0
220
0.0
230
1.0
 70
     8
 71
     3
 72
     8
 73
     4
 74
     0
 42
0.000000001
 43
0.0000000001
 40
237.9555021786926
 40
237.9555021786926
 40
237.9555021786926
 40
237.9555021786926
 40
238.9555021786926
 40
238.9555021786926
 40
238.9555021786926
 40
238.9555021786926
 10
-0.189076001441272
 20
2.866898015718232
 30
0.0
 10
0.0341089363292941
 20
2.864363484867811
 30
0.0
 10
0.25709891018829
 20
2.853153059952495
 30
0.0
 10
0.4791140644894304
 20
2.833217999994391
 30
0.0
  0
SPLINE
  5
307
330
1F
100
AcDbEntity
  8
Default
 62
   178
420
   395273
370
     0
100
AcDbSpline
210
0.0
220
0.0
230
1.0
 70
     8
 71
     3
 72
     8
 73
     4
 74
     0
 42
0.000000001
 43
0.0000000001
 40
238.9555021786926
 40
238.9555021786926
 40
238.9555021786926
 40
238.9555021786926
 40
239.9555021786926
 40
239.9555021786926
 40
239.9555021786926
 40
239.9555021786926
 10
0.4791140644894304
 20
2.833217999994391
 30
0.0
 10
0.8187899394234941
 20
2.804948232816639
 30
0.0
 10
1.15451779514825
 20
2.747531360859066
 30
0.0
 10
1.481423533874431
 20
2.661844721723742
 30
0.0
  0
SPLINE
  5
308
330
1F
100
AcDbEntity
  8
Default
 62
   178
420
   395273
370
     0
100
AcDbSpline
210
0.0
220
0.0
230
1.0
 70
     8
 71
     3
 72
     8
 73
     4
 74
     0
 42
0.000000001
 43
0.0000000001
 40
239.9555021786926
 40
239.9555021786926
 40
239.9555021786926
 40
239.9555021786926
 40
240.9555021786926
 40
240.9555021786926
 40
240.9555021786926
 40
240.9555021786926
 10
1.481423533874431
 20
2.661844721723742
 30
0.0
 10
1.59157814391188
 20
2.634062364324914
 30
0.0
 10
1.697687252784237
 20
2.595118322988666
 30
0.0
 10
1.79755751648633
 20
2.545743712383386
 30
0.0
  0
SPLINE
  5
309
330
1F
100
AcDbEntity
  8
Default
 62
   178
420
   395273
370
     0
100
AcDbSpline
210
0.0
220
0.0
230
1.0
 70
     8
 71
     3
 72
     8
 73
     4
 74
     0
 42
0.000000001
 43
0.0000000001
 40
240.9555021786926
 40
240.9555021786926
 40
240.9555021786926
 40
240.9555021786926
 40
241.9555021786926
 40
241.9555021786926
 40
241.9555021786926
 40
241.9555021786926
 10
1.79755751648633
 20
2.545743712383386
 30
0.0
 10
1.98837844493616
 20
2.448505461487496
 30
0.0
 10
2.166526719133891
 20
2.333281789749207
 30
0.0
 10
2.328834175516505
 20
2.202168559217908
 30
0.0
  0
SPLINE
  5
30A
330
1F
100
AcDbEntity
  8
Default
 62
   178
420
   395273
370
     0
100
AcDbSpline
210
0.0
220
0.0
230
1.0
 70
     8
 71
     3
 72
     8
 73
     4
 74
     0
 42
0.000000001
 43
0.0000000001
 40
241.9555021786926
 40
241.9555021786926
 40
241.9555021786926
 40
241.9555021786926
 40
242.9555021786926
 40
242.9555021786926
 40
242.9555021786926
 40
242.9555021786926
 10
2.328834175516505
 20
2.202168559217908
 30
0.0
 10
2.411937542823519
 20
2.137635504488006
 30
0.0
 10
2.487486058557166
 20
2.065937526007879
 30
0.0
 10
2.554358680225918
 20
1.988195666269059
 30
0.0
  0
SPLINE
  5
30B
330
1F
100
AcDbEntity
  8
Default
 62
   178
420
   395273
370
     0
100
AcDbSpline
210
0.0
220
0.0
230
1.0
 70
     8
 71
     3
 72
     8
 73
     4
 74
     0
 42
0.000000001
 43
0.0000000001
 40
242.9555021786926
 40
242.9555021786926
 40
242.9555021786926
 40
242.9555021786926
 40
243.9555021786926
 40
243.9555021786926
 40
243.9555021786926
 40
243.9555021786926
 10
2.554358680225918
 20
1.988195666269059
 30
0.0
 10
2.58881855159604
 20
1.951103782092733
 30
0.0
 10
2.618696771044252
 20
1.910843734353382
 30
0.0
 10
2.643408446835838
 20
1.868146637719398
 30
0.0
  0
SPLINE
  5
30C
330
1F
100
AcDbEntity
  8
Default
 62
   178
420
   395273
370
     0
100
AcDbSpline
210
0.0
220
0.0
230
1.0
 70
     8
 71
     3
 72
     8
 73
     4
 74
     0
 42
0.000000001
 43
0.0000000001
 40
243.9555021786926
 40
243.9555021786926
 40
243.9555021786926
 40
243.9555021786926
 40
244.9555021786926
 40
244.9555021786926
 40
244.9555021786926
 40
244.9555021786926
 10
2.643408446835838
 20
1.868146637719398
 30
0.0
 10
2.717299769321136
 20
1.737959485768057
 30
0.0
 10
2.764578517877033
 20
1.597341764547685
 30
0.0
 10
2.783100089476249
 20
1.452776024118006
 30
0.0
  0
LINE
  5
30D
330
1F
100
AcDbEntity
  8
Default
 62
   178
420
   395273
370
     0
100
AcDbLine
 10
2.783100089476249
 20
1.452776024118006
 30
0.0
 11
0.4056614108051681
 21
1.452776024118006
 31
0.0
  0
LINE
  5
30E
330
1F
100
AcDbEntity
  8
Default
 62
   178
420
   395273
370
     0
100
AcDbLine
 10
0.4056614108051681
 20
1.452776024118006
 30
0.0
 11
0.4056614108051681
 21
1.30694301826312
 31
0.0
  0
LINE
  5
30F
330
1F
100
AcDbEntity
  8
Default
 62
   178
420
   395273
370
     0
100
AcDbLine
 10
0.4056614108051681
 20
1.30694301826312
 30
0.0
 11
2.783100089476249
 21
1.30694301826312
 31
0.0
  0
SPLINE
  5
310
330
1F
100
AcDbEntity
  8
Default
 62
   178
420
   395273
370
     0
100
AcDbSpline
210
0.0
220
0.0
230
1.0
 70
     8
 71
     3
 72
     8
 73
     4
 74
     0
 42
0.000000001
 43
0.0000000001
 40
345.5015021786925
 40
345.5015021786925
 40
345.5015021786925
 40
345.5015021786925
 40
346.5015021786925
 40
346.5015021786925
 40
346.5015021786925
 40
346.5015021786925
 10
2.783100089476249
 20
1.30694301826312
 30
0.0
 10
2.764578517877033
 20
1.162377277833441
 30
0.0
 10
2.717299769321136
 20
1.02175955661307
 30
0.0
 10
2.643408446835838
 20
0.8915724046617286
 30
0.0
  0
SPLINE
  5
311
330
1F
100
AcDbEntity
  8
Default
 62
   178
420
   395273
370
     0
100
AcDbSpline
210
0.0
220
0.0
230
1.0
 70
     8
 71
     3
 72
     8
 73
     4
 74
     0
 42
0.000000001
 43
0.0000000001
 40
346.5015021786925
 40
346.5015021786925
 40
346.5015021786925
 40
346.5015021786925
 40
347.5015021786925
 40
347.5015021786925
 40
347.5015021786925
 40
347.5015021786925
 10
2.643408446835838
 20
0.8915724046617286
 30
0.0
 10
2.618696771044252
 20
0.8488753080277451
 30
0.0
 10
2.58881855159604
 20
0.8086152602883933
 30
0.0
 10
2.554358680225918
 20
0.771523376112068
 30
0.0
  0
SPLINE
  5
312
330
1F
100
AcDbEntity
  8
Default
 62
   178
420
   395273
370
     0
100
AcDbSpline
210
0.0
220
0.0
230
1.0
 70
     8
 71
     3
 72
     8
 73
     4
 74
     0
 42
0.000000001
 43
0.0000000001
 40
347.5015021786925
 40
347.5015021786925
 40
347.5015021786925
 40
347.5015021786925
 40
348.5015021786925
 40
348.5015021786925
 40
348.5015021786925
 40
348.5015021786925
 10
2.554358680225918
 20
0.771523376112068
 30
0.0
 10
2.487486058557166
 20
0.6937815163732477
 30
0.0
 10
2.411937542823519
 20
0.6221322788710146
 30
0.0
 10
2.328834175516505
 20
0.5575504831632189
 30
0.0
  0
SPLINE
  5
313
330
1F
100
AcDbEntity
  8
Default
 62
   178
420
   395273
370
     0
100
AcDbSpline
210
0.0
220
0.0
230
1.0
 70
     8
 71
     3
 72
     8
 73
     4
 74
     0
 42
0.000000001
 43
0.0000000001
 40
348.5015021786925
 40
348.5015021786925
 40
348.5015021786925
 40
348.5015021786925
 40
349.5015021786925
 40
349.5015021786925
 40
349.5015021786925
 40
349.5015021786925
 10
2.328834175516505
 20
0.5575504831632189
 30
0.0
 10
2.166526719133891
 20
0.4264372526319192
 30
0.0
 10
1.98837844493616
 20
0.3112135808936303
 30
0.0
 10
1.79755751648633
 20
0.2139753299977405
 30
0.0
  0
SPLINE
  5
314
330
1F
100
AcDbEntity
  8
Default
 62
   178
420
   395273
370
     0
100
AcDbSpline
210
0.0
220
0.0
230
1.0
 70
     8
 71
     3
 72
     8
 73
     4
 74
     0
 42
0.000000001
 43
0.0000000001
 40
349.5015021786925
 40
349.5015021786925
 40
349.5015021786925
 40
349.5015021786925
 40
350.5015021786925
 40
350.5015021786925
 40
350.5015021786925
 40
350.5015021786925
 10
1.79755751648633
 20
0.2139753299977405
 30
0.0
 10
1.697735993762129
 20
0.1646007193924603
 30
0.0
 10
1.59157814391188
 20
0.1256566780562128
 30
0.0
 10
1.481423533874431
 20
0.0979230616352791
 30
0.0
  0
SPLINE
  5
315
330
1F
100
AcDbEntity
  8
Default
 62
   178
420
   395273
370
     0
100
AcDbSpline
210
0.0
220
0.0
230
1.0
 70
     8
 71
     3
 72
     8
 73
     4
 74
     0
 42
0.000000001
 43
0.0000000001
 40
350.5015021786925
 40
350.5015021786925
 40
350.5015021786925
 40
350.5015021786925
 40
351.5015021786925
 40
351.5015021786925
 40
351.5015021786925
 40
351.5015021786925
 10
1.481423533874431
 20
0.0979230616352791
 30
0.0
 10
1.15451779514825
 20
0.0121876815220604
 30
0.0
 10
0.8187899394234941
 20
-0.0452291904355124
 30
0.0
 10
0.4791140644894304
 20
-0.073498957613264
 30
0.0
  0
SPLINE
  5
316
330
1F
100
AcDbEntity
  8
Default
 62
   178
420
   395273
370
     0
100
AcDbSpline
210
0.0
220
0.0
230
1.0
 70
     8
 71
     3
 72
     8
 73
     4
 74
     0
 42
0.000000001
 43
0.0000000001
 40
351.5015021786925
 40
351.5015021786925
 40
351.5015021786925
 40
351.5015021786925
 40
352.5015021786925
 40
352.5015021786925
 40
352.5015021786925
 40
352.5015021786925
 10
0.4791140644894304
 20
-0.073498957613264
 30
0.0
 10
0.25709891018829
 20
-0.0934340175713683
 30
0.0
 10
0.0341089363292941
 20
-0.1046444424866848
 30
0.0
 10
-0.189076001441272
 20
-0.107178973337105
 30
0.0
  0
LINE
  5
317
330
1F
100
AcDbEntity
  8
Default
 62
   178
420
   395273
370
     0
100
AcDbLine
 10
-0.189076001441272
 20
-0.107178973337105
 30
0.0
 11
-0.189076001441272
 21
0.6421160798070105
 31
0.0
  0
LINE
  5
318
330
1F
100
AcDbEntity
  8
Default
 62
   178
420
   395273
370
     0
100
AcDbLine
 10
-0.189076001441272
 20
0.6421160798070105
 30
0.0
 11
-0.3551852540995128
 21
0.6421160798070105
 31
0.0
  0
LINE
  5
319
330
1F
100
AcDbEntity
  8
Default
 62
   178
420
   395273
370
     0
100
AcDbLine
 10
-0.3551852540995128
 20
0.6421160798070105
 30
0.0
 11
-0.3551852540995128
 21
-0.1072764552928908
 31
0.0
  0
SPLINE
  5
31A
330
1F
100
AcDbEntity
  8
Default
 62
   178
420
   395273
370
     0
100
AcDbSpline
210
0.0
220
0.0
230
1.0
 70
     8
 71
     3
 72
     8
 73
     4
 74
     0
 42
0.000000001
 43
0.0000000001
 40
386.6575021786925
 40
386.6575021786925
 40
386.6575021786925
 40
386.6575021786925
 40
387.6575021786925
 40
387.6575021786925
 40
387.6575021786925
 40
387.6575021786925
 10
-0.3551852540995128
 20
-0.1072764552928908
 30
0.0
 10
-0.6151696301790495
 20
-0.1047419244424706
 30
0.0
 10
-0.8748615603912301
 20
-0.0903633359641303
 30
0.0
 10
-1.133140002244522
 20
-0.0641406898578698
 30
0.0
  0
SPLINE
  5
31B
330
1F
100
AcDbEntity
  8
Default
 62
   178
420
   395273
370
     0
100
AcDbSpline
210
0.0
220
0.0
230
1.0
 70
     8
 71
     3
 72
     8
 73
     4
 74
     0
 42
0.000000001
 43
0.0000000001
 40
387.6575021786925
 40
387.6575021786925
 40
387.6575021786925
 40
387.6575021786925
 40
388.6575021786925
 40
388.6575021786925
 40
388.6575021786925
 40
388.6575021786925
 10
-1.133140002244522
 20
-0.0641406898578698
 30
0.0
 10
-1.279655381789907
 20
-0.1214600798596595
 30
0.0
 10
-1.440890536658882
 20
-0.1436859657787181
 30
0.0
 10
-1.600371016323719
 20
-0.1286737445877741
 30
0.0
  0
SPLINE
  5
31C
330
1F
100
AcDbEntity
  8
Default
 62
   178
420
   395273
370
     0
100
AcDbSpline
210
0.0
220
0.0
230
1.0
 70
     8
 71
     3
 72
     8
 73
     4
 74
     0
 42
0.000000001
 43
0.0000000001
 40
388.6575021786925
 40
388.6575021786925
 40
388.6575021786925
 40
388.6575021786925
 40
389.6575021786925
 40
389.6575021786925
 40
389.6575021786925
 40
389.6575021786925
 10
-1.600371016323719
 20
-0.1286737445877741
 30
0.0
 10
-1.711402963963236
 20
-0.106837786491856
 30
0.0
 10
-1.823750918005856
 20
-0.0907045228093792
 30
0.0
 10
-1.936878727694758
 20
-0.0803226945182381
 30
0.0
  0
SPLINE
  5
31D
330
1F
100
AcDbEntity
  8
Default
 62
   178
420
   395273
370
     0
100
AcDbSpline
210
0.0
220
0.0
230
1.0
 70
     8
 71
     3
 72
     8
 73
     4
 74
     0
 42
0.000000001
 43
0.0000000001
 40
389.6575021786925
 40
389.6575021786925
 40
389.6575021786925
 40
389.6575021786925
 40
390.6575021786925
 40
390.6575021786925
 40
390.6575021786925
 40
390.6575021786925
 10
-1.936878727694758
 20
-0.0803226945182381
 30
0.0
 10
-1.999949553087882
 20
-0.0751561508616146
 30
0.0
 10
-2.063264083370469
 20
-0.072816583922766
 30
0.0
 10
-2.126578613653054
 20
-0.0732065117459093
 30
0.0
  0
SPLINE
  5
31E
330
1F
100
AcDbEntity
  8
Default
 62
   178
420
   395273
370
     0
100
AcDbSpline
210
0.0
220
0.0
230
1.0
 70
     8
 71
     3
 72
     8
 73
     4
 74
     0
 42
0.000000001
 43
0.0000000001
 40
390.6575021786925
 40
390.6575021786925
 40
390.6575021786925
 40
390.6575021786925
 40
391.6575021786925
 40
391.6575021786925
 40
391.6575021786925
 40
391.6575021786925
 10
-2.126578613653054
 20
-0.0732065117459093
 30
0.0
 10
-2.384272163771636
 20
-0.0752048918395089
 30
0.0
 10
-2.641624527044967
 20
-0.0894859983620634
 30
0.0
 10
-2.897563401959412
 20
-0.1160010903356786
 30
0.0
  0
LINE
  5
31F
330
1F
100
AcDbEntity
  8
Default
 62
   178
420
   395273
370
     0
100
AcDbLine
 10
-2.897563401959412
 20
-0.1160010903356786
 30
0.0
 11
-3.119286110393198
 21
-0.1576746264339179
 31
0.0
  0
SPLINE
  5
320
330
1F
100
AcDbEntity
  8
Default
 62
   178
420
   395273
370
     0
100
AcDbSpline
210
0.0
220
0.0
230
1.0
 70
     8
 71
     3
 72
     8
 73
     4
 74
     0
 42
0.000000001
 43
0.0000000001
 40
396.2861548984372
 40
396.2861548984372
 40
396.2861548984372
 40
396.2861548984372
 40
397.2861548984372
 40
397.2861548984372
 40
397.2861548984372
 40
397.2861548984372
 10
-3.119286110393198
 20
-0.1576746264339179
 30
0.0
 10
-3.427767759475947
 20
-0.2467731340217293
 30
0.0
 10
-3.755014685047377
 20
-0.2745554914205546
 30
0.0
 10
-4.077192548917969
 20
-0.2390233185367941
 30
0.0
  0
SPLINE
  5
321
330
1F
100
AcDbEntity
  8
Default
 62
   178
420
   395273
370
     0
100
AcDbSpline
210
0.0
220
0.0
230
1.0
 70
     8
 71
     3
 72
     8
 73
     4
 74
     0
 42
0.000000001
 43
0.0000000001
 40
397.2861548984372
 40
397.2861548984372
 40
397.2861548984372
 40
397.2861548984372
 40
398.2861548984372
 40
398.2861548984372
 40
398.2861548984372
 40
398.2861548984372
 10
-4.077192548917969
 20
-0.2390233185367941
 30
0.0
 10
-4.158005090264026
 20
-0.2336130699907076
 30
0.0
 10
-4.238037775963801
 20
-0.2213790845396441
 30
0.0
 10
-4.316218304503654
 20
-0.2024675851172868
 30
0.0
  0
SPLINE
  5
322
330
1F
100
AcDbEntity
  8
Default
 62
   178
420
   395273
370
     0
100
AcDbSpline
210
0.0
220
0.0
230
1.0
 70
     8
 71
     3
 72
     8
 73
     4
 74
     0
 42
0.000000001
 43
0.0000000001
 40
398.2861548984372
 40
398.2861548984372
 40
398.2861548984372
 40
398.2861548984372
 40
399.2861548984372
 40
399.2861548984372
 40
399.2861548984372
 40
399.2861548984372
 10
-4.316218304503654
 20
-0.2024675851172868
 30
0.0
 10
-4.408143788809242
 20
-0.1792181386624813
 30
0.0
 10
-4.500264237026402
 20
-0.1565048429644936
 30
0.0
 10
-4.592530908177238
 20
-0.1343276980233238
 30
0.0
  0
SPLINE
  5
323
330
1F
100
AcDbEntity
  8
Default
 62
   178
420
   395273
370
     0
100
AcDbSpline
210
0.0
220
0.0
230
1.0
 70
     8
 71
     3
 72
     8
 73
     4
 74
     0
 42
0.000000001
 43
0.0000000001
 40
399.2861548984372
 40
399.2861548984372
 40
399.2861548984372
 40
399.2861548984372
 40
400.2861548984372
 40
400.2861548984372
 40
400.2861548984372
 40
400.2861548984372
 10
-4.592530908177238
 20
-0.1343276980233238
 30
0.0
 10
-4.666568453596213
 20
-0.1176095426061377
 30
0.0
 10
-4.743091788887716
 20
-0.11127321548009
 30
0.0
 10
-4.819371419289754
 20
-0.1155136805567523
 30
0.0
  0
SPLINE
  5
324
330
1F
100
AcDbEntity
  8
Default
 62
   178
420
   395273
370
     0
100
AcDbSpline
210
0.0
220
0.0
230
1.0
 70
     8
 71
     3
 72
     8
 73
     4
 74
     0
 42
0.000000001
 43
0.0000000001
 40
400.2861548984372
 40
400.2861548984372
 40
400.2861548984372
 40
400.2861548984372
 40
401.2861548984372
 40
401.2861548984372
 40
401.2861548984372
 40
401.2861548984372
 10
-4.819371419289754
 20
-0.1155136805567523
 30
0.0
 10
-5.057958506074406
 20
-0.1148313068662543
 30
0.0
 10
-5.296155665035916
 20
-0.1313544983718716
 30
0.0
 10
-5.531623329235436
 20
-0.1650832550736041
 30
0.0
  0
SPLINE
  5
325
330
1F
100
AcDbEntity
  8
Default
 62
   178
420
   395273
370
     0
100
AcDbSpline
210
0.0
220
0.0
230
1.0
 70
     8
 71
     3
 72
     8
 73
     4
 74
     0
 42
0.000000001
 43
0.0000000001
 40
401.2861548984372
 40
401.2861548984372
 40
401.2861548984372
 40
401.2861548984372
 40
402.2861548984372
 40
402.2861548984372
 40
402.2861548984372
 40
402.2861548984372
 10
-5.531623329235436
 20
-0.1650832550736041
 30
0.0
 10
-5.646457073150581
 20
-0.1888201113073359
 30
0.0
 10
-5.756952870033279
 20
-0.2262531823289129
 30
0.0
 10
-5.860137520232075
 20
-0.2764076485804768
 30
0.0
  0
LINE
  5
326
330
1F
100
AcDbEntity
  8
Default
 62
   178
420
   395273
370
     0
100
AcDbLine
 10
-5.860137520232075
 20
-0.2764076485804768
 30
0.0
 11
-6.185629770599369
 21
-0.3854899571042869
 31
0.0
  0
SPLINE
  5
327
330
1F
100
AcDbEntity
  8
Default
 62
   178
420
   395273
370
     0
100
AcDbSpline
210
0.0
220
0.0
230
1.0
 70
     8
 71
     3
 72
     8
 73
     4
 74
     0
 42
0.000000001
 43
0.0000000001
 40
409.3291889037506
 40
409.3291889037506
 40
409.3291889037506
 40
409.3291889037506
 40
410.3291889037506
 40
410.3291889037506
 40
410.3291889037506
 40
410.3291889037506
 10
-6.185629770599369
 20
-0.3854899571042869
 30
0.0
 10
-6.238854918458172
 20
-0.4004534373173393
 30
0.0
 10
-6.293737259565326
 20
-0.4105915607190146
 30
0.0
 10
-6.349350715340869
 20
-0.4158068453535323
 30
0.0
  0
SPLINE
  5
328
330
1F
100
AcDbEntity
  8
Default
 62
   178
420
   395273
370
     0
100
AcDbSpline
210
0.0
220
0.0
230
1.0
 70
     8
 71
     3
 72
     8
 73
     4
 74
     0
 42
0.000000001
 43
0.0000000001
 40
410.3291889037506
 40
410.3291889037506
 40
410.3291889037506
 40
410.3291889037506
 40
411.3291889037506
 40
411.3291889037506
 40
411.3291889037506
 40
411.3291889037506
 10
-6.349350715340869
 20
-0.4158068453535323
 30
0.0
 10
-6.396824427808336
 20
-0.4180976713144866
 30
0.0
 10
-6.44424939929791
 20
-0.4106890426748004
 30
0.0
 10
-6.487921315489749
 20
-0.3941658511691831
 30
0.0
  0
SPLINE
  5
329
330
1F
100
AcDbEntity
  8
Default
 62
   178
420
   395273
370
     0
100
AcDbSpline
210
0.0
220
0.0
230
1.0
 70
     8
 71
     3
 72
     8
 73
     4
 74
     0
 42
0.000000001
 43
0.0000000001
 40
411.3291889037506
 40
411.3291889037506
 40
411.3291889037506
 40
411.3291889037506
 40
412.3291889037506
 40
412.3291889037506
 40
412.3291889037506
 40
412.3291889037506
 10
-6.487921315489749
 20
-0.3941658511691831
 30
0.0
 10
-6.531398267770016
 20
-0.3716962603606586
 30
0.0
 10
-6.565906880118032
 20
-0.3378700217031431
 30
0.0
 10
-6.586621795722418
 20
-0.2974637510301139
 30
0.0
  0
SPLINE
  5
32A
330
1F
100
AcDbEntity
  8
Default
 62
   178
420
   395273
370
     0
100
AcDbSpline
210
0.0
220
0.0
230
1.0
 70
     8
 71
     3
 72
     8
 73
     4
 74
     0
 42
0.000000001
 43
0.0000000001
 40
412.3291889037506
 40
412.3291889037506
 40
412.3291889037506
 40
412.3291889037506
 40
413.3291889037506
 40
413.3291889037506
 40
413.3291889037506
 40
413.3291889037506
 10
-6.586621795722418
 20
-0.2974637510301139
 30
0.0
 10
-6.617474834728483
 20
-0.2340029978138481
 30
0.0
 10
-6.632389573963643
 20
-0.1654731828967446
 30
0.0
 10
-6.630244970936364
 20
-0.0965046991786091
 30
0.0
  0
LINE
  5
32B
330
1F
100
AcDbEntity
  8
Default
 62
   178
420
   395273
370
     0
100
AcDbLine
 10
-6.630244970936364
 20
-0.0965046991786091
 30
0.0
 11
-6.630244970936364
 21
0.0083858852464329
 31
0.0
  0
LINE
  5
32C
330
1F
100
AcDbEntity
  8
Default
 62
   178
420
   395273
370
     0
100
AcDbLine
 10
-6.630244970936364
 20
0.0083858852464329
 30
0.0
 11
-3.060601973010415
 21
0.0083371442685386
 31
0.0
  0
LINE
  5
32D
330
1F
100
AcDbEntity
  8
Default
 62
   178
420
   395273
370
     0
100
AcDbLine
 10
-3.060601973010415
 20
0.0083371442685386
 30
0.0
 11
-3.060601973010415
 21
0.1543163730571049
 31
0.0
  0
LINE
  5
32E
330
1F
100
AcDbEntity
  8
Default
 62
   178
420
   395273
370
     0
100
AcDbLine
 10
-3.060601973010415
 20
0.1543163730571049
 30
0.0
 11
-6.630244970936364
 21
0.1541214091455333
 31
0.0
  0
LINE
  5
32F
330
1F
100
AcDbEntity
  8
Default
 62
   178
420
   395273
370
     0
100
AcDbLine
 10
-6.630244970936364
 20
0.1541214091455333
 30
0.0
 11
-6.630244970936364
 21
0.2276228038076913
 31
0.0
  0
SPLINE
  5
330
330
1F
100
AcDbEntity
  8
Default
 62
   178
420
   395273
370
     0
100
AcDbSpline
210
0.0
220
0.0
230
1.0
 70
     8
 71
     3
 72
     8
 73
     4
 74
     0
 42
0.000000001
 43
0.0000000001
 40
566.4581890198123
 40
566.4581890198123
 40
566.4581890198123
 40
566.4581890198123
 40
567.4581890198123
 40
567.4581890198123
 40
567.4581890198123
 40
567.4581890198123
 10
-6.630244970936364
 20
0.2276228038076913
 30
0.0
 10
-6.61615882832538
 20
0.2516033649308863
 30
0.0
 10
-6.601292830068115
 20
0.2752427392088351
 30
0.0
 10
-6.585695717142457
 20
0.2984921856636433
 30
0.0
  0
SPLINE
  5
331
330
1F
100
AcDbEntity
  8
Default
 62
   178
420
   395273
370
     0
100
AcDbSpline
210
0.0
220
0.0
230
1.0
 70
     8
 71
     3
 72
     8
 73
     4
 74
     0
 42
0.000000001
 43
0.0000000001
 40
567.4581890198123
 40
567.4581890198123
 40
567.4581890198123
 40
567.4581890198123
 40
568.4581890198123
 40
568.4581890198123
 40
568.4581890198123
 40
568.4581890198123
 10
-6.585695717142457
 20
0.2984921856636433
 30
0.0
 10
-6.577068564055455
 20
0.3149178952134748
 30
0.0
 10
-6.563762277090754
 20
0.3291015197802435
 30
0.0
 10
-6.547190344607245
 20
0.3398245349166309
 30
0.0
  0
SPLINE
  5
332
330
1F
100
AcDbEntity
  8
Default
 62
   178
420
   395273
370
     0
100
AcDbSpline
210
0.0
220
0.0
230
1.0
 70
     8
 71
     3
 72
     8
 73
     4
 74
     0
 42
0.000000001
 43
0.0000000001
 40
568.4581890198123
 40
568.4581890198123
 40
568.4581890198123
 40
568.4581890198123
 40
569.4581890198123
 40
569.4581890198123
 40
569.4581890198123
 40
569.4581890198123
 10
-6.547190344607245
 20
0.3398245349166309
 30
0.0
 10
-6.511755653679267
 20
0.3609781193220538
 30
0.0
 10
-6.47100819616099
 20
0.3742844062867556
 30
0.0
 10
-6.428408581482791
 20
0.3785736123413095
 30
0.0
  0
SPLINE
  5
333
330
1F
100
AcDbEntity
  8
Default
 62
   178
420
   395273
370
     0
100
AcDbSpline
210
0.0
220
0.0
230
1.0
 70
     8
 71
     3
 72
     8
 73
     4
 74
     0
 42
0.000000001
 43
0.0000000001
 40
569.4581890198123
 40
569.4581890198123
 40
569.4581890198123
 40
569.4581890198123
 40
570.4581890198123
 40
570.4581890198123
 40
570.4581890198123
 40
570.4581890198123
 10
-6.428408581482791
 20
0.3785736123413095
 30
0.0
 10
-6.314988325926533
 20
0.4083543498337344
 30
0.0
 10
-6.194646851509514
 20
0.411961182197793
 30
0.0
 10
-6.079179474881764
 20
0.3889554406324507
 30
0.0
  0
SPLINE
  5
334
330
1F
100
AcDbEntity
  8
Default
 62
   178
420
   395273
370
     0
100
AcDbSpline
210
0.0
220
0.0
230
1.0
 70
     8
 71
     3
 72
     8
 73
     4
 74
     0
 42
0.000000001
 43
0.0000000001
 40
570.4581890198123
 40
570.4581890198123
 40
570.4581890198123
 40
570.4581890198123
 40
571.4581890198123
 40
571.4581890198123
 40
571.4581890198123
 40
571.4581890198123
 10
-6.079179474881764
 20
0.3889554406324507
 30
0.0
 10
-6.000609018518769
 20
0.3590284802063457
 30
0.0
 10
-5.920235145973746
 20
0.332903316055871
 30
0.0
 10
-5.838447785069834
 20
0.3106774301368125
 30
0.0
  0
SPLINE
  5
335
330
1F
100
AcDbEntity
  8
Default
 62
   178
420
   395273
370
     0
100
AcDbSpline
210
0.0
220
0.0
230
1.0
 70
     8
 71
     3
 72
     8
 73
     4
 74
     0
 42
0.000000001
 43
0.0000000001
 40
571.4581890198123
 40
571.4581890198123
 40
571.4581890198123
 40
571.4581890198123
 40
572.4581890198123
 40
572.4581890198123
 40
572.4581890198123
 40
572.4581890198123
 10
-5.838447785069834
 20
0.3106774301368125
 30
0.0
 10
-5.783175516139539
 20
0.2991745593541385
 30
0.0
 10
-5.72653849982825
 20
0.293423123962803
 30
0.0
 10
-5.669755260583281
 20
0.2935693468964831
 30
0.0
  0
SPLINE
  5
336
330
1F
100
AcDbEntity
  8
Default
 62
   178
420
   395273
370
     0
100
AcDbSpline
210
0.0
220
0.0
230
1.0
 70
     8
 71
     3
 72
     8
 73
     4
 74
     0
 42
0.000000001
 43
0.0000000001
 40
572.4581890198123
 40
572.4581890198123
 40
572.4581890198123
 40
572.4581890198123
 40
573.4581890198123
 40
573.4581890198123
 40
573.4581890198123
 40
573.4581890198123
 10
-5.669755260583281
 20
0.2935693468964831
 30
0.0
 10
-5.625254747767268
 20
0.2925945273386276
 30
0.0
 10
-5.580802975929147
 20
0.2940080156975151
 30
0.0
 10
-5.536594908980488
 20
0.2978098119731454
 30
0.0
  0
SPLINE
  5
337
330
1F
100
AcDbEntity
  8
Default
 62
   178
420
   395273
370
     0
100
AcDbSpline
210
0.0
220
0.0
230
1.0
 70
     8
 71
     3
 72
     8
 73
     4
 74
     0
 42
0.000000001
 43
0.0000000001
 40
573.4581890198123
 40
573.4581890198123
 40
573.4581890198123
 40
573.4581890198123
 40
574.4581890198123
 40
574.4581890198123
 40
574.4581890198123
 40
574.4581890198123
 10
-5.536594908980488
 20
0.2978098119731454
 30
0.0
 10
-5.304782818122919
 20
0.3017578311824503
 30
0.0
 10
-5.073116950199028
 20
0.3113110628494161
 30
0.0
 10
-4.84188975107617
 20
0.3263720250182544
 30
0.0
  0
SPLINE
  5
338
330
1F
100
AcDbEntity
  8
Default
 62
   178
420
   395273
370
     0
100
AcDbSpline
210
0.0
220
0.0
230
1.0
 70
     8
 71
     3
 72
     8
 73
     4
 74
     0
 42
0.000000001
 43
0.0000000001
 40
574.4581890198123
 40
574.4581890198123
 40
574.4581890198123
 40
574.4581890198123
 40
575.4581890198123
 40
575.4581890198123
 40
575.4581890198123
 40
575.4581890198123
 10
-4.84188975107617
 20
0.3263720250182544
 30
0.0
 10
-4.786909928013232
 20
0.339970757850311
 30
0.0
 10
-4.733489816242859
 20
0.3579561786927072
 30
0.0
 10
-4.682214307499763
 20
0.3801333236338743
 30
0.0
  0
SPLINE
  5
339
330
1F
100
AcDbEntity
  8
Default
 62
   178
420
   395273
370
     0
100
AcDbSpline
210
0.0
220
0.0
230
1.0
 70
     8
 71
     3
 72
     8
 73
     4
 74
     0
 42
0.000000001
 43
0.0000000001
 40
575.4581890198123
 40
575.4581890198123
 40
575.4581890198123
 40
575.4581890198123
 40
576.4581890198123
 40
576.4581890198123
 40
576.4581890198123
 40
576.4581890198123
 10
-4.682214307499763
 20
0.3801333236338743
 30
0.0
 10
-4.622019199802307
 20
0.3886142537872017
 30
0.0
 10
-4.561921574060636
 20
0.3977288166531328
 30
0.0
 10
-4.501970171252645
 20
0.4074770122316675
 30
0.0
  0
SPLINE
  5
33A
330
1F
100
AcDbEntity
  8
Default
 62
   178
420
   395273
370
     0
100
AcDbSpline
210
0.0
220
0.0
230
1.0
 70
     8
 71
     3
 72
     8
 73
     4
 74
     0
 42
0.000000001
 43
0.0000000001
 40
576.4581890198123
 40
576.4581890198123
 40
576.4581890198123
 40
576.4581890198123
 40
577.4581890198123
 40
577.4581890198123
 40
577.4581890198123
 40
577.4581890198123
 10
-4.501970171252645
 20
0.4074770122316675
 30
0.0
 10
-4.3924491939278
 20
0.4534397543844607
 30
0.0
 10
-4.273569948847562
 20
0.4798573644022928
 30
0.0
 10
-4.152302395850583
 20
0.4852188719704851
 30
0.0
  0
SPLINE
  5
33B
330
1F
100
AcDbEntity
  8
Default
 62
   178
420
   395273
370
     0
100
AcDbSpline
210
0.0
220
0.0
230
1.0
 70
     8
 71
     3
 72
     8
 73
     4
 74
     0
 42
0.000000001
 43
0.0000000001
 40
577.4581890198123
 40
577.4581890198123
 40
577.4581890198123
 40
577.4581890198123
 40
578.4581890198123
 40
578.4581890198123
 40
578.4581890198123
 40
578.4581890198123
 10
-4.152302395850583
 20
0.4852188719704851
 30
0.0
 10
-3.955145140274707
 20
0.4854625768599483
 30
0.0
 10
-3.758085366654616
 20
0.4785900989770827
 30
0.0
 10
-3.561561743791344
 20
0.4646014383218828
 30
0.0
  0
SPLINE
  5
33C
330
1F
100
AcDbEntity
  8
Default
 62
   178
420
   395273
370
     0
100
AcDbSpline
210
0.0
220
0.0
230
1.0
 70
     8
 71
     3
 72
     8
 73
     4
 74
     0
 42
0.000000001
 43
0.0000000001
 40
578.4581890198123
 40
578.4581890198123
 40
578.4581890198123
 40
578.4581890198123
 40
579.4581890198123
 40
579.4581890198123
 40
579.4581890198123
 40
579.4581890198123
 10
-3.561561743791344
 20
0.4646014383218828
 30
0.0
 10
-3.447459114544588
 20
0.4448613422753502
 30
0.0
 10
-3.333064039430477
 20
0.4265834755655965
 30
0.0
 10
-3.218376518449009
 20
0.4098653201484076
 30
0.0
  0
SPLINE
  5
33D
330
1F
100
AcDbEntity
  8
Default
 62
   178
420
   395273
370
     0
100
AcDbSpline
210
0.0
220
0.0
230
1.0
 70
     8
 71
     3
 72
     8
 73
     4
 74
     0
 42
0.000000001
 43
0.0000000001
 40
579.4581890198123
 40
579.4581890198123
 40
579.4581890198123
 40
579.4581890198123
 40
580.4581890198123
 40
580.4581890198123
 40
580.4581890198123
 40
580.4581890198123
 10
-3.218376518449009
 20
0.4098653201484076
 30
0.0
 10
-3.092673536463796
 20
0.3903689289913381
 30
0.0
 10
-2.965069656340769
 20
0.3821804447053682
 30
0.0
 10
-2.837465776217742
 20
0.3854460902241778
 30
0.0
  0
SPLINE
  5
33E
330
1F
100
AcDbEntity
  8
Default
 62
   178
420
   395273
370
     0
100
AcDbSpline
210
0.0
220
0.0
230
1.0
 70
     8
 71
     3
 72
     8
 73
     4
 74
     0
 42
0.000000001
 43
0.0000000001
 40
580.4581890198123
 40
580.4581890198123
 40
580.4581890198123
 40
580.4581890198123
 40
581.4581890198123
 40
581.4581890198123
 40
581.4581890198123
 40
581.4581890198123
 10
-2.837465776217742
 20
0.3854460902241778
 30
0.0
 10
-2.733647493306341
 20
0.382277926661154
 30
0.0
 10
-2.630024174306511
 20
0.375551671711963
 30
0.0
 10
-2.526790783129822
 20
0.3653160663545019
 30
0.0
  0
SPLINE
  5
33F
330
1F
100
AcDbEntity
  8
Default
 62
   178
420
   395273
370
     0
100
AcDbSpline
210
0.0
220
0.0
230
1.0
 70
     8
 71
     3
 72
     8
 73
     4
 74
     0
 42
0.000000001
 43
0.0000000001
 40
581.4581890198123
 40
581.4581890198123
 40
581.4581890198123
 40
581.4581890198123
 40
582.4581890198123
 40
582.4581890198123
 40
582.4581890198123
 40
582.4581890198123
 10
-2.526790783129822
 20
0.3653160663545019
 30
0.0
 10
-2.36467829065878
 20
0.370677573922697
 30
0.0
 10
-2.20261453916563
 20
0.3784273894076322
 30
0.0
 10
-2.040794492561945
 20
0.3884680308535243
 30
0.0
  0
SPLINE
  5
340
330
1F
100
AcDbEntity
  8
Default
 62
   178
420
   395273
370
     0
100
AcDbSpline
210
0.0
220
0.0
230
1.0
 70
     8
 71
     3
 72
     8
 73
     4
 74
     0
 42
0.000000001
 43
0.0000000001
 40
582.4581890198123
 40
582.4581890198123
 40
582.4581890198123
 40
582.4581890198123
 40
583.4581890198123
 40
583.4581890198123
 40
583.4581890198123
 40
583.4581890198123
 10
-2.040794492561945
 20
0.3884680308535243
 30
0.0
 10
-2.005116096744505
 20
0.4021642456413639
 30
0.0
 10
-1.971631044932236
 20
0.4199059615942998
 30
0.0
 10
-1.941167933749313
 20
0.4412057689334
 30
0.0
  0
SPLINE
  5
341
330
1F
100
AcDbEntity
  8
Default
 62
   178
420
   395273
370
     0
100
AcDbSpline
210
0.0
220
0.0
230
1.0
 70
     8
 71
     3
 72
     8
 73
     4
 74
     0
 42
0.000000001
 43
0.0000000001
 40
583.4581890198123
 40
583.4581890198123
 40
583.4581890198123
 40
583.4581890198123
 40
584.4581890198123
 40
584.4581890198123
 40
584.4581890198123
 40
584.4581890198123
 10
-1.941167933749313
 20
0.4412057689334
 30
0.0
 10
-1.891549618254568
 20
0.4750320075909156
 30
0.0
 10
-1.841736338848253
 20
0.5085658003810792
 30
0.0
 10
-1.791630613574582
 20
0.541758406325991
 30
0.0
  0
SPLINE
  5
342
330
1F
100
AcDbEntity
  8
Default
 62
   178
420
   395273
370
     0
100
AcDbSpline
210
0.0
220
0.0
230
1.0
 70
     8
 71
     3
 72
     8
 73
     4
 74
     0
 42
0.000000001
 43
0.0000000001
 40
584.4581890198123
 40
584.4581890198123
 40
584.4581890198123
 40
584.4581890198123
 40
585.4581890198123
 40
585.4581890198123
 40
585.4581890198123
 40
585.4581890198123
 10
-1.791630613574582
 20
0.541758406325991
 30
0.0
 10
-1.744205642085007
 20
0.569735727636388
 30
0.0
 10
-1.694002434855551
 20
0.5939599936490462
 30
0.0
 10
-1.64170336557671
 20
0.6141387584966164
 30
0.0
  0
SPLINE
  5
343
330
1F
100
AcDbEntity
  8
Default
 62
   178
420
   395273
370
     0
100
AcDbSpline
210
0.0
220
0.0
230
1.0
 70
     8
 71
     3
 72
     8
 73
     4
 74
     0
 42
0.000000001
 43
0.0000000001
 40
585.4581890198123
 40
585.4581890198123
 40
585.4581890198123
 40
585.4581890198123
 40
586.4581890198123
 40
586.4581890198123
 40
586.4581890198123
 40
586.4581890198123
 10
-1.64170336557671
 20
0.6141387584966164
 30
0.0
 10
-1.620111112370253
 20
0.6182817416174928
 30
0.0
 10
-1.606171192692948
 20
0.6367058312609238
 30
0.0
 10
-1.610119211902254
 20
0.6558122945948529
 30
0.0
  0
SPLINE
  5
344
330
1F
100
AcDbEntity
  8
Default
 62
   178
420
   395273
370
     0
100
AcDbSpline
210
0.0
220
0.0
230
1.0
 70
     8
 71
     3
 72
     8
 73
     4
 74
     0
 42
0.000000001
 43
0.0000000001
 40
586.4581890198123
 40
586.4581890198123
 40
586.4581890198123
 40
586.4581890198123
 40
587.4581890198123
 40
587.4581890198123
 40
587.4581890198123
 40
587.4581890198123
 10
-1.610119211902254
 20
0.6558122945948529
 30
0.0
 10
-1.614457158934702
 20
0.680085301585408
 30
0.0
 10
-1.629956789904574
 20
0.7017262957697545
 30
0.0
 10
-1.652913790492025
 20
0.7157636974028458
 30
0.0
  0
SPLINE
  5
345
330
1F
100
AcDbEntity
  8
Default
 62
   178
420
   395273
370
     0
100
AcDbSpline
210
0.0
220
0.0
230
1.0
 70
     8
 71
     3
 72
     8
 73
     4
 74
     0
 42
0.000000001
 43
0.0000000001
 40
587.4581890198123
 40
587.4581890198123
 40
587.4581890198123
 40
587.4581890198123
 40
588.4581890198123
 40
588.4581890198123
 40
588.4581890198123
 40
588.4581890198123
 10
-1.652913790492025
 20
0.7157636974028458
 30
0.0
 10
-1.706431384218183
 20
0.7509059424634658
 30
0.0
 10
-1.750444487255271
 20
0.7959913470141922
 30
0.0
 10
-1.781784936040262
 20
0.8477542655362151
 30
0.0
  0
SPLINE
  5
346
330
1F
100
AcDbEntity
  8
Default
 62
   178
420
   395273
370
     0
100
AcDbSpline
210
0.0
220
0.0
230
1.0
 70
     8
 71
     3
 72
     8
 73
     4
 74
     0
 42
0.000000001
 43
0.0000000001
 40
588.4581890198123
 40
588.4581890198123
 40
588.4581890198123
 40
588.4581890198123
 40
589.4581890198123
 40
589.4581890198123
 40
589.4581890198123
 40
589.4581890198123
 10
-1.781784936040262
 20
0.8477542655362151
 30
0.0
 10
-1.835643716611669
 20
0.968631890710051
 30
0.0
 10
-1.880972826051858
 20
1.092385233579556
 30
0.0
 10
-1.917479818493473
 20
1.218185697520555
 30
0.0
  0
SPLINE
  5
347
330
1F
100
AcDbEntity
  8
Default
 62
   178
420
   395273
370
     0
100
AcDbSpline
210
0.0
220
0.0
230
1.0
 70
     8
 71
     3
 72
     8
 73
     4
 74
     0
 42
0.000000001
 43
0.0000000001
 40
589.4581890198123
 40
589.4581890198123
 40
589.4581890198123
 40
589.4581890198123
 40
590.4581890198123
 40
590.4581890198123
 40
590.4581890198123
 40
590.4581890198123
 10
-1.917479818493473
 20
1.218185697520555
 30
0.0
 10
-1.93619635400426
 20
1.270728471688862
 30
0.0
 10
-1.948284116521645
 20
1.324977180083411
 30
0.0
 10
-1.953450660178268
 20
1.379859521190563
 30
0.0
  0
SPLINE
  5
348
330
1F
100
AcDbEntity
  8
Default
 62
   178
420
   395273
370
     0
100
AcDbSpline
210
0.0
220
0.0
230
1.0
 70
     8
 71
     3
 72
     8
 73
     4
 74
     0
 42
0.000000001
 43
0.0000000001
 40
0.0
 40
0.0
 40
0.0
 40
0.0
 40
1.0
 40
1.0
 40
1.0
 40
1.0
 10
2.065345323126484
 20
18.97161410744242
 30
0.0
 10
2.015775748609633
 20
19.03244284785248
 30
0.0
 10
1.977172894118633
 20
19.09955917441069
 30
0.0
 10
1.950950248012372
 20
19.1706722611561
 30
0.0
  0
SPLINE
  5
349
330
1F
100
AcDbEntity
  8
Default
 62
   178
420
   395273
370
     0
100
AcDbSpline
210
0.0
220
0.0
230
1.0
 70
     8
 71
     3
 72
     8
 73
     4
 74
     0
 42
0.000000001
 43
0.0000000001
 40
1.0
 40
1.0
 40
1.0
 40
1.0
 40
2.0
 40
2.0
 40
2.0
 40
2.0
 10
1.950950248012372
 20
19.1706722611561
 30
0.0
 10
1.926725981999713
 20
19.24548966222137
 30
0.0
 10
1.92521501168504
 20
19.32454752836329
 30
0.0
 10
1.94651481902414
 20
19.39999856214115
 30
0.0
  0
SPLINE
  5
34A
330
1F
100
AcDbEntity
  8
Default
 62
   178
420
   395273
370
     0
100
AcDbSpline
210
0.0
220
0.0
230
1.0
 70
     8
 71
     3
 72
     8
 73
     4
 74
     0
 42
0.000000001
 43
0.0000000001
 40
2.0
 40
2.0
 40
2.0
 40
2.0
 40
3.0
 40
3.0
 40
3.0
 40
3.0
 10
1.94651481902414
 20
19.39999856214115
 30
0.0
 10
1.981267136261618
 20
19.53525477579333
 30
0.0
 10
2.055694609503735
 20
19.66027538408804
 30
0.0
 10
2.162291128155018
 20
19.76263143766267
 30
0.0
  0
SPLINE
  5
34B
330
1F
100
AcDbEntity
  8
Default
 62
   178
420
   395273
370
     0
100
AcDbSpline
210
0.0
220
0.0
230
1.0
 70
     8
 71
     3
 72
     8
 73
     4
 74
     0
 42
0.000000001
 43
0.0000000001
 40
3.0
 40
3.0
 40
3.0
 40
3.0
 40
4.0
 40
4.0
 40
4.0
 40
4.0
 10
2.162291128155018
 20
19.76263143766267
 30
0.0
 10
2.232331913386794
 20
19.83111251160187
 30
0.0
 10
2.314850388959095
 20
19.88891931138259
 30
0.0
 10
2.406385945441543
 20
19.93371227006596
 30
0.0
  0
SPLINE
  5
34C
330
1F
100
AcDbEntity
  8
Default
 62
   178
420
   395273
370
     0
100
AcDbSpline
210
0.0
220
0.0
230
1.0
 70
     8
 71
     3
 72
     8
 73
     4
 74
     0
 42
0.000000001
 43
0.0000000001
 40
4.0
 40
4.0
 40
4.0
 40
4.0
 40
5.0
 40
5.0
 40
5.0
 40
5.0
 10
2.406385945441543
 20
19.93371227006596
 30
0.0
 10
2.475159465248108
 20
19.96607627938669
 30
0.0
 10
2.550220571202831
 20
19.98688867694687
 30
0.0
 10
2.627718726052187
 20
19.99502842025494
 30
0.0
  0
SPLINE
  5
34D
330
1F
100
AcDbEntity
  8
Default
 62
   178
420
   395273
370
     0
100
AcDbSpline
210
0.0
220
0.0
230
1.0
 70
     8
 71
     3
 72
     8
 73
     4
 74
     0
 42
0.000000001
 43
0.0000000001
 40
5.0
 40
5.0
 40
5.0
 40
5.0
 40
6.0
 40
6.0
 40
6.0
 40
6.0
 10
2.627718726052187
 20
19.99502842025494
 30
0.0
 10
2.696979655637679
 20
20.0
 30
0.0
 10
2.766776735979992
 20
19.99580827590123
 30
0.0
 10
2.834624177206597
 20
19.98255072991442
 30
0.0
  0
SPLINE
  5
34E
330
1F
100
AcDbEntity
  8
Default
 62
   178
420
   395273
370
     0
100
AcDbSpline
210
0.0
220
0.0
230
1.0
 70
     8
 71
     3
 72
     8
 73
     4
 74
     0
 42
0.000000001
 43
0.0000000001
 40
6.0
 40
6.0
 40
6.0
 40
6.0
 40
7.0
 40
7.0
 40
7.0
 40
7.0
 10
2.834624177206597
 20
19.98255072991442
 30
0.0
 10
2.931082572456205
 20
19.96583257449723
 30
0.0
 10
3.025835033479569
 20
19.94214445924139
 30
0.0
 10
3.117857999740941
 20
19.91177883001425
 30
0.0
  0
SPLINE
  5
34F
330
1F
100
AcDbEntity
  8
Default
 62
   178
420
   395273
370
     0
100
AcDbSpline
210
0.0
220
0.0
230
1.0
 70
     8
 71
     3
 72
     8
 73
     4
 74
     0
 42
0.000000001
 43
0.0000000001
 40
7.0
 40
7.0
 40
7.0
 40
7.0
 40
8.0
 40
8.0
 40
8.0
 40
8.0
 10
3.117857999740941
 20
19.91177883001425
 30
0.0
 10
3.50515381007615
 20
19.78958519843732
 30
0.0
 10
3.873976789790031
 20
19.62615669956317
 30
0.0
 10
4.216040972640836
 20
19.42524638868956
 30
0.0
  0
SPLINE
  5
350
330
1F
100
AcDbEntity
  8
Default
 62
   178
420
   395273
370
     0
100
AcDbSpline
210
0.0
220
0.0
230
1.0
 70
     8
 71
     3
 72
     8
 73
     4
 74
     0
 42
0.000000001
 43
0.0000000001
 40
8.0
 40
8.0
 40
8.0
 40
8.0
 40
9.0
 40
9.0
 40
9.0
 40
9.0
 10
4.216040972640836
 20
19.42524638868956
 30
0.0
 10
4.581793270747481
 20
19.21302817094484
 30
0.0
 10
4.921176699814186
 20
18.96756860627733
 30
0.0
 10
5.228488565427512
 20
18.69310815976366
 30
0.0
  0
SPLINE
  5
351
330
1F
100
AcDbEntity
  8
Default
 62
   178
420
   395273
370
     0
100
AcDbSpline
210
0.0
220
0.0
230
1.0
 70
     8
 71
     3
 72
     8
 73
     4
 74
     0
 42
0.000000001
 43
0.0000000001
 40
9.0
 40
9.0
 40
9.0
 40
9.0
 40
10.0
 40
10.0
 40
10.0
 40
10.0
 10
5.228488565427512
 20
18.69310815976366
 30
0.0
 10
5.363159887344976
 20
18.57588610793177
 30
0.0
 10
5.491446141158503
 20
18.45305884364223
 30
0.0
 10
5.612811176111265
 20
18.32516251765185
 30
0.0
  0
SPLINE
  5
352
330
1F
100
AcDbEntity
  8
Default
 62
   178
420
   395273
370
     0
100
AcDbSpline
210
0.0
220
0.0
230
1.0
 70
     8
 71
     3
 72
     8
 73
     4
 74
     0
 42
0.000000001
 43
0.0000000001
 40
10.0
 40
10.0
 40
10.0
 40
10.0
 40
11.0
 40
11.0
 40
11.0
 40
11.0
 10
5.612811176111265
 20
18.32516251765185
 30
0.0
 10
5.675248368791785
 20
18.2576075222926
 30
0.0
 10
5.730081968921045
 20
18.18478850132094
 30
0.0
 10
5.776532120852767
 20
18.10792397918419
 30
0.0
  0
SPLINE
  5
353
330
1F
100
AcDbEntity
  8
Default
 62
   178
420
   395273
370
     0
100
AcDbSpline
210
0.0
220
0.0
230
1.0
 70
     8
 71
     3
 72
     8
 73
     4
 74
     0
 42
0.000000001
 43
0.0000000001
 40
11.0
 40
11.0
 40
11.0
 40
11.0
 40
12.0
 40
12.0
 40
12.0
 40
12.0
 10
5.776532120852767
 20
18.10792397918419
 30
0.0
 10
5.816743427614225
 20
18.04105135751544
 30
0.0
 10
5.837750789085968
 20
17.96652640231753
 30
0.0
 10
5.837750789085968
 20
17.89092914560599
 30
0.0
  0
SPLINE
  5
354
330
1F
100
AcDbEntity
  8
Default
 62
   178
420
   395273
370
     0
100
AcDbSpline
210
0.0
220
0.0
230
1.0
 70
     8
 71
     3
 72
     8
 73
     4
 74
     0
 42
0.000000001
 43
0.0000000001
 40
12.0
 40
12.0
 40
12.0
 40
12.0
 40
13.0
 40
13.0
 40
13.0
 40
13.0
 10
5.837750789085968
 20
17.89092914560599
 30
0.0
 10
5.836581005616543
 20
17.82600616305294
 30
0.0
 10
5.819911591177249
 20
17.76200925907986
 30
0.0
 10
5.788814847281722
 20
17.70308141680762
 30
0.0
  0
SPLINE
  5
355
330
1F
100
AcDbEntity
  8
Default
 62
   178
420
   395273
370
     0
100
AcDbSpline
210
0.0
220
0.0
230
1.0
 70
     8
 71
     3
 72
     8
 73
     4
 74
     0
 42
0.000000001
 43
0.0000000001
 40
13.0
 40
13.0
 40
13.0
 40
13.0
 40
14.0
 40
14.0
 40
14.0
 40
14.0
 10
5.788814847281722
 20
17.70308141680762
 30
0.0
 10
5.769708383947791
 20
17.66462478525029
 30
0.0
 10
5.746556419448771
 20
17.62777660596343
 30
0.0
 10
5.719651399652013
 20
17.59302428872595
 30
0.0
  0
LINE
  5
356
330
1F
100
AcDbEntity
  8
Default
 62
   178
420
   395273
370
     0
100
AcDbLine
 10
5.719651399652013
 20
17.59302428872595
 30
0.0
 11
3.998753693195285
 21
18.72703188037696
 31
0.0
  0
LINE
  5
357
330
1F
100
AcDbEntity
  8
Default
 62
   178
420
   395273
370
     0
100
AcDbLine
 10
3.998753693195285
 20
18.72703188037696
 30
0.0
 11
3.899029652426866
 21
18.61039472027979
 31
0.0
  0
LINE
  5
358
330
1F
100
AcDbEntity
  8
Default
 62
   178
420
   395273
370
     0
100
AcDbLine
 10
3.899029652426866
 20
18.61039472027979
 30
0.0
 11
5.605207583560007
 21
17.48608658322942
 31
0.0
  0
LINE
  5
359
330
1F
100
AcDbEntity
  8
Default
 62
   178
420
   395273
370
     0
100
AcDbLine
 10
5.605207583560007
 20
17.48608658322942
 30
0.0
 11
3.351522247758431
 21
15.75963240529293
 31
0.0
  0
SPLINE
  5
35A
330
1F
100
AcDbEntity
  8
Default
 62
   178
420
   395273
370
     0
100
AcDbSpline
210
0.0
220
0.0
230
1.0
 70
     8
 71
     3
 72
     8
 73
     4
 74
     0
 42
0.000000001
 43
0.0000000001
 40
159.5997021674408
 40
159.5997021674408
 40
159.5997021674408
 40
159.5997021674408
 40
160.5997021674408
 40
160.5997021674408
 40
160.5997021674408
 40
160.5997021674408
 10
3.351522247758431
 20
15.75963240529293
 30
0.0
 10
3.235275015484398
 20
15.68642345649813
 30
0.0
 10
3.128288569009974
 20
15.60254023354483
 30
0.0
 10
3.032366324517185
 20
15.50934748381403
 30
0.0
  0
SPLINE
  5
35B
330
1F
100
AcDbEntity
  8
Default
 62
   178
420
   395273
370
     0
100
AcDbSpline
210
0.0
220
0.0
230
1.0
 70
     8
 71
     3
 72
     8
 73
     4
 74
     0
 42
0.000000001
 43
0.0000000001
 40
160.5997021674408
 40
160.5997021674408
 40
160.5997021674408
 40
160.5997021674408
 40
161.5997021674408
 40
161.5997021674408
 40
161.5997021674408
 40
161.5997021674408
 10
3.032366324517185
 20
15.50934748381403
 30
0.0
 10
2.996687928699747
 20
15.4743027207092
 30
0.0
 10
2.966907191207323
 20
15.4350174925277
 30
0.0
 10
2.9437552267083
 20
15.39261284176107
 30
0.0
  0
SPLINE
  5
35C
330
1F
100
AcDbEntity
  8
Default
 62
   178
420
   395273
370
     0
100
AcDbSpline
210
0.0
220
0.0
230
1.0
 70
     8
 71
     3
 72
     8
 73
     4
 74
     0
 42
0.000000001
 43
0.0000000001
 40
161.5997021674408
 40
161.5997021674408
 40
161.5997021674408
 40
161.5997021674408
 40
162.5997021674408
 40
162.5997021674408
 40
162.5997021674408
 40
162.5997021674408
 10
2.9437552267083
 20
15.39261284176107
 30
0.0
 10
2.874153110277558
 20
15.23854261064232
 30
0.0
 10
2.823462493269175
 20
15.07842849826488
 30
0.0
 10
2.79241449035154
 20
14.91495125841284
 30
0.0
  0
SPLINE
  5
35D
330
1F
100
AcDbEntity
  8
Default
 62
   178
420
   395273
370
     0
100
AcDbSpline
210
0.0
220
0.0
230
1.0
 70
     8
 71
     3
 72
     8
 73
     4
 74
     0
 42
0.000000001
 43
0.0000000001
 40
162.5997021674408
 40
162.5997021674408
 40
162.5997021674408
 40
162.5997021674408
 40
163.5997021674408
 40
163.5997021674408
 40
163.5997021674408
 40
163.5997021674408
 10
2.79241449035154
 20
14.91495125841284
 30
0.0
 10
2.690984515356881
 20
14.33181419890486
 30
0.0
 10
2.646484002540867
 20
13.74224333031505
 30
0.0
 10
2.659351620704534
 20
13.15242875683577
 30
0.0
  0
SPLINE
  5
35E
330
1F
100
AcDbEntity
  8
Default
 62
   178
420
   395273
370
     0
100
AcDbSpline
210
0.0
220
0.0
230
1.0
 70
     8
 71
     3
 72
     8
 73
     4
 74
     0
 42
0.000000001
 43
0.0000000001
 40
163.5997021674408
 40
163.5997021674408
 40
163.5997021674408
 40
163.5997021674408
 40
164.5997021674408
 40
164.5997021674408
 40
164.5997021674408
 40
164.5997021674408
 10
2.659351620704534
 20
13.15242875683577
 30
0.0
 10
2.663445862847519
 20
12.96482473292685
 30
0.0
 10
2.67494873363019
 20
12.77736693195162
 30
0.0
 10
2.693860233052549
 20
12.59044528173321
 30
0.0
  0
LINE
  5
35F
330
1F
100
AcDbEntity
  8
Default
 62
   178
420
   395273
370
     0
100
AcDbLine
 10
2.693860233052549
 20
12.59044528173321
 30
0.0
 11
0.4388588908478694
 21
12.59044528173321
 31
0.0
  0
LINE
  5
360
330
1F
100
AcDbEntity
  8
Default
 62
   178
420
   395273
370
     0
100
AcDbLine
 10
0.4388588908478694
 20
12.59044528173321
 30
0.0
 11
0.4388588908478694
 21
12.44456353490043
 31
0.0
  0
LINE
  5
361
330
1F
100
AcDbEntity
  8
Default
 62
   178
420
   395273
370
     0
100
AcDbLine
 10
0.4388588908478694
 20
12.44456353490043
 30
0.0
 11
2.705119398945757
 21
12.44456353490043
 31
0.0
  0
SPLINE
  5
362
330
1F
100
AcDbEntity
  8
Default
 62
   178
420
   395273
370
     0
100
AcDbSpline
210
0.0
220
0.0
230
1.0
 70
     8
 71
     3
 72
     8
 73
     4
 74
     0
 42
0.000000001
 43
0.0000000001
 40
260.3537021674409
 40
260.3537021674409
 40
260.3537021674409
 40
260.3537021674409
 40
261.3537021674409
 40
261.3537021674409
 40
261.3537021674409
 40
261.3537021674409
 10
2.705119398945757
 20
12.44456353490043
 30
0.0
 10
2.750887177186979
 20
12.0534171873117
 30
0.0
 10
2.827459253456374
 20
11.66553648524178
 30
0.0
 10
2.934250736019229
 20
11.28360218247477
 30
0.0
  0
SPLINE
  5
363
330
1F
100
AcDbEntity
  8
Default
 62
   178
420
   395273
370
     0
100
AcDbSpline
210
0.0
220
0.0
230
1.0
 70
     8
 71
     3
 72
     8
 73
     4
 74
     0
 42
0.000000001
 43
0.0000000001
 40
261.3537021674409
 40
261.3537021674409
 40
261.3537021674409
 40
261.3537021674409
 40
262.3537021674409
 40
262.3537021674409
 40
262.3537021674409
 40
262.3537021674409
 10
2.934250736019229
 20
11.28360218247477
 30
0.0
 10
2.996249259898713
 20
11.07182263353109
 30
0.0
 10
3.054299764568892
 20
10.85921448796323
 30
0.0
 10
3.108353509051869
 20
10.64572900479331
 30
0.0
  0
SPLINE
  5
364
330
1F
100
AcDbEntity
  8
Default
 62
   178
420
   395273
370
     0
100
AcDbSpline
210
0.0
220
0.0
230
1.0
 70
     8
 71
     3
 72
     8
 73
     4
 74
     0
 42
0.000000001
 43
0.0000000001
 40
262.3537021674409
 40
262.3537021674409
 40
262.3537021674409
 40
262.3537021674409
 40
263.3537021674409
 40
263.3537021674409
 40
263.3537021674409
 40
263.3537021674409
 10
3.108353509051869
 20
10.64572900479331
 30
0.0
 10
3.144226868780879
 20
10.49726398613221
 30
0.0
 10
3.17083944271028
 20
10.34714177422277
 30
0.0
 10
3.188045007906395
 20
10.19609348373337
 30
0.0
  0
SPLINE
  5
365
330
1F
100
AcDbEntity
  8
Default
 62
   178
420
   395273
370
     0
100
AcDbSpline
210
0.0
220
0.0
230
1.0
 70
     8
 71
     3
 72
     8
 73
     4
 74
     0
 42
0.000000001
 43
0.0000000001
 40
263.3537021674409
 40
263.3537021674409
 40
263.3537021674409
 40
263.3537021674409
 40
264.3537021674409
 40
264.3537021674409
 40
264.3537021674409
 40
264.3537021674409
 10
3.188045007906395
 20
10.19609348373337
 30
0.0
 10
3.199547878689066
 20
10.08262448719922
 30
0.0
 10
3.201692481716346
 20
9.968570598930354
 30
0.0
 10
3.194430076010337
 20
9.85480915652885
 30
0.0
  0
SPLINE
  5
366
330
1F
100
AcDbEntity
  8
Default
 62
   178
420
   395273
370
     0
100
AcDbSpline
210
0.0
220
0.0
230
1.0
 70
     8
 71
     3
 72
     8
 73
     4
 74
     0
 42
0.000000001
 43
0.0000000001
 40
264.3537021674409
 40
264.3537021674409
 40
264.3537021674409
 40
264.3537021674409
 40
265.3537021674409
 40
265.3537021674409
 40
265.3537021674409
 40
265.3537021674409
 10
3.194430076010337
 20
9.85480915652885
 30
0.0
 10
3.188971086486356
 20
9.645271692568228
 30
0.0
 10
3.17503116680905
 20
9.435929192519184
 30
0.0
 10
3.152659057956312
 20
9.22726906616064
 30
0.0
  0
SPLINE
  5
367
330
1F
100
AcDbEntity
  8
Default
 62
   178
420
   395273
370
     0
100
AcDbSpline
210
0.0
220
0.0
230
1.0
 70
     8
 71
     3
 72
     8
 73
     4
 74
     0
 42
0.000000001
 43
0.0000000001
 40
265.3537021674409
 40
265.3537021674409
 40
265.3537021674409
 40
265.3537021674409
 40
266.3537021674409
 40
266.3537021674409
 40
266.3537021674409
 40
266.3537021674409
 10
3.152659057956312
 20
9.22726906616064
 30
0.0
 10
3.138865361212684
 20
9.108487303036181
 30
0.0
 10
3.115225986934738
 20
8.990777841425368
 30
0.0
 10
3.08178967610036
 20
8.875066759908153
 30
0.0
  0
SPLINE
  5
368
330
1F
100
AcDbEntity
  8
Default
 62
   178
420
   395273
370
     0
100
AcDbSpline
210
0.0
220
0.0
230
1.0
 70
     8
 71
     3
 72
     8
 73
     4
 74
     0
 42
0.000000001
 43
0.0000000001
 40
266.3537021674409
 40
266.3537021674409
 40
266.3537021674409
 40
266.3537021674409
 40
267.3537021674409
 40
267.3537021674409
 40
267.3537021674409
 40
267.3537021674409
 10
3.08178967610036
 20
8.875066759908153
 30
0.0
 10
3.059710013114978
 20
8.803953673162741
 30
0.0
 10
3.031245282025655
 20
8.734497779665674
 30
0.0
 10
2.996736669677639
 20
8.66733271212957
 30
0.0
  0
SPLINE
  5
369
330
1F
100
AcDbEntity
  8
Default
 62
   178
420
   395273
370
     0
100
AcDbSpline
210
0.0
220
0.0
230
1.0
 70
     8
 71
     3
 72
     8
 73
     4
 74
     0
 42
0.000000001
 43
0.0000000001
 40
267.3537021674409
 40
267.3537021674409
 40
267.3537021674409
 40
267.3537021674409
 40
268.3537021674409
 40
268.3537021674409
 40
268.3537021674409
 40
268.3537021674409
 10
2.996736669677639
 20
8.66733271212957
 30
0.0
 10
2.925623582932225
 20
8.525837653307129
 30
0.0
 10
2.845688379188235
 20
8.38785194489296
 30
0.0
 10
2.757223504313028
 20
8.254106701555454
 30
0.0
  0
SPLINE
  5
36A
330
1F
100
AcDbEntity
  8
Default
 62
   178
420
   395273
370
     0
100
AcDbSpline
210
0.0
220
0.0
230
1.0
 70
     8
 71
     3
 72
     8
 73
     4
 74
     0
 42
0.000000001
 43
0.0000000001
 40
268.3537021674409
 40
268.3537021674409
 40
268.3537021674409
 40
268.3537021674409
 40
269.3537021674409
 40
269.3537021674409
 40
269.3537021674409
 40
269.3537021674409
 10
2.757223504313028
 20
8.254106701555454
 30
0.0
 10
2.683965814540335
 20
8.1446832061864
 30
0.0
 10
2.61324265561806
 20
8.033943704414238
 30
0.0
 10
2.545005286568315
 20
7.922034419172655
 30
0.0
  0
SPLINE
  5
36B
330
1F
100
AcDbEntity
  8
Default
 62
   178
420
   395273
370
     0
100
AcDbSpline
210
0.0
220
0.0
230
1.0
 70
     8
 71
     3
 72
     8
 73
     4
 74
     0
 42
0.000000001
 43
0.0000000001
 40
269.3537021674409
 40
269.3537021674409
 40
269.3537021674409
 40
269.3537021674409
 40
270.3537021674409
 40
270.3537021674409
 40
270.3537021674409
 40
270.3537021674409
 10
2.545005286568315
 20
7.922034419172655
 30
0.0
 10
2.449521710876561
 20
7.762505198529918
 30
0.0
 10
2.377823732396434
 20
7.592837854485512
 30
0.0
 10
2.331617285354176
 20
7.417272852116092
 30
0.0
  0
SPLINE
  5
36C
330
1F
100
AcDbEntity
  8
Default
 62
   178
420
   395273
370
     0
100
AcDbSpline
210
0.0
220
0.0
230
1.0
 70
     8
 71
     3
 72
     8
 73
     4
 74
     0
 42
0.000000001
 43
0.0000000001
 40
270.3537021674409
 40
270.3537021674409
 40
270.3537021674409
 40
270.3537021674409
 40
271.3537021674409
 40
271.3537021674409
 40
271.3537021674409
 40
271.3537021674409
 10
2.331617285354176
 20
7.417272852116092
 30
0.0
 10
2.306125753916306
 20
7.32086319784438
 30
0.0
 10
2.284825946577206
 20
7.223722428904279
 30
0.0
 10
2.267669122358985
 20
7.125948027251566
 30
0.0
  0
SPLINE
  5
36D
330
1F
100
AcDbEntity
  8
Default
 62
   178
420
   395273
370
     0
100
AcDbSpline
210
0.0
220
0.0
230
1.0
 70
     8
 71
     3
 72
     8
 73
     4
 74
     0
 42
0.000000001
 43
0.0000000001
 40
271.3537021674409
 40
271.3537021674409
 40
271.3537021674409
 40
271.3537021674409
 40
272.3537021674409
 40
272.3537021674409
 40
272.3537021674409
 40
272.3537021674409
 10
2.267669122358985
 20
7.125948027251566
 30
0.0
 10
2.253582979748001
 20
7.04045635202781
 30
0.0
 10
2.240374174739086
 20
6.954915935826163
 30
0.0
 10
2.227993966354346
 20
6.869278037668733
 30
0.0
  0
LINE
  5
36E
330
1F
100
AcDbEntity
  8
Default
 62
   178
420
   395273
370
     0
100
AcDbLine
 10
2.227993966354346
 20
6.869278037668733
 30
0.0
 11
1.995743206695743
 21
6.89511075595185
 31
0.0
  0
SPLINE
  5
36F
330
1F
100
AcDbEntity
  8
Default
 62
   178
420
   395273
370
     0
100
AcDbSpline
210
0.0
220
0.0
230
1.0
 70
     8
 71
     3
 72
     8
 73
     4
 74
     0
 42
0.000000001
 43
0.0000000001
 40
277.1480869037757
 40
277.1480869037757
 40
277.1480869037757
 40
277.1480869037757
 40
278.1480869037757
 40
278.1480869037757
 40
278.1480869037757
 40
278.1480869037757
 10
1.995743206695743
 20
6.89511075595185
 30
0.0
 10
1.984581522758319
 20
7.054055084859867
 30
0.0
 10
1.978440159543843
 20
7.213243118657352
 30
0.0
 10
1.97731911705231
 20
7.372431152454832
 30
0.0
  0
SPLINE
  5
370
330
1F
100
AcDbEntity
  8
Default
 62
   178
420
   395273
370
     0
100
AcDbSpline
210
0.0
220
0.0
230
1.0
 70
     8
 71
     3
 72
     8
 73
     4
 74
     0
 42
0.000000001
 43
0.0000000001
 40
278.1480869037757
 40
278.1480869037757
 40
278.1480869037757
 40
278.1480869037757
 40
279.1480869037757
 40
279.1480869037757
 40
279.1480869037757
 40
279.1480869037757
 10
1.97731911705231
 20
7.372431152454832
 30
0.0
 10
1.97839141856595
 20
7.566956395224503
 30
0.0
 10
1.993647344646357
 20
7.761189192126819
 30
0.0
 10
2.022891931381963
 20
7.954008500670248
 30
0.0
  0
SPLINE
  5
371
330
1F
100
AcDbEntity
  8
Default
 62
   178
420
   395273
370
     0
100
AcDbSpline
210
0.0
220
0.0
230
1.0
 70
     8
 71
     3
 72
     8
 73
     4
 74
     0
 42
0.000000001
 43
0.0000000001
 40
279.1480869037757
 40
279.1480869037757
 40
279.1480869037757
 40
279.1480869037757
 40
280.1480869037757
 40
280.1480869037757
 40
280.1480869037757
 40
280.1480869037757
 10
2.022891931381963
 20
7.954008500670248
 30
0.0
 10
2.046043895880985
 20
8.111149413396234
 30
0.0
 10
2.072169060031459
 20
8.267949139276979
 30
0.0
 10
2.101218682855494
 20
8.424310196356684
 30
0.0
  0
SPLINE
  5
372
330
1F
100
AcDbEntity
  8
Default
 62
   178
420
   395273
370
     0
100
AcDbSpline
210
0.0
220
0.0
230
1.0
 70
     8
 71
     3
 72
     8
 73
     4
 74
     0
 42
0.000000001
 43
0.0000000001
 40
280.1480869037757
 40
280.1480869037757
 40
280.1480869037757
 40
280.1480869037757
 40
281.1480869037757
 40
281.1480869037757
 40
281.1480869037757
 40
281.1480869037757
 10
2.101218682855494
 20
8.424310196356684
 30
0.0
 10
2.021429702045183
 20
8.390094029876025
 30
0.0
 10
1.937936406915028
 20
8.362799082256124
 30
0.0
 10
1.852054803868132
 20
8.342815281320128
 30
0.0
  0
SPLINE
  5
373
330
1F
100
AcDbEntity
  8
Default
 62
   178
420
   395273
370
     0
100
AcDbSpline
210
0.0
220
0.0
230
1.0
 70
     8
 71
     3
 72
     8
 73
     4
 74
     0
 42
0.000000001
 43
0.0000000001
 40
281.1480869037757
 40
281.1480869037757
 40
281.1480869037757
 40
281.1480869037757
 40
282.1480869037757
 40
282.1480869037757
 40
282.1480869037757
 40
282.1480869037757
 10
1.852054803868132
 20
8.342815281320128
 30
0.0
 10
1.674491421405111
 20
8.297437430902049
 30
0.0
 10
1.491956459197038
 20
8.268777735901152
 30
0.0
 10
1.30752059885115
 20
8.257323606096373
 30
0.0
  0
SPLINE
  5
374
330
1F
100
AcDbEntity
  8
Default
 62
   178
420
   395273
370
     0
100
AcDbSpline
210
0.0
220
0.0
230
1.0
 70
     8
 71
     3
 72
     8
 73
     4
 74
     0
 42
0.000000001
 43
0.0000000001
 40
282.1480869037757
 40
282.1480869037757
 40
282.1480869037757
 40
282.1480869037757
 40
283.1480869037757
 40
283.1480869037757
 40
283.1480869037757
 40
283.1480869037757
 10
1.30752059885115
 20
8.257323606096373
 30
0.0
 10
1.185863118031029
 20
8.251474688749251
 30
0.0
 10
1.063864450365661
 20
8.255715153825912
 30
0.0
 10
0.9431330481255007
 20
8.269898778392685
 30
0.0
  0
SPLINE
  5
375
330
1F
100
AcDbEntity
  8
Default
 62
   178
420
   395273
370
     0
100
AcDbSpline
210
0.0
220
0.0
230
1.0
 70
     8
 71
     3
 72
     8
 73
     4
 74
     0
 42
0.000000001
 43
0.0000000001
 40
283.1480869037757
 40
283.1480869037757
 40
283.1480869037757
 40
283.1480869037757
 40
284.1480869037757
 40
284.1480869037757
 40
284.1480869037757
 40
284.1480869037757
 10
0.9431330481255007
 20
8.269898778392685
 30
0.0
 10
0.7432462977876344
 20
8.292319628223318
 30
0.0
 10
0.5458940783001869
 20
8.329508994355425
 30
0.0
 10
0.3532209926904365
 20
8.381076948965877
 30
0.0
  0
SPLINE
  5
376
330
1F
100
AcDbEntity
  8
Default
 62
   178
420
   395273
370
     0
100
AcDbSpline
210
0.0
220
0.0
230
1.0
 70
     8
 71
     3
 72
     8
 73
     4
 74
     0
 42
0.000000001
 43
0.0000000001
 40
284.1480869037757
 40
284.1480869037757
 40
284.1480869037757
 40
284.1480869037757
 40
285.1480869037757
 40
285.1480869037757
 40
285.1480869037757
 40
285.1480869037757
 10
0.3532209926904365
 20
8.381076948965877
 30
0.0
 10
0.106396680641923
 20
8.448339498457775
 30
0.0
 10
-0.1383317693572051
 20
8.521207260407323
 30
0.0
 10
-0.3807693933953789
 20
8.599728975792429
 30
0.0
  0
SPLINE
  5
377
330
1F
100
AcDbEntity
  8
Default
 62
   178
420
   395273
370
     0
100
AcDbSpline
210
0.0
220
0.0
230
1.0
 70
     8
 71
     3
 72
     8
 73
     4
 74
     0
 42
0.000000001
 43
0.0000000001
 40
285.1480869037757
 40
285.1480869037757
 40
285.1480869037757
 40
285.1480869037757
 40
286.1480869037757
 40
286.1480869037757
 40
286.1480869037757
 40
286.1480869037757
 10
-0.3807693933953789
 20
8.599728975792429
 30
0.0
 10
-0.6460177950873234
 20
8.726406777335493
 30
0.0
 10
-0.9061971350784317
 20
8.861078099252959
 30
0.0
 10
-1.160820003589773
 20
9.003547977633252
 30
0.0
  0
SPLINE
  5
378
330
1F
100
AcDbEntity
  8
Default
 62
   178
420
   395273
370
     0
100
AcDbSpline
210
0.0
220
0.0
230
1.0
 70
     8
 71
     3
 72
     8
 73
     4
 74
     0
 42
0.000000001
 43
0.0000000001
 40
286.1480869037757
 40
286.1480869037757
 40
286.1480869037757
 40
286.1480869037757
 40
287.1480869037757
 40
287.1480869037757
 40
287.1480869037757
 40
287.1480869037757
 10
-1.160820003589773
 20
9.003547977633252
 30
0.0
 10
-1.282038815608861
 20
9.057699204072016
 30
0.0
 10
-1.398188565927108
 20
9.120233878708321
 30
0.0
 10
-1.508001989119307
 20
9.190615850785344
 30
0.0
  0
SPLINE
  5
379
330
1F
100
AcDbEntity
  8
Default
 62
   178
420
   395273
370
     0
100
AcDbSpline
210
0.0
220
0.0
230
1.0
 70
     8
 71
     3
 72
     8
 73
     4
 74
     0
 42
0.000000001
 43
0.0000000001
 40
287.1480869037757
 40
287.1480869037757
 40
287.1480869037757
 40
287.1480869037757
 40
288.1480869037757
 40
288.1480869037757
 40
288.1480869037757
 40
288.1480869037757
 10
-1.508001989119307
 20
9.190615850785344
 30
0.0
 10
-1.603778010678419
 20
9.26246005219915
 30
0.0
 10
-1.698189284856532
 20
9.33566900099395
 30
0.0
 10
-1.791187070675758
 20
9.410242697169743
 30
0.0
  0
LINE
  5
37A
330
1F
100
AcDbEntity
  8
Default
 62
   178
420
   395273
370
     0
100
AcDbLine
 10
-1.791187070675758
 20
9.410242697169743
 30
0.0
 11
0.4388588908478694
 21
9.410242697169743
 31
0.0
  0
LINE
  5
37B
330
1F
100
AcDbEntity
  8
Default
 62
   178
420
   395273
370
     0
100
AcDbLine
 10
0.4388588908478694
 20
9.410242697169743
 30
0.0
 11
0.4388588908478694
 21
9.556075703024629
 31
0.0
  0
LINE
  5
37C
330
1F
100
AcDbEntity
  8
Default
 62
   178
420
   395273
370
     0
100
AcDbLine
 10
0.4388588908478694
 20
9.556075703024629
 30
0.0
 11
-1.953835713903619
 21
9.556075703024629
 31
0.0
  0
SPLINE
  5
37D
330
1F
100
AcDbEntity
  8
Default
 62
   178
420
   395273
370
     0
100
AcDbSpline
210
0.0
220
0.0
230
1.0
 70
     8
 71
     3
 72
     8
 73
     4
 74
     0
 42
0.000000001
 43
0.0000000001
 40
385.9830869037756
 40
385.9830869037756
 40
385.9830869037756
 40
385.9830869037756
 40
386.9830869037756
 40
386.9830869037756
 40
386.9830869037756
 40
386.9830869037756
 10
-1.953835713903619
 20
9.556075703024629
 30
0.0
 10
-2.005793596337214
 20
9.585222807804453
 30
0.0
 10
-2.041374510198867
 20
9.632306592448778
 30
0.0
 10
-2.051902561423684
 20
9.685629222263369
 30
0.0
  0
SPLINE
  5
37E
330
1F
100
AcDbEntity
  8
Default
 62
   178
420
   395273
370
     0
100
AcDbSpline
210
0.0
220
0.0
230
1.0
 70
     8
 71
     3
 72
     8
 73
     4
 74
     0
 42
0.000000001
 43
0.0000000001
 40
386.9830869037756
 40
386.9830869037756
 40
386.9830869037756
 40
386.9830869037756
 40
387.9830869037756
 40
387.9830869037756
 40
387.9830869037756
 40
387.9830869037756
 10
-2.051902561423684
 20
9.685629222263369
 30
0.0
 10
-2.069790500310297
 20
9.735832429492824
 30
0.0
 10
-2.080708479358257
 20
9.78769282997063
 30
0.0
 10
-2.084461534655992
 20
9.840186863161042
 30
0.0
  0
LINE
  5
37F
330
1F
100
AcDbEntity
  8
Default
 62
   178
420
   395273
370
     0
100
AcDbLine
 10
-2.084461534655992
 20
9.840186863161042
 30
0.0
 11
-2.106638679597161
 21
10.03758782362639
 31
0.0
  0
SPLINE
  5
380
330
1F
100
AcDbEntity
  8
Default
 62
   178
420
   395273
370
     0
100
AcDbSpline
210
0.0
220
0.0
230
1.0
 70
     8
 71
     3
 72
     8
 73
     4
 74
     0
 42
0.000000001
 43
0.0000000001
 40
392.0585654032895
 40
392.0585654032895
 40
392.0585654032895
 40
392.0585654032895
 40
393.0585654032895
 40
393.0585654032895
 40
393.0585654032895
 40
393.0585654032895
 10
-2.106638679597161
 20
10.03758782362639
 30
0.0
 10
-2.121650900788106
 20
10.35138223929943
 30
0.0
 10
-2.131009168543499
 20
10.66537161888405
 30
0.0
 10
-2.134713482863342
 20
10.97945848042446
 30
0.0
  0
SPLINE
  5
381
330
1F
100
AcDbEntity
  8
Default
 62
   178
420
   395273
370
     0
100
AcDbSpline
210
0.0
220
0.0
230
1.0
 70
     8
 71
     3
 72
     8
 73
     4
 74
     0
 42
0.000000001
 43
0.0000000001
 40
393.0585654032895
 40
393.0585654032895
 40
393.0585654032895
 40
393.0585654032895
 40
394.0585654032895
 40
394.0585654032895
 40
394.0585654032895
 40
394.0585654032895
 10
-2.134713482863342
 20
10.97945848042446
 30
0.0
 10
-2.13539585655384
 20
11.03770394900622
 30
0.0
 10
-2.127402336179442
 20
11.09580319465428
 30
0.0
 10
-2.110879144673825
 20
11.15219650607611
 30
0.0
  0
SPLINE
  5
382
330
1F
100
AcDbEntity
  8
Default
 62
   178
420
   395273
370
     0
100
AcDbSpline
210
0.0
220
0.0
230
1.0
 70
     8
 71
     3
 72
     8
 73
     4
 74
     0
 42
0.000000001
 43
0.0000000001
 40
394.0585654032895
 40
394.0585654032895
 40
394.0585654032895
 40
394.0585654032895
 40
395.0585654032895
 40
395.0585654032895
 40
395.0585654032895
 40
395.0585654032895
 10
-2.110879144673825
 20
11.15219650607611
 30
0.0
 10
-2.088019626042158
 20
11.21975150143536
 30
0.0
 10
-2.039327389127374
 20
11.27838689784025
 30
0.0
 10
-1.973039659193334
 20
11.31811079482278
 30
0.0
  0
SPLINE
  5
383
330
1F
100
AcDbEntity
  8
Default
 62
   178
420
   395273
370
     0
100
AcDbSpline
210
0.0
220
0.0
230
1.0
 70
     8
 71
     3
 72
     8
 73
     4
 74
     0
 42
0.000000001
 43
0.0000000001
 40
395.0585654032895
 40
395.0585654032895
 40
395.0585654032895
 40
395.0585654032895
 40
396.0585654032895
 40
396.0585654032895
 40
396.0585654032895
 40
396.0585654032895
 10
-1.973039659193334
 20
11.31811079482278
 30
0.0
 10
-1.924103717389087
 20
11.34608811613318
 30
0.0
 10
-1.875606444385875
 20
11.37479655211196
 30
0.0
 10
-1.827742804095265
 20
11.40413862080335
 30
0.0
  0
SPLINE
  5
384
330
1F
100
AcDbEntity
  8
Default
 62
   178
420
   395273
370
     0
100
AcDbSpline
210
0.0
220
0.0
230
1.0
 70
     8
 71
     3
 72
     8
 73
     4
 74
     0
 42
0.000000001
 43
0.0000000001
 40
396.0585654032895
 40
396.0585654032895
 40
396.0585654032895
 40
396.0585654032895
 40
397.0585654032895
 40
397.0585654032895
 40
397.0585654032895
 40
397.0585654032895
 10
-1.827742804095265
 20
11.40413862080335
 30
0.0
 10
-1.809221232496049
 20
11.41681127505545
 30
0.0
 10
-1.795525017708206
 20
11.43411432220735
 30
0.0
 10
-1.788555057869555
 20
11.45380567727599
 30
0.0
  0
SPLINE
  5
385
330
1F
100
AcDbEntity
  8
Default
 62
   178
420
   395273
370
     0
100
AcDbSpline
210
0.0
220
0.0
230
1.0
 70
     8
 71
     3
 72
     8
 73
     4
 74
     0
 42
0.000000001
 43
0.0000000001
 40
397.0585654032895
 40
397.0585654032895
 40
397.0585654032895
 40
397.0585654032895
 40
398.0585654032895
 40
398.0585654032895
 40
398.0585654032895
 40
398.0585654032895
 10
-1.788555057869555
 20
11.45380567727599
 30
0.0
 10
-1.769984745292444
 20
11.48865547646926
 30
0.0
 10
-1.760528995581265
 20
11.52662469824765
 30
0.0
 10
-1.760723959492835
 20
11.56508132980497
 30
0.0
  0
SPLINE
  5
386
330
1F
100
AcDbEntity
  8
Default
 62
   178
420
   395273
370
     0
100
AcDbSpline
210
0.0
220
0.0
230
1.0
 70
     8
 71
     3
 72
     8
 73
     4
 74
     0
 42
0.000000001
 43
0.0000000001
 40
398.0585654032895
 40
398.0585654032895
 40
398.0585654032895
 40
398.0585654032895
 40
399.0585654032895
 40
399.0585654032895
 40
399.0585654032895
 40
399.0585654032895
 10
-1.760723959492835
 20
11.56508132980497
 30
0.0
 10
-1.759456694067625
 20
11.66387929199343
 30
0.0
 10
-1.765500575326318
 20
11.76262851320399
 30
0.0
 10
-1.778855603268912
 20
11.86074410170195
 30
0.0
  0
SPLINE
  5
387
330
1F
100
AcDbEntity
  8
Default
 62
   178
420
   395273
370
     0
100
AcDbSpline
210
0.0
220
0.0
230
1.0
 70
     8
 71
     3
 72
     8
 73
     4
 74
     0
 42
0.000000001
 43
0.0000000001
 40
399.0585654032895
 40
399.0585654032895
 40
399.0585654032895
 40
399.0585654032895
 40
400.0585654032895
 40
400.0585654032895
 40
400.0585654032895
 40
400.0585654032895
 10
-1.778855603268912
 20
11.86074410170195
 30
0.0
 10
-1.847970309920727
 20
12.23039567804001
 30
0.0
 10
-1.897149956614437
 20
12.60277674914005
 30
0.0
 10
-1.926248320416365
 20
12.9765225676211
 30
0.0
  0
SPLINE
  5
388
330
1F
100
AcDbEntity
  8
Default
 62
   178
420
   395273
370
     0
100
AcDbSpline
210
0.0
220
0.0
230
1.0
 70
     8
 71
     3
 72
     8
 73
     4
 74
     0
 42
0.000000001
 43
0.0000000001
 40
400.0585654032895
 40
400.0585654032895
 40
400.0585654032895
 40
400.0585654032895
 40
401.0585654032895
 40
401.0585654032895
 40
401.0585654032895
 40
401.0585654032895
 10
-1.926248320416365
 20
12.9765225676211
 30
0.0
 10
-1.942381584098841
 20
13.33174681450292
 30
0.0
 10
-1.94418500028087
 20
13.68731224823
 30
0.0
 10
-1.931707309940345
 20
14.04263397706761
 30
0.0
  0
SPLINE
  5
389
330
1F
100
AcDbEntity
  8
Default
 62
   178
420
   395273
370
     0
100
AcDbSpline
210
0.0
220
0.0
230
1.0
 70
     8
 71
     3
 72
     8
 73
     4
 74
     0
 42
0.000000001
 43
0.0000000001
 40
401.0585654032895
 40
401.0585654032895
 40
401.0585654032895
 40
401.0585654032895
 40
402.0585654032895
 40
402.0585654032895
 40
402.0585654032895
 40
402.0585654032895
 10
-1.931707309940345
 20
14.04263397706761
 30
0.0
 10
-1.923518825654375
 20
14.25787413544167
 30
0.0
 10
-1.904314880364662
 20
14.47272436599259
 30
0.0
 10
-1.874144215049093
 20
14.68645355405197
 30
0.0
  0
LINE
  5
38A
330
1F
100
AcDbEntity
  8
Default
 62
   178
420
   395273
370
     0
100
AcDbLine
 10
-1.874144215049093
 20
14.68645355405197
 30
0.0
 11
0.4388588908478694
 21
14.68645355405197
 31
0.0
  0
LINE
  5
38B
330
1F
100
AcDbEntity
  8
Default
 62
   178
420
   395273
370
     0
100
AcDbLine
 10
0.4388588908478694
 20
14.68645355405197
 30
0.0
 11
0.4388588908478694
 21
14.83228655990687
 31
0.0
  0
LINE
  5
38C
330
1F
100
AcDbEntity
  8
Default
 62
   178
420
   395273
370
     0
100
AcDbLine
 10
0.4388588908478694
 20
14.83228655990687
 30
0.0
 11
-1.857718505499262
 21
14.83228655990687
 31
0.0
  0
SPLINE
  5
38D
330
1F
100
AcDbEntity
  8
Default
 62
   178
420
   395273
370
     0
100
AcDbSpline
210
0.0
220
0.0
230
1.0
 70
     8
 71
     3
 72
     8
 73
     4
 74
     0
 42
0.000000001
 43
0.0000000001
 40
499.6235654032896
 40
499.6235654032896
 40
499.6235654032896
 40
499.6235654032896
 40
500.6235654032896
 40
500.6235654032896
 40
500.6235654032896
 40
500.6235654032896
 10
-1.857718505499262
 20
14.83228655990687
 30
0.0
 10
-1.824330935642779
 20
15.02661683876497
 30
0.0
 10
-1.775687439705888
 20
15.2187537736179
 30
0.0
 10
-1.712129204533838
 20
15.40723513512888
 30
0.0
  0
SPLINE
  5
38E
330
1F
100
AcDbEntity
  8
Default
 62
   178
420
   395273
370
     0
100
AcDbSpline
210
0.0
220
0.0
230
1.0
 70
     8
 71
     3
 72
     8
 73
     4
 74
     0
 42
0.000000001
 43
0.0000000001
 40
500.6235654032896
 40
500.6235654032896
 40
500.6235654032896
 40
500.6235654032896
 40
501.6235654032896
 40
501.6235654032896
 40
501.6235654032896
 40
501.6235654032896
 10
-1.712129204533838
 20
15.40723513512888
 30
0.0
 10
-1.66957833083353
 20
15.52733290465643
 30
0.0
 10
-1.613526206256953
 20
15.64348265497468
 30
0.0
 10
-1.544752686450387
 20
15.75388096990159
 30
0.0
  0
SPLINE
  5
38F
330
1F
100
AcDbEntity
  8
Default
 62
   178
420
   395273
370
     0
100
AcDbSpline
210
0.0
220
0.0
230
1.0
 70
     8
 71
     3
 72
     8
 73
     4
 74
     0
 42
0.000000001
 43
0.0000000001
 40
501.6235654032896
 40
501.6235654032896
 40
501.6235654032896
 40
501.6235654032896
 40
502.6235654032896
 40
502.6235654032896
 40
502.6235654032896
 40
502.6235654032896
 10
-1.544752686450387
 20
15.75388096990159
 30
0.0
 10
-1.425678477458577
 20
15.93651341406545
 30
0.0
 10
-1.248261317929234
 20
16.08463724588129
 30
0.0
 10
-1.034532129869848
 20
16.17992585766148
 30
0.0
  0
LINE
  5
390
330
1F
100
AcDbEntity
  8
Default
 62
   178
420
   395273
370
     0
100
AcDbLine
 10
-1.034532129869848
 20
16.17992585766148
 30
0.0
 11
3.053324945011036
 21
17.42155352849952
 31
0.0
  0
SPLINE
  5
391
330
1F
100
AcDbEntity
  8
Default
 62
   178
420
   395273
370
     0
100
AcDbSpline
210
0.0
220
0.0
230
1.0
 70
     8
 71
     3
 72
     8
 73
     4
 74
     0
 42
0.000000001
 43
0.0000000001
 40
590.2759118464967
 40
590.2759118464967
 40
590.2759118464967
 40
590.2759118464967
 40
591.2759118464967
 40
591.2759118464967
 40
591.2759118464967
 40
591.2759118464967
 10
3.053324945011036
 20
17.42155352849952
 30
0.0
 10
3.090465570165256
 20
17.43729686435885
 30
0.0
 10
3.118540373431439
 20
17.46571285447028
 30
0.0
 10
3.130920581816179
 20
17.50027020779619
 30
0.0
  0
SPLINE
  5
392
330
1F
100
AcDbEntity
  8
Default
 62
   178
420
   395273
370
     0
100
AcDbSpline
210
0.0
220
0.0
230
1.0
 70
     8
 71
     3
 72
     8
 73
     4
 74
     0
 42
0.000000001
 43
0.0000000001
 40
591.2759118464967
 40
591.2759118464967
 40
591.2759118464967
 40
591.2759118464967
 40
592.2759118464967
 40
592.2759118464967
 40
592.2759118464967
 40
592.2759118464967
 10
3.130920581816179
 20
17.50027020779619
 30
0.0
 10
3.143300790200918
 20
17.5347788201442
 30
0.0
 10
3.138914102190578
 20
17.57226063214367
 30
0.0
 10
3.118686596365116
 20
17.60384478581813
 30
0.0
  0
LINE
  5
393
330
1F
100
AcDbEntity
  8
Default
 62
   178
420
   395273
370
     0
100
AcDbLine
 10
3.118686596365116
 20
17.60384478581813
 30
0.0
 11
2.065345323126484
 21
18.97161410744242
 31
0.0
  0
ENDSEC
  0
SECTION
  2
OBJECTS
  0
DICTIONARY
  5
C
330
0
100
AcDbDictionary
281
     1
  3
ACAD_DETAILVIEWSTYLE
350
3D9
  3
ACAD_GROUP
350
D
  3
ACAD_LAYOUT
350
1A
  3
ACAD_MATERIAL
350
43
  3
ACAD_MLEADERSTYLE
350
6B
  3
ACAD_MLINESTYLE
350
17
  3
ACAD_PLOTSETTINGS
350
19
  3
ACAD_PLOTSTYLENAME
350
E
  3
ACAD_SCALELIST
350
47
  3
ACAD_SECTIONVIEWSTYLE
350
3DA
  3
ACAD_TABLESTYLE
350
69
  3
ACAD_VISUALSTYLE
350
2A
  3
AcDbVariableDictionary
350
396
  3
ACDB_RECOMPOSE_DATA
350
3D6
  0
DICTIONARY
  5
394
330
8
100
AcDbDictionary
280
     1
281
     1
  3
ACAD_XREC_ROUNDTRIP
360
395
  0
DICTIONARY
  5
3D9
102
{ACAD_REACTORS
330
C
102
}
330
C
100
AcDbDictionary
281
     1
  0
DICTIONARY
  5
D
102
{ACAD_REACTORS
330
C
102
}
330
C
100
AcDbDictionary
281
     1
  0
DICTIONARY
  5
1A
102
{ACAD_REACTORS
330
C
102
}
330
C
100
AcDbDictionary
281
     1
  3
Layout1
350
1E
  3
Layout2
350
26
  3
Model
350
22
  0
DICTIONARY
  5
43
102
{ACAD_REACTORS
330
C
102
}
330
C
100
AcDbDictionary
281
     1
  3
ByBlock
350
45
  3
ByLayer
350
44
  3
Global
350
46
  0
DICTIONARY
  5
6B
102
{ACAD_REACTORS
330
C
102
}
330
C
100
AcDbDictionary
281
     1
  3
Standard
350
6C
  0
DICTIONARY
  5
17
102
{ACAD_REACTORS
330
C
102
}
330
C
100
AcDbDictionary
281
     1
  3
Standard
350
18
  0
DICTIONARY
  5
19
102
{ACAD_REACTORS
330
C
102
}
330
C
100
AcDbDictionary
281
     1
  0
ACDBDICTIONARYWDFLT
  5
E
102
{ACAD_REACTORS
330
C
102
}
330
C
100
AcDbDictionary
281
     1
  3
Normal
350
F
100
AcDbDictionaryWithDefault
340
F
  0
DICTIONARY
  5
47
102
{ACAD_REACTORS
330
C
102
}
330
C
100
AcDbDictionary
281
     1
  3
A0
350
48
  3
A1
350
49
  3
A2
350
4A
  3
A3
350
4B
  3
A4
350
4C
  3
A5
350
4D
  3
A6
350
4E
  3
A7
350
4F
  3
A8
350
50
  3
A9
350
51
  3
B0
350
52
  3
B1
350
53
  3
B2
350
54
  3
B3
350
55
  3
B4
350
56
  3
B5
350
57
  3
B6
350
58
  3
B7
350
59
  3
B8
350
5A
  3
B9
350
5B
  3
C0
350
5C
  3
C1
350
5D
  3
C2
350
5E
  3
C3
350
5F
  3
C4
350
60
  3
C5
350
61
  3
C6
350
62
  3
C7
350
63
  3
C8
350
64
  3
C9
350
65
  3
D0
350
66
  3
D1
350
67
  3
D2
350
68
  0
DICTIONARY
  5
3DA
102
{ACAD_REACTORS
330
C
102
}
330
C
100
AcDbDictionary
281
     1
  0
DICTIONARY
  5
69
102
{ACAD_REACTORS
330
C
102
}
330
C
100
AcDbDictionary
281
     1
  3
Standard
350
6A
  0
DICTIONARY
  5
2A
102
{ACAD_REACTORS
330
C
102
}
330
C
100
AcDbDictionary
281
     1
  3
2dWireframe
350
2F
  3
Basic
350
32
  3
Brighten
350
36
  3
ColorChange
350
3A
  3
Conceptual
350
34
  3
Dim
350
35
  3
EdgeColorOff
350
3D
  3
Facepattern
350
39
  3
Flat
350
2B
  3
FlatWithEdges
350
2C
  3
Gouraud
350
2D
  3
GouraudWithEdges
350
2E
  3
Hidden
350
31
  3
JitterOff
350
3B
  3
Linepattern
350
38
  3
OverhangOff
350
3C
  3
Realistic
350
33
  3
Shaded
350
42
  3
Shaded with edges
350
41
  3
Shades of Gray
350
3E
  3
Sketchy
350
3F
  3
Thicken
350
37
  3
Wireframe
350
30
  3
X-Ray
350
40
  0
DICTIONARY
  5
396
102
{ACAD_REACTORS
330
C
102
}
330
C
100
AcDbDictionary
281
     1
  3
CANNOSCALE
350
397
  3
CMLEADERSTYLE
350
3D8
  3
CTABLESTYLE
350
3D7
  3
MSLTSCALE
350
398
  3
XCLIPFRAME
350
399
  0
XRECORD
  5
3D6
102
{ACAD_REACTORS
330
C
102
}
330
C
100
AcDbXrecord
280
     1
 90
        1
330
6A
  0
XRECORD
  5
395
102
{ACAD_REACTORS
330
394
102
}
330
394
100
AcDbXrecord
280
     1
102
VTR_0.000_0.000_1.000_1.000_GRIDDISPLAY
 70
     3
102
VTR_0.000_0.000_1.000_1.000_GRIDMAJOR
 70
     5
102
VTR_0.000_0.000_1.000_1.000_DEFAULTLIGHTING
280
     1
102
VTR_0.000_0.000_1.000_1.000_DEFAULTLIGHTINGTYPE
 70
     1
102
VTR_0.000_0.000_1.000_1.000_BRIGHTNESS
141
0.0
102
VTR_0.000_0.000_1.000_1.000_CONTRAST
142
0.0
  0
LAYOUT
  5
1E
102
{ACAD_REACTORS
330
1A
102
}
330
1A
100
AcDbPlotSettings
  1

  2
none_device
  4

  6

 40
0.0
 41
0.0
 42
0.0
 43
0.0
 44
0.0
 45
0.0
 46
0.0
 47
0.0
 48
0.0
 49
0.0
140
0.0
141
0.0
142
1.0
143
1.0
 70
   688
 72
     0
 73
     0
 74
     5
  7

 75
    16
 76
     0
 77
     2
 78
   300
147
1.0
148
0.0
149
0.0
100
AcDbLayout
  1
Layout1
 70
     1
 71
     1
 10
0.0
 20
0.0
 11
12.0
 21
9.0
 12
0.0
 22
0.0
 32
0.0
 14
1.000000000000000E+20
 24
1.000000000000000E+20
 34
1.000000000000000E+20
 15
-1.000000000000000E+20
 25
-1.000000000000000E+20
 35
-1.000000000000000E+20
146
0.0
 13
0.0
 23
0.0
 33
0.0
 16
1.0
 26
0.0
 36
0.0
 17
0.0
 27
1.0
 37
0.0
 76
     0
330
1B
  0
LAYOUT
  5
26
102
{ACAD_REACTORS
330
1A
102
}
330
1A
100
AcDbPlotSettings
  1

  2
none_device
  4

  6

 40
0.0
 41
0.0
 42
0.0
 43
0.0
 44
0.0
 45
0.0
 46
0.0
 47
0.0
 48
0.0
 49
0.0
140
0.0
141
0.0
142
1.0
143
1.0
 70
   688
 72
     0
 73
     0
 74
     5
  7

 75
    16
 76
     0
 77
     2
 78
   300
147
1.0
148
0.0
149
0.0
100
AcDbLayout
  1
Layout2
 70
     1
 71
     2
 10
0.0
 20
0.0
 11
0.0
 21
0.0
 12
0.0
 22
0.0
 32
0.0
 14
0.0
 24
0.0
 34
0.0
 15
0.0
 25
0.0
 35
0.0
146
0.0
 13
0.0
 23
0.0
 33
0.0
 16
1.0
 26
0.0
 36
0.0
 17
0.0
 27
1.0
 37
0.0
 76
     0
330
23
  0
LAYOUT
  5
22
102
{ACAD_REACTORS
330
1A
102
}
330
1A
100
AcDbPlotSettings
  1

  2
none_device
  4
Letter_(8.50_x_11.00_Inches)
  6

 40
6.35
 41
6.35
 42
6.35000508
 43
6.35000508
 44
215.9
 45
279.4
 46
0.0
 47
0.0
 48
0.0
 49
0.0
140
0.0
141
0.0
142
1.0
143
1.0
 70
  1712
 72
     0
 73
     0
 74
     0
  7

 75
     0
 76
     0
 77
     2
 78
   300
147
1.0
148
0.0
149
0.0
100
AcDbLayout
  1
Model
 70
     1
 71
     0
 10
0.0
 20
0.0
 11
12.0
 21
9.0
 12
0.0
 22
0.0
 32
0.0
 14
-8.251201434641944
 24
-20.0
 34
0.0
 15
5.837750789085968
 25
19.99704050874858
 35
0.0
146
0.0
 13
0.0
 23
0.0
 33
0.0
 16
1.0
 26
0.0
 36
0.0
 17
0.0
 27
1.0
 37
0.0
 76
     0
330
1F
331
29
  0
MATERIAL
  5
45
102
{ACAD_REACTORS
330
43
102
}
102
{ACAD_XDICTIONARY
360
3CC
102
}
330
43
100
AcDbMaterial
  1
ByBlock
  0
MATERIAL
  5
44
102
{ACAD_REACTORS
330
43
102
}
102
{ACAD_XDICTIONARY
360
3CA
102
}
330
43
100
AcDbMaterial
  1
ByLayer
  0
MATERIAL
  5
46
102
{ACAD_REACTORS
330
43
102
}
102
{ACAD_XDICTIONARY
360
3CE
102
}
330
43
100
AcDbMaterial
  1
Global
  0
MLEADERSTYLE
  5
6C
102
{ACAD_REACTORS
330
6B
102
}
102
{ACAD_XDICTIONARY
360
3D4
102
}
330
6B
100
AcDbMLeaderStyle
170
     2
171
     1
172
     0
 90
        2
 40
0.0
 41
0.0
173
     1
 91
-1056964608
340
14
 92
       -2
290
     1
 42
0.09
291
     1
 43
0.36
  3
Standard
341
0
 44
0.18
300

342
11
174
     1
178
     6
175
     1
176
     0
 93
-1056964608
 45
0.18
292
     0
297
     0
 46
0.18
343
0
 94
-1056964608
 47
1.0
 49
1.0
140
1.0
293
     1
141
0.0
294
     1
177
     0
142
1.0
295
     0
296
     0
143
0.125
1001
ACAD_MLEADERVER
1070
     2
  0
MLINESTYLE
  5
18
102
{ACAD_REACTORS
330
17
102
}
330
17
100
AcDbMlineStyle
  2
Standard
 70
     0
  3

 62
   256
 51
90.0
 52
90.0
 71
     2
 49
0.5
 62
   256
  6
BYLAYER
 49
-0.5
 62
   256
  6
BYLAYER
  0
ACDBPLACEHOLDER
  5
F
102
{ACAD_REACTORS
330
E
102
}
330
E
  0
SCALE
  5
48
102
{ACAD_REACTORS
330
47
102
}
330
47
100
AcDbScale
 70
     0
300
1:1
140
1.0
141
1.0
290
     1
  0
SCALE
  5
49
102
{ACAD_REACTORS
330
47
102
}
330
47
100
AcDbScale
 70
     0
300
1:2
140
1.0
141
2.0
290
     0
  0
SCALE
  5
4A
102
{ACAD_REACTORS
330
47
102
}
330
47
100
AcDbScale
 70
     0
300
1:4
140
1.0
141
4.0
290
     0
  0
SCALE
  5
4B
102
{ACAD_REACTORS
330
47
102
}
330
47
100
AcDbScale
 70
     0
300
1:5
140
1.0
141
5.0
290
     0
  0
SCALE
  5
4C
102
{ACAD_REACTORS
330
47
102
}
330
47
100
AcDbScale
 70
     0
300
1:8
140
1.0
141
8.0
290
     0
  0
SCALE
  5
4D
102
{ACAD_REACTORS
330
47
102
}
330
47
100
AcDbScale
 70
     0
300
1:10
140
1.0
141
10.0
290
     0
  0
SCALE
  5
4E
102
{ACAD_REACTORS
330
47
102
}
330
47
100
AcDbScale
 70
     0
300
1:16
140
1.0
141
16.0
290
     0
  0
SCALE
  5
4F
102
{ACAD_REACTORS
330
47
102
}
330
47
100
AcDbScale
 70
     0
300
1:20
140
1.0
141
20.0
290
     0
  0
SCALE
  5
50
102
{ACAD_REACTORS
330
47
102
}
330
47
100
AcDbScale
 70
     0
300
1:30
140
1.0
141
30.0
290
     0
  0
SCALE
  5
51
102
{ACAD_REACTORS
330
47
102
}
330
47
100
AcDbScale
 70
     0
300
1:40
140
1.0
141
40.0
290
     0
  0
SCALE
  5
52
102
{ACAD_REACTORS
330
47
102
}
330
47
100
AcDbScale
 70
     0
300
1:50
140
1.0
141
50.0
290
     0
  0
SCALE
  5
53
102
{ACAD_REACTORS
330
47
102
}
330
47
100
AcDbScale
 70
     0
300
1:100
140
1.0
141
100.0
290
     0
  0
SCALE
  5
54
102
{ACAD_REACTORS
330
47
102
}
330
47
100
AcDbScale
 70
     0
300
2:1
140
2.0
141
1.0
290
     0
  0
SCALE
  5
55
102
{ACAD_REACTORS
330
47
102
}
330
47
100
AcDbScale
 70
     0
300
4:1
140
4.0
141
1.0
290
     0
  0
SCALE
  5
56
102
{ACAD_REACTORS
330
47
102
}
330
47
100
AcDbScale
 70
     0
300
8:1
140
8.0
141
1.0
290
     0
  0
SCALE
  5
57
102
{ACAD_REACTORS
330
47
102
}
330
47
100
AcDbScale
 70
     0
300
10:1
140
10.0
141
1.0
290
     0
  0
SCALE
  5
58
102
{ACAD_REACTORS
330
47
102
}
330
47
100
AcDbScale
 70
     0
300
100:1
140
100.0
141
1.0
290
     0
  0
SCALE
  5
59
102
{ACAD_REACTORS
330
47
102
}
330
47
100
AcDbScale
 70
     0
300
1/128" = 1'-0"
140
0.0078125
141
12.0
290
     0
  0
SCALE
  5
5A
102
{ACAD_REACTORS
330
47
102
}
330
47
100
AcDbScale
 70
     0
300
1/64" = 1'-0"
140
0.015625
141
12.0
290
     0
  0
SCALE
  5
5B
102
{ACAD_REACTORS
330
47
102
}
330
47
100
AcDbScale
 70
     0
300
1/32" = 1'-0"
140
0.03125
141
12.0
290
     0
  0
SCALE
  5
5C
102
{ACAD_REACTORS
330
47
102
}
330
47
100
AcDbScale
 70
     0
300
1/16" = 1'-0"
140
0.0625
141
12.0
290
     0
  0
SCALE
  5
5D
102
{ACAD_REACTORS
330
47
102
}
330
47
100
AcDbScale
 70
     0
300
3/32" = 1'-0"
140
0.09375
141
12.0
290
     0
  0
SCALE
  5
5E
102
{ACAD_REACTORS
330
47
102
}
330
47
100
AcDbScale
 70
     0
300
1/8" = 1'-0"
140
0.125
141
12.0
290
     0
  0
SCALE
  5
5F
102
{ACAD_REACTORS
330
47
102
}
330
47
100
AcDbScale
 70
     0
300
3/16" = 1'-0"
140
0.1875
141
12.0
290
     0
  0
SCALE
  5
60
102
{ACAD_REACTORS
330
47
102
}
330
47
100
AcDbScale
 70
     0
300
1/4" = 1'-0"
140
0.25
141
12.0
290
     0
  0
SCALE
  5
61
102
{ACAD_REACTORS
330
47
102
}
330
47
100
AcDbScale
 70
     0
300
3/8" = 1'-0"
140
0.375
141
12.0
290
     0
  0
SCALE
  5
62
102
{ACAD_REACTORS
330
47
102
}
330
47
100
AcDbScale
 70
     0
300
1/2" = 1'-0"
140
0.5
141
12.0
290
     0
  0
SCALE
  5
63
102
{ACAD_REACTORS
330
47
102
}
330
47
100
AcDbScale
 70
     0
300
3/4" = 1'-0"
140
0.75
141
12.0
290
     0
  0
SCALE
  5
64
102
{ACAD_REACTORS
330
47
102
}
330
47
100
AcDbScale
 70
     0
300
1" = 1'-0"
140
1.0
141
12.0
290
     0
  0
SCALE
  5
65
102
{ACAD_REACTORS
330
47
102
}
330
47
100
AcDbScale
 70
     0
300
1-1/2" = 1'-0"
140
1.5
141
12.0
290
     0
  0
SCALE
  5
66
102
{ACAD_REACTORS
330
47
102
}
330
47
100
AcDbScale
 70
     0
300
3" = 1'-0"
140
3.0
141
12.0
290
     0
  0
SCALE
  5
67
102
{ACAD_REACTORS
330
47
102
}
330
47
100
AcDbScale
 70
     0
300
6" = 1'-0"
140
6.0
141
12.0
290
     0
  0
SCALE
  5
68
102
{ACAD_REACTORS
330
47
102
}
330
47
100
AcDbScale
 70
     0
300
1'-0" = 1'-0"
140
12.0
141
12.0
290
     0
  0
TABLESTYLE
  5
6A
102
{ACAD_REACTORS
330
69
102
}
102
{ACAD_XDICTIONARY
360
3D0
102
}
330
69
100
AcDbTableStyle
  3
Standard
 70
     0
 71
     0
 40
0.06
 41
0.06
280
     0
281
     0
  7
Standard
140
0.18
170
     2
 62
     0
 63
   257
283
     0
274
    -2
284
     1
 64
     0
275
    -2
285
     1
 65
     0
276
    -2
286
     1
 66
     0
277
    -2
287
     1
 67
     0
278
    -2
288
     1
 68
     0
279
    -2
289
     1
 69
     0
  7
Standard
140
0.25
170
     5
 62
     0
 63
   257
283
     0
274
    -2
284
     1
 64
     0
275
    -2
285
     1
 65
     0
276
    -2
286
     1
 66
     0
277
    -2
287
     1
 67
     0
278
    -2
288
     1
 68
     0
279
    -2
289
     1
 69
     0
  7
Standard
140
0.18
170
     5
 62
     0
 63
   257
283
     0
274
    -2
284
     1
 64
     0
275
    -2
285
     1
 65
     0
276
    -2
286
     1
 66
     0
277
    -2
287
     1
 67
     0
278
    -2
288
     1
 68
     0
279
    -2
289
     1
 69
     0
  0
VISUALSTYLE
  5
2F
102
{ACAD_REACTORS
330
2A
102
}
102
{ACAD_XDICTIONARY
360
3A2
102
}
330
2A
100
AcDbVisualStyle
  2
2dWireframe
 70
     4
 71
     0
 72
     2
 73
     0
 90
        0
 40
0.6
 41
30.0
 62
     5
 63
     7
421
 16777215
 74
     1
 91
        4
 64
     7
 65
   257
 75
     1
175
     1
 42
1.0
 92
        0
 66
   257
 43
1.0
 76
     1
 77
     6
 78
     2
 67
     7
 79
     5
170
     0
171
     0
290
     0
174
     0
 93
        1
 44
0.0
173
     0
291
     0
 45
0.0
1001
ACAD
1000
AcDbSavedByObjectVersion
1070
     0
  0
VISUALSTYLE
  5
32
102
{ACAD_REACTORS
330
2A
102
}
102
{ACAD_XDICTIONARY
360
3A8
102
}
330
2A
100
AcDbVisualStyle
  2
Basic
 70
     7
 71
     1
 72
     0
 73
     1
 90
        0
 40
0.6
 41
30.0
 62
     5
 63
     7
421
 16777215
 74
     0
 91
        4
 64
     7
 65
   257
 75
     1
175
     1
 42
1.0
 92
        8
 66
     7
 43
1.0
 76
     1
 77
     6
 78
     2
 67
     7
 79
     5
170
     0
171
     0
290
     0
174
     0
 93
        1
 44
0.0
173
     0
291
     1
 45
0.0
1001
ACAD
1000
AcDbSavedByObjectVersion
1070
     0
  0
VISUALSTYLE
  5
36
102
{ACAD_REACTORS
330
2A
102
}
102
{ACAD_XDICTIONARY
360
3B0
102
}
330
2A
100
AcDbVisualStyle
  2
Brighten
 70
    12
 71
     2
 72
     2
 73
     0
 90
        0
 40
0.6
 41
30.0
 62
     5
 63
     7
421
 16777215
 74
     1
 91
        4
 64
     7
 65
   257
 75
     1
175
     1
 42
1.0
 92
        8
 66
     7
 43
1.0
 76
     1
 77
     6
 78
     2
 67
     7
 79
     5
170
     0
171
     0
290
     0
174
     0
 93
        1
 44
50.0
173
     0
291
     1
 45
0.0
1001
ACAD
1000
AcDbSavedByObjectVersion
1070
     0
  0
VISUALSTYLE
  5
3A
102
{ACAD_REACTORS
330
2A
102
}
102
{ACAD_XDICTIONARY
360
3B8
102
}
330
2A
100
AcDbVisualStyle
  2
ColorChange
 70
    16
 71
     2
 72
     2
 73
     3
 90
        0
 40
0.6
 41
30.0
 62
     5
 63
     8
421
  8421504
 74
     1
 91
        4
 64
     7
 65
   257
 75
     1
175
     1
 42
1.0
 92
        8
 66
     8
424
  8421504
 43
1.0
 76
     1
 77
     6
 78
     2
 67
     7
 79
     5
170
     0
171
     0
290
     0
174
     0
 93
        1
 44
0.0
173
     0
291
     1
 45
0.0
1001
ACAD
1000
AcDbSavedByObjectVersion
1070
     0
  0
VISUALSTYLE
  5
34
102
{ACAD_REACTORS
330
2A
102
}
102
{ACAD_XDICTIONARY
360
3AC
102
}
330
2A
100
AcDbVisualStyle
  2
Conceptual
 70
     9
 71
     3
 72
     2
 73
     0
 90
        0
 40
0.6
 41
30.0
 62
     5
 63
     7
421
 16777215
 74
     2
 91
        2
 64
     7
 65
   257
 75
     1
175
     1
 42
179.0
 92
        8
 66
     7
 43
1.0
 76
     1
 77
     6
 78
     2
 67
     7
 79
     3
170
     0
171
     0
290
     0
174
     0
 93
        1
 44
0.0
173
     0
291
     0
 45
0.0
1001
ACAD
1000
AcDbSavedByObjectVersion
1070
     0
  0
VISUALSTYLE
  5
35
102
{ACAD_REACTORS
330
2A
102
}
102
{ACAD_XDICTIONARY
360
3AE
102
}
330
2A
100
AcDbVisualStyle
  2
Dim
 70
    11
 71
     2
 72
     2
 73
     0
 90
        0
 40
0.6
 41
30.0
 62
     5
 63
     7
421
 16777215
 74
     1
 91
        4
 64
     7
 65
   257
 75
     1
175
     1
 42
1.0
 92
        8
 66
     7
 43
1.0
 76
     1
 77
     6
 78
     2
 67
     7
 79
     5
170
     0
171
     0
290
     0
174
     0
 93
        1
 44
-50.0
173
     0
291
     1
 45
0.0
1001
ACAD
1000
AcDbSavedByObjectVersion
1070
     0
  0
VISUALSTYLE
  5
3D
102
{ACAD_REACTORS
330
2A
102
}
102
{ACAD_XDICTIONARY
360
3BE
102
}
330
2A
100
AcDbVisualStyle
  2
EdgeColorOff
 70
    22
 71
     2
 72
     2
 73
     0
 90
        0
 40
0.6
 41
30.0
 62
     5
 63
     7
421
 16777215
 74
     1
 91
        4
 64
     7
 65
   257
 75
     1
175
     1
 42
1.0
 92
        8
 66
     7
 43
1.0
 76
     1
 77
     6
 78
     2
 67
     7
 79
     5
170
     0
171
     0
290
     0
174
     0
 93
        1
 44
0.0
173
     0
291
     1
 45
0.0
1001
ACAD
1000
AcDbSavedByObjectVersion
1070
     0
  0
VISUALSTYLE
  5
39
102
{ACAD_REACTORS
330
2A
102
}
102
{ACAD_XDICTIONARY
360
3B6
102
}
330
2A
100
AcDbVisualStyle
  2
Facepattern
 70
    15
 71
     2
 72
     2
 73
     0
 90
        0
 40
0.6
 41
30.0
 62
     5
 63
     7
421
 16777215
 74
     1
 91
        4
 64
     7
 65
   257
 75
     1
175
     1
 42
1.0
 92
        8
 66
     7
 43
1.0
 76
     1
 77
     6
 78
     2
 67
     7
 79
     5
170
     0
171
     0
290
     0
174
     0
 93
        1
 44
0.0
173
     0
291
     1
 45
0.0
1001
ACAD
1000
AcDbSavedByObjectVersion
1070
     0
  0
VISUALSTYLE
  5
2B
102
{ACAD_REACTORS
330
2A
102
}
102
{ACAD_XDICTIONARY
360
39A
102
}
330
2A
100
AcDbVisualStyle
  2
Flat
 70
     0
 71
     2
 72
     1
 73
     1
 90
        2
 40
0.6
 41
30.0
 62
     5
 63
     7
421
 16777215
 74
     0
 91
        0
 64
     7
 65
   257
 75
     1
175
     1
 42
1.0
 92
        8
 66
     7
 43
1.0
 76
     1
 77
     6
 78
     2
 67
     7
 79
     5
170
     0
171
     0
290
     0
174
     0
 93
       13
 44
0.0
173
     0
291
     1
 45
0.0
1001
ACAD
1000
AcDbSavedByObjectVersion
1070
     0
  0
VISUALSTYLE
  5
2C
102
{ACAD_REACTORS
330
2A
102
}
102
{ACAD_XDICTIONARY
360
39C
102
}
330
2A
100
AcDbVisualStyle
  2
FlatWithEdges
 70
     1
 71
     2
 72
     1
 73
     1
 90
        2
 40
0.6
 41
30.0
 62
     5
 63
     7
421
 16777215
 74
     1
 91
        0
 64
     7
 65
   257
 75
     1
175
     1
 42
1.0
 92
        0
 66
   257
 43
1.0
 76
     1
 77
     6
 78
     2
 67
     7
 79
     5
170
     0
171
     0
290
     0
174
     0
 93
       13
 44
0.0
173
     0
291
     1
 45
0.0
1001
ACAD
1000
AcDbSavedByObjectVersion
1070
     0
  0
VISUALSTYLE
  5
2D
102
{ACAD_REACTORS
330
2A
102
}
102
{ACAD_XDICTIONARY
360
39E
102
}
330
2A
100
AcDbVisualStyle
  2
Gouraud
 70
     2
 71
     2
 72
     2
 73
     1
 90
        2
 40
0.6
 41
30.0
 62
     5
 63
     7
421
 16777215
 74
     0
 91
        0
 64
     7
 65
   257
 75
     1
175
     1
 42
1.0
 92
        0
 66
     7
 43
1.0
 76
     1
 77
     6
 78
     2
 67
     7
 79
     5
170
     0
171
     0
290
     0
174
     0
 93
       13
 44
0.0
173
     0
291
     1
 45
0.0
1001
ACAD
1000
AcDbSavedByObjectVersion
1070
     0
  0
VISUALSTYLE
  5
2E
102
{ACAD_REACTORS
330
2A
102
}
102
{ACAD_XDICTIONARY
360
3A0
102
}
330
2A
100
AcDbVisualStyle
  2
GouraudWithEdges
 70
     3
 71
     2
 72
     2
 73
     1
 90
        2
 40
0.6
 41
30.0
 62
     5
 63
     7
421
 16777215
 74
     1
 91
        0
 64
     7
 65
   257
 75
     1
175
     1
 42
1.0
 92
        0
 66
   257
 43
1.0
 76
     1
 77
     6
 78
     2
 67
     7
 79
     5
170
     0
171
     0
290
     0
174
     0
 93
       13
 44
0.0
173
     0
291
     1
 45
0.0
1001
ACAD
1000
AcDbSavedByObjectVersion
1070
     0
  0
VISUALSTYLE
  5
31
102
{ACAD_REACTORS
330
2A
102
}
102
{ACAD_XDICTIONARY
360
3A6
102
}
330
2A
100
AcDbVisualStyle
  2
Hidden
 70
     6
 71
     1
 72
     2
 73
     2
 90
        0
 40
0.6
 41
30.0
 62
     5
 63
     7
421
 16777215
 74
     2
 91
        2
 64
     7
 65
   257
 75
     2
175
     1
 42
40.0
 92
        0
 66
   257
 43
1.0
 76
     1
 77
     6
 78
     2
 67
     7
 79
     3
170
     0
171
     0
290
     0
174
     0
 93
        1
 44
0.0
173
     0
291
     0
 45
0.0
1001
ACAD
1000
AcDbSavedByObjectVersion
1070
     0
  0
VISUALSTYLE
  5
3B
102
{ACAD_REACTORS
330
2A
102
}
102
{ACAD_XDICTIONARY
360
3BA
102
}
330
2A
100
AcDbVisualStyle
  2
JitterOff
 70
    20
 71
     2
 72
     2
 73
     0
 90
        0
 40
0.6
 41
30.0
 62
     5
 63
     7
421
 16777215
 74
     1
 91
        4
 64
     7
 65
   257
 75
     1
175
     1
 42
1.0
 92
       10
 66
     7
 43
1.0
 76
     1
 77
     6
 78
     2
 67
     7
 79
     5
170
     0
171
     0
290
     0
174
     0
 93
        1
 44
0.0
173
     0
291
     1
 45
0.0
1001
ACAD
1000
AcDbSavedByObjectVersion
1070
     0
  0
VISUALSTYLE
  5
38
102
{ACAD_REACTORS
330
2A
102
}
102
{ACAD_XDICTIONARY
360
3B4
102
}
330
2A
100
AcDbVisualStyle
  2
Linepattern
 70
    14
 71
     2
 72
     2
 73
     0
 90
        0
 40
0.6
 41
30.0
 62
     5
 63
     7
421
 16777215
 74
     1
 91
        4
 64
     7
 65
   257
 75
     7
175
     7
 42
1.0
 92
        8
 66
     7
 43
1.0
 76
     1
 77
     6
 78
     2
 67
     7
 79
     5
170
     0
171
     0
290
     0
174
     0
 93
        1
 44
0.0
173
     0
291
     1
 45
0.0
1001
ACAD
1000
AcDbSavedByObjectVersion
1070
     0
  0
VISUALSTYLE
  5
3C
102
{ACAD_REACTORS
330
2A
102
}
102
{ACAD_XDICTIONARY
360
3BC
102
}
330
2A
100
AcDbVisualStyle
  2
OverhangOff
 70
    21
 71
     2
 72
     2
 73
     0
 90
        0
 40
0.6
 41
30.0
 62
     5
 63
     7
421
 16777215
 74
     1
 91
        4
 64
     7
 65
   257
 75
     1
175
     1
 42
1.0
 92
        9
 66
     7
 43
1.0
 76
     1
 77
     6
 78
     2
 67
     7
 79
     5
170
     0
171
     0
290
     0
174
     0
 93
        1
 44
0.0
173
     0
291
     1
 45
0.0
1001
ACAD
1000
AcDbSavedByObjectVersion
1070
     0
  0
VISUALSTYLE
  5
33
102
{ACAD_REACTORS
330
2A
102
}
102
{ACAD_XDICTIONARY
360
3AA
102
}
330
2A
100
AcDbVisualStyle
  2
Realistic
 70
     8
 71
     2
 72
     3
 73
     0
 90
        2
 40
0.6
 41
30.0
 62
     5
 63
     7
421
 16777215
 74
     0
 91
        0
 64
     7
 65
   257
 75
     1
175
     1
 42
1.0
 92
        8
 66
   257
 43
1.0
 76
     1
 77
     6
 78
     2
 67
     7
 79
     3
170
     0
171
     0
290
     0
174
     0
 93
       13
 44
0.0
173
     0
291
     0
 45
0.0
1001
ACAD
1000
AcDbSavedByObjectVersion
1070
     0
  0
VISUALSTYLE
  5
42
102
{ACAD_REACTORS
330
2A
102
}
102
{ACAD_XDICTIONARY
360
3C8
102
}
330
2A
100
AcDbVisualStyle
  2
Shaded
 70
    27
 71
     2
 72
     2
 73
     1
 90
        2
 40
0.6
 41
30.0
 62
     5
 63
     7
421
 16777215
 74
     0
 91
        4
 64
     7
 65
   257
 75
     1
175
     1
 42
1.0
 92
        8
 66
   257
 43
1.0
 76
     1
 77
     6
 78
     2
 67
     8
425
  7895160
 79
     3
170
     0
171
     0
290
     0
174
     0
 93
        5
 44
0.0
173
     0
291
     0
 45
0.0
1001
ACAD
1000
AcDbSavedByObjectVersion
1070
     0
  0
VISUALSTYLE
  5
41
102
{ACAD_REACTORS
330
2A
102
}
102
{ACAD_XDICTIONARY
360
3C6
102
}
330
2A
100
AcDbVisualStyle
  2
Shaded with edges
 70
    26
 71
     2
 72
     2
 73
     1
 90
        2
 40
0.6
 41
30.0
 62
     5
 63
     7
421
 16777215
 74
     1
 91
       10
 64
     7
 65
   257
 75
     2
175
     1
 42
1.0
 92
        8
 66
   257
 43
1.0
 76
     1
 77
     6
 78
     2
 67
     7
 79
     3
170
     0
171
     0
290
     0
174
     0
 93
        5
 44
0.0
173
     0
291
     0
 45
0.0
1001
ACAD
1000
AcDbSavedByObjectVersion
1070
     0
  0
VISUALSTYLE
  5
3E
102
{ACAD_REACTORS
330
2A
102
}
102
{ACAD_XDICTIONARY
360
3C0
102
}
330
2A
100
AcDbVisualStyle
  2
Shades of Gray
 70
    23
 71
     2
 72
     2
 73
     3
 90
        0
 40
0.6
 41
30.0
 62
     5
 63
     7
421
 16777215
 74
     2
 91
        2
 64
     7
 65
     7
 75
     1
175
     1
 42
40.0
 92
        8
 66
     7
 43
1.0
 76
     1
 77
     6
 78
     2
 67
     7
 79
     3
170
     0
171
     0
290
     0
174
     0
 93
        1
 44
0.0
173
     0
291
     0
 45
0.0
1001
ACAD
1000
AcDbSavedByObjectVersion
1070
     0
  0
VISUALSTYLE
  5
3F
102
{ACAD_REACTORS
330
2A
102
}
102
{ACAD_XDICTIONARY
360
3C2
102
}
330
2A
100
AcDbVisualStyle
  2
Sketchy
 70
    24
 71
     1
 72
     2
 73
     2
 90
        0
 40
0.6
 41
30.0
 62
     5
 63
     7
421
 16777215
 74
     2
 91
        2
 64
     7
 65
     7
 75
     1
175
     1
 42
40.0
 92
       11
 66
     7
 43
1.0
 76
     1
 77
     6
 78
     2
 67
     7
 79
     6
170
     0
171
     0
290
     0
174
     0
 93
        1
 44
0.0
173
     0
291
     0
 45
0.0
1001
ACAD
1000
AcDbSavedByObjectVersion
1070
     0
  0
VISUALSTYLE
  5
37
102
{ACAD_REACTORS
330
2A
102
}
102
{ACAD_XDICTIONARY
360
3B2
102
}
330
2A
100
AcDbVisualStyle
  2
Thicken
 70
    13
 71
     2
 72
     2
 73
     0
 90
        0
 40
0.6
 41
30.0
 62
     5
 63
     7
421
 16777215
 74
     1
 91
        4
 64
     7
 65
   257
 75
     1
175
     1
 42
1.0
 92
       12
 66
     7
 43
1.0
 76
     1
 77
     6
 78
     2
 67
     7
 79
     5
170
     0
171
     0
290
     0
174
     0
 93
        1
 44
0.0
173
     0
291
     1
 45
0.0
1001
ACAD
1000
AcDbSavedByObjectVersion
1070
     0
  0
VISUALSTYLE
  5
30
102
{ACAD_REACTORS
330
2A
102
}
102
{ACAD_XDICTIONARY
360
3A4
102
}
330
2A
100
AcDbVisualStyle
  2
Wireframe
 70
     5
 71
     0
 72
     2
 73
     0
 90
        0
 40
0.6
 41
30.0
 62
     5
 63
     7
421
 16777215
 74
     1
 91
        4
 64
     7
 65
   257
 75
     1
175
     1
 42
1.0
 92
        0
 66
   257
 43
1.0
 76
     1
 77
     6
 78
     2
 67
     7
 79
     3
170
     0
171
     0
290
     0
174
     0
 93
        1
 44
0.0
173
     0
291
     0
 45
0.0
1001
ACAD
1000
AcDbSavedByObjectVersion
1070
     0
  0
VISUALSTYLE
  5
40
102
{ACAD_REACTORS
330
2A
102
}
102
{ACAD_XDICTIONARY
360
3C4
102
}
330
2A
100
AcDbVisualStyle
  2
X-Ray
 70
    25
 71
     2
 72
     2
 73
     1
 90
        1
 40
0.5
 41
30.0
 62
     5
 63
     7
421
 16777215
 74
     1
 91
        0
 64
     7
 65
   257
 75
     1
175
     1
 42
1.0
 92
        8
 66
     7
 43
1.0
 76
     1
 77
     6
 78
     2
 67
     7
 79
     3
170
     0
171
     0
290
     0
174
     0
 93
       13
 44
0.0
173
     0
291
     0
 45
0.0
1001
ACAD
1000
AcDbSavedByObjectVersion
1070
     0
  0
DICTIONARYVAR
  5
397
102
{ACAD_REACTORS
330
396
102
}
330
396
100
DictionaryVariables
280
     0
  1
1:1
  0
DICTIONARYVAR
  5
3D8
102
{ACAD_REACTORS
330
396
102
}
330
396
100
DictionaryVariables
280
     0
  1
Standard
  0
DICTIONARYVAR
  5
3D7
102
{ACAD_REACTORS
330
396
102
}
330
396
100
DictionaryVariables
280
     0
  1
Standard
  0
DICTIONARYVAR
  5
398
102
{ACAD_REACTORS
330
396
102
}
330
396
100
DictionaryVariables
280
     0
  1
1
  0
DICTIONARYVAR
  5
399
102
{ACAD_REACTORS
330
396
102
}
330
396
100
DictionaryVariables
280
     0
  1
2
  0
DICTIONARY
  5
3CC
330
45
100
AcDbDictionary
280
     1
281
     1
  3
ACAD_XREC_ROUNDTRIP
360
3CD
  0
DICTIONARY
  5
3CA
330
44
100
AcDbDictionary
280
     1
281
     1
  3
ACAD_XREC_ROUNDTRIP
360
3CB
  0
DICTIONARY
  5
3CE
330
46
100
AcDbDictionary
280
     1
281
     1
  3
ACAD_XREC_ROUNDTRIP
360
3CF
  0
DICTIONARY
  5
3D4
330
6C
100
AcDbDictionary
280
     1
281
     1
  3
ACAD_XREC_ROUNDTRIP
360
3D5
  0
DICTIONARY
  5
3D0
330
6A
100
AcDbDictionary
280
     1
281
     1
  3
ACAD_ROUNDTRIP_2008_TABLESTYLE_CELLSTYLEMAP
360
3D2
  3
ACAD_XREC_ROUNDTRIP
360
3D1
  0
DICTIONARY
  5
3A2
330
2F
100
AcDbDictionary
280
     1
281
     1
  3
ACAD_XREC_ROUNDTRIP
360
3A3
  0
DICTIONARY
  5
3A8
330
32
100
AcDbDictionary
280
     1
281
     1
  3
ACAD_XREC_ROUNDTRIP
360
3A9
  0
DICTIONARY
  5
3B0
330
36
100
AcDbDictionary
280
     1
281
     1
  3
ACAD_XREC_ROUNDTRIP
360
3B1
  0
DICTIONARY
  5
3B8
330
3A
100
AcDbDictionary
280
     1
281
     1
  3
ACAD_XREC_ROUNDTRIP
360
3B9
  0
DICTIONARY
  5
3AC
330
34
100
AcDbDictionary
280
     1
281
     1
  3
ACAD_XREC_ROUNDTRIP
360
3AD
  0
DICTIONARY
  5
3AE
330
35
100
AcDbDictionary
280
     1
281
     1
  3
ACAD_XREC_ROUNDTRIP
360
3AF
  0
DICTIONARY
  5
3BE
330
3D
100
AcDbDictionary
280
     1
281
     1
  3
ACAD_XREC_ROUNDTRIP
360
3BF
  0
DICTIONARY
  5
3B6
330
39
100
AcDbDictionary
280
     1
281
     1
  3
ACAD_XREC_ROUNDTRIP
360
3B7
  0
DICTIONARY
  5
39A
330
2B
100
AcDbDictionary
280
     1
281
     1
  3
ACAD_XREC_ROUNDTRIP
360
39B
  0
DICTIONARY
  5
39C
330
2C
100
AcDbDictionary
280
     1
281
     1
  3
ACAD_XREC_ROUNDTRIP
360
39D
  0
DICTIONARY
  5
39E
330
2D
100
AcDbDictionary
280
     1
281
     1
  3
ACAD_XREC_ROUNDTRIP
360
39F
  0
DICTIONARY
  5
3A0
330
2E
100
AcDbDictionary
280
     1
281
     1
  3
ACAD_XREC_ROUNDTRIP
360
3A1
  0
DICTIONARY
  5
3A6
330
31
100
AcDbDictionary
280
     1
281
     1
  3
ACAD_XREC_ROUNDTRIP
360
3A7
  0
DICTIONARY
  5
3BA
330
3B
100
AcDbDictionary
280
     1
281
     1
  3
ACAD_XREC_ROUNDTRIP
360
3BB
  0
DICTIONARY
  5
3B4
330
38
100
AcDbDictionary
280
     1
281
     1
  3
ACAD_XREC_ROUNDTRIP
360
3B5
  0
DICTIONARY
  5
3BC
330
3C
100
AcDbDictionary
280
     1
281
     1
  3
ACAD_XREC_ROUNDTRIP
360
3BD
  0
DICTIONARY
  5
3AA
330
33
100
AcDbDictionary
280
     1
281
     1
  3
ACAD_XREC_ROUNDTRIP
360
3AB
  0
DICTIONARY
  5
3C8
330
42
100
AcDbDictionary
280
     1
281
     1
  3
ACAD_XREC_ROUNDTRIP
360
3C9
  0
DICTIONARY
  5
3C6
330
41
100
AcDbDictionary
280
     1
281
     1
  3
ACAD_XREC_ROUNDTRIP
360
3C7
  0
DICTIONARY
  5
3C0
330
3E
100
AcDbDictionary
280
     1
281
     1
  3
ACAD_XREC_ROUNDTRIP
360
3C1
  0
DICTIONARY
  5
3C2
330
3F
100
AcDbDictionary
280
     1
281
     1
  3
ACAD_XREC_ROUNDTRIP
360
3C3
  0
DICTIONARY
  5
3B2
330
37
100
AcDbDictionary
280
     1
281
     1
  3
ACAD_XREC_ROUNDTRIP
360
3B3
  0
DICTIONARY
  5
3A4
330
30
100
AcDbDictionary
280
     1
281
     1
  3
ACAD_XREC_ROUNDTRIP
360
3A5
  0
DICTIONARY
  5
3C4
330
40
100
AcDbDictionary
280
     1
281
     1
  3
ACAD_XREC_ROUNDTRIP
360
3C5
  0
XRECORD
  5
3CD
102
{ACAD_REACTORS
330
3CC
102
}
330
3CC
100
AcDbXrecord
280
     1
102
MATERIAL
148
0.0
149
0.0
149
0.0
 93
        0
 94
      127
282
     0
 72
     1
 77
     1
171
     1
175
     1
179
     1
273
     0
  0
XRECORD
  5
3CB
102
{ACAD_REACTORS
330
3CA
102
}
330
3CA
100
AcDbXrecord
280
     1
102
MATERIAL
148
0.0
149
0.0
149
0.0
 93
        0
 94
      127
282
     0
 72
     1
 77
     1
171
     1
175
     1
179
     1
273
     0
  0
XRECORD
  5
3CF
102
{ACAD_REACTORS
330
3CE
102
}
330
3CE
100
AcDbXrecord
280
     1
102
MATERIAL
148
0.0
149
0.0
149
0.0
 93
        0
 94
      127
282
     0
 72
     1
 77
     1
171
     1
175
     1
179
     1
273
     0
  0
XRECORD
  5
3D5
102
{ACAD_REACTORS
330
3D4
102
}
330
3D4
100
AcDbXrecord
280
     1
102
ACAD_ROUNDTRIP_2010_MLEADER_STYLE
  0
CELLSTYLEMAP
  5
3D2
102
{ACAD_REACTORS
330
3D0
102
}
330
3D0
100
AcDbCellStyleMap
 90
        3
300
CELLSTYLE
  1
TABLEFORMAT_BEGIN
 90
        5
170
     1
 91
        0
 92
    32768
 62
   257
 93
        1
300
CONTENTFORMAT
  1
CONTENTFORMAT_BEGIN
 90
        0
 91
        0
 92
        4
 93
        0
300

 40
0.0
140
1.0
 94
        5
 62
     0
340
11
144
0.25
309
CONTENTFORMAT_END
171
     1
301
MARGIN
  1
CELLMARGIN_BEGIN
 40
0.06
 40
0.06
 40
0.06
 40
0.06
 40
0.06
 40
0.06
309
CELLMARGIN_END
 94
        6
 95
        1
302
GRIDFORMAT
  1
GRIDFORMAT_BEGIN
 90
        0
 91
        1
 62
     0
 92
       -2
340
14
 93
        0
 40
0.045
309
GRIDFORMAT_END
 95
        2
302
GRIDFORMAT
  1
GRIDFORMAT_BEGIN
 90
        0
 91
        1
 62
     0
 92
       -2
340
14
 93
        0
 40
0.045
309
GRIDFORMAT_END
 95
        4
302
GRIDFORMAT
  1
GRIDFORMAT_BEGIN
 90
        0
 91
        1
 62
     0
 92
       -2
340
14
 93
        0
 40
0.045
309
GRIDFORMAT_END
 95
        8
302
GRIDFORMAT
  1
GRIDFORMAT_BEGIN
 90
        0
 91
        1
 62
     0
 92
       -2
340
14
 93
        0
 40
0.045
309
GRIDFORMAT_END
 95
       16
302
GRIDFORMAT
  1
GRIDFORMAT_BEGIN
 90
        0
 91
        1
 62
     0
 92
       -2
340
14
 93
        0
 40
0.045
309
GRIDFORMAT_END
 95
       32
302
GRIDFORMAT
  1
GRIDFORMAT_BEGIN
 90
        0
 91
        1
 62
     0
 92
       -2
340
14
 93
        0
 40
0.045
309
GRIDFORMAT_END
309
TABLEFORMAT_END
  1
CELLSTYLE_BEGIN
 90
        1
 91
        1
300
_TITLE
309
CELLSTYLE_END
300
CELLSTYLE
  1
TABLEFORMAT_BEGIN
 90
        5
170
     1
 91
        0
 92
        0
 62
   257
 93
        1
300
CONTENTFORMAT
  1
CONTENTFORMAT_BEGIN
 90
        0
 91
        0
 92
        4
 93
        0
300

 40
0.0
140
1.0
 94
        5
 62
     0
340
11
144
0.18
309
CONTENTFORMAT_END
171
     1
301
MARGIN
  1
CELLMARGIN_BEGIN
 40
0.06
 40
0.06
 40
0.06
 40
0.06
 40
0.06
 40
0.06
309
CELLMARGIN_END
 94
        6
 95
        1
302
GRIDFORMAT
  1
GRIDFORMAT_BEGIN
 90
        0
 91
        1
 62
     0
 92
       -2
340
14
 93
        0
 40
0.045
309
GRIDFORMAT_END
 95
        2
302
GRIDFORMAT
  1
GRIDFORMAT_BEGIN
 90
        0
 91
        1
 62
     0
 92
       -2
340
14
 93
        0
 40
0.045
309
GRIDFORMAT_END
 95
        4
302
GRIDFORMAT
  1
GRIDFORMAT_BEGIN
 90
        0
 91
        1
 62
     0
 92
       -2
340
14
 93
        0
 40
0.045
309
GRIDFORMAT_END
 95
        8
302
GRIDFORMAT
  1
GRIDFORMAT_BEGIN
 90
        0
 91
        1
 62
     0
 92
       -2
340
14
 93
        0
 40
0.045
309
GRIDFORMAT_END
 95
       16
302
GRIDFORMAT
  1
GRIDFORMAT_BEGIN
 90
        0
 91
        1
 62
     0
 92
       -2
340
14
 93
        0
 40
0.045
309
GRIDFORMAT_END
 95
       32
302
GRIDFORMAT
  1
GRIDFORMAT_BEGIN
 90
        0
 91
        1
 62
     0
 92
       -2
340
14
 93
        0
 40
0.045
309
GRIDFORMAT_END
309
TABLEFORMAT_END
  1
CELLSTYLE_BEGIN
 90
        2
 91
        1
300
_HEADER
309
CELLSTYLE_END
300
CELLSTYLE
  1
TABLEFORMAT_BEGIN
 90
        5
170
     1
 91
        0
 92
        0
 62
   257
 93
        1
300
CONTENTFORMAT
  1
CONTENTFORMAT_BEGIN
 90
        0
 91
        0
 92
        4
 93
        0
300

 40
0.0
140
1.0
 94
        2
 62
     0
340
11
144
0.18
309
CONTENTFORMAT_END
171
     1
301
MARGIN
  1
CELLMARGIN_BEGIN
 40
0.06
 40
0.06
 40
0.06
 40
0.06
 40
0.06
 40
0.06
309
CELLMARGIN_END
 94
        6
 95
        1
302
GRIDFORMAT
  1
GRIDFORMAT_BEGIN
 90
        0
 91
        1
 62
     0
 92
       -2
340
14
 93
        0
 40
0.045
309
GRIDFORMAT_END
 95
        2
302
GRIDFORMAT
  1
GRIDFORMAT_BEGIN
 90
        0
 91
        1
 62
     0
 92
       -2
340
14
 93
        0
 40
0.045
309
GRIDFORMAT_END
 95
        4
302
GRIDFORMAT
  1
GRIDFORMAT_BEGIN
 90
        0
 91
        1
 62
     0
 92
       -2
340
14
 93
        0
 40
0.045
309
GRIDFORMAT_END
 95
        8
302
GRIDFORMAT
  1
GRIDFORMAT_BEGIN
 90
        0
 91
        1
 62
     0
 92
       -2
340
14
 93
        0
 40
0.045
309
GRIDFORMAT_END
 95
       16
302
GRIDFORMAT
  1
GRIDFORMAT_BEGIN
 90
        0
 91
        1
 62
     0
 92
       -2
340
14
 93
        0
 40
0.045
309
GRIDFORMAT_END
 95
       32
302
GRIDFORMAT
  1
GRIDFORMAT_BEGIN
 90
        0
 91
        1
 62
     0
 92
       -2
340
14
 93
        0
 40
0.045
309
GRIDFORMAT_END
309
TABLEFORMAT_END
  1
CELLSTYLE_BEGIN
 90
        3
 91
        2
300
_DATA
309
CELLSTYLE_END
  0
XRECORD
  5
3D1
102
{ACAD_REACTORS
330
3D0
102
}
330
3D0
100
AcDbXrecord
280
     1
102
ACAD_ROUNDTRIP_PRE2007_TABLESTYLE
 90
        4
 91
        0
  1

 92
        4
 93
        0
  2

 94
        4
 95
        0
  3

  0
XRECORD
  5
3A3
102
{ACAD_REACTORS
330
3A2
102
}
330
3A2
100
AcDbXrecord
280
     1
102
RTVSPropertyOp0
 70
     1
102
RTVSPropertyOp1
 70
     1
102
RTVSPropertyOp2
 70
     1
102
RTVSPropertyOp3
 70
     1
102
RTVSPropertyOp4
 70
     1
102
RTVSPropertyOp5
 70
     1
102
RTVSPropertyOp6
 70
     1
102
RTVSPropertyOp7
 70
     1
102
RTVSPropertyOp8
 70
     1
102
RTVSPropertyOp9
 70
     1
102
RTVSPropertyOp10
 70
     1
102
RTVSPropertyOp11
 70
     1
102
RTVSPropertyOp12
 70
     1
102
RTVSPropertyOp13
 70
     1
102
RTVSPropertyOp14
 70
     1
102
RTVSPropertyOp15
 70
     1
102
RTVSPropertyOp16
 70
     1
102
RTVSPropertyOp17
 70
     1
102
RTVSPropertyOp18
 70
     1
102
RTVSPropertyOp19
 70
     1
102
RTVSPropertyOp20
 70
     1
102
RTVSPropertyOp21
 70
     1
102
RTVSPropertyOp22
 70
     1
102
RTVSPropertyOp23
 70
     1
102
RTVSPropertyOp24
 70
     1
102
RTVSPropertyOp25
 70
     1
102
RTVSPropertyOp26
 70
     1
102
RTVSPropertyOp27
 70
     1
102
RTVSPropertyOp28
 70
     1
102
RTVSPropertyOp29
 70
     1
102
RTVSPropertyOp30
 70
     1
102
RTVSPropertyOp31
 70
     1
102
RTVSPropertyOp32
 70
     1
102
RTVSPropertyOp33
 70
     1
102
RTVSPropertyOp34
 70
     1
102
RTVSPropertyOp35
 70
     1
102
RTVSPropertyOp36
 70
     1
102
RTVSPropertyOp37
 70
     1
102
RTVSPropertyOp38
 70
     1
102
RTVSPropertyOp39
 70
     1
102
RTVSPropertyOp40
 70
     1
102
RTVSPropertyOp41
 70
     1
102
RTVSPropertyOp42
 70
     1
102
RTVSPropertyOp43
 70
     1
102
RTVSPropertyOp44
 70
     1
102
RTVSPropertyOp45
 70
     1
102
RTVSPropertyOp46
 70
     1
102
RTVSPropertyOp47
 70
     1
102
RTVSPropertyOp48
 70
     1
102
RTVSPropertyOp49
 70
     1
102
RTVSPropertyOp50
 70
     1
102
RTVSPropertyOp51
 70
     0
102
RTVSPropertyOp52
 70
     0
102
RTVSPropertyOp53
 70
     1
102
RTVSPropertyOp54
 70
     1
102
RTVSPropertyOp55
 70
     1
102
RTVSPropertyOp56
 70
     1
102
RTVSPropertyOp57
 70
     1
102
RTVSPost2010Prop28
280
     1
102
RTVSPost2010PropOp28
 70
     1
102
RTVSPost2010Prop29
280
     1
102
RTVSPost2010PropOp29
 70
     1
102
RTVSPost2010Prop30
280
     0
102
RTVSPost2010PropOp30
 70
     1
102
RTVSPost2010Prop31
280
     0
102
RTVSPost2010PropOp31
 70
     1
102
RTVSPost2010Prop32
280
     0
102
RTVSPost2010PropOp32
 70
     1
102
RTVSPost2010Prop33
280
     0
102
RTVSPost2010PropOp33
 70
     1
102
RTVSPost2010Prop34
280
     0
102
RTVSPost2010PropOp34
 70
     1
102
RTVSPost2010Prop35
280
     0
102
RTVSPost2010PropOp35
 70
     1
102
RTVSPost2010Prop36
280
     0
102
RTVSPost2010PropOp36
 70
     1
102
RTVSPost2010Prop37
 90
       50
102
RTVSPost2010PropOp37
 70
     1
102
RTVSPost2010Prop38
140
0.0
102
RTVSPost2010PropOp38
 70
     1
102
RTVSPost2010Prop39
140
1.0
102
RTVSPost2010PropOp39
 70
     1
102
RTVSPost2010Prop40
 90
        0
102
RTVSPost2010PropOp40
 70
     1
102
RTVSPost2010Prop41ColorIndex
 90
      178
102
RTVSPost2010Prop41ColorRGB
 90
        0
102
RTVSPost2010PropOp41
 70
     1
102
RTVSPost2010Prop42
 90
       50
102
RTVSPost2010PropOp42
 70
     1
102
RTVSPost2010Prop43
 90
        3
102
RTVSPost2010PropOp43
 70
     1
102
RTVSPost2010Prop44ColorIndex
 90
        5
102
RTVSPost2010Prop44ColorRGB
 90
      255
102
RTVSPost2010PropOp44
 70
     1
102
RTVSPost2010Prop45
280
     0
102
RTVSPost2010PropOp45
 70
     1
102
RTVSPost2010Prop46
 90
       50
102
RTVSPost2010PropOp46
 70
     1
102
RTVSPost2010Prop47
 90
       50
102
RTVSPost2010PropOp47
 70
     1
102
RTVSPost2010Prop48
 90
       50
102
RTVSPost2010PropOp48
 70
     1
102
RTVSPost2010Prop49
280
     0
102
RTVSPost2010PropOp49
 70
     1
102
RTVSPost2010Prop50
 90
       50
102
RTVSPost2010PropOp50
 70
     1
102
RTVSPost2010Prop51ColorIndex
 90
      256
102
RTVSPost2010Prop51ColorRGB
 90
-16777216
102
RTVSPost2010PropOp51
 70
     0
102
RTVSPost2010Prop52
140
1.0
102
RTVSPost2010PropOp52
 70
     0
102
RTVSPost2010Prop53
 90
        2
102
RTVSPost2010PropOp53
 70
     1
102
RTVSPost2010Prop54
  1
strokes_ogs.tif
102
RTVSPost2010PropOp54
 70
     1
102
RTVSPost2010Prop55
280
     0
102
RTVSPost2010PropOp55
 70
     1
102
RTVSPost2010Prop56
140
1.0
102
RTVSPost2010PropOp56
 70
     1
102
RTVSPost2010Prop57
140
1.0
102
RTVSPost2010PropOp57
 70
     1
  0
XRECORD
  5
3A9
102
{ACAD_REACTORS
330
3A8
102
}
330
3A8
100
AcDbXrecord
280
     1
102
RTVSPropertyOp0
 70
     1
102
RTVSPropertyOp1
 70
     1
102
RTVSPropertyOp2
 70
     1
102
RTVSPropertyOp3
 70
     1
102
RTVSPropertyOp4
 70
     1
102
RTVSPropertyOp5
 70
     1
102
RTVSPropertyOp6
 70
     1
102
RTVSPropertyOp7
 70
     1
102
RTVSPropertyOp8
 70
     1
102
RTVSPropertyOp9
 70
     1
102
RTVSPropertyOp10
 70
     1
102
RTVSPropertyOp11
 70
     1
102
RTVSPropertyOp12
 70
     1
102
RTVSPropertyOp13
 70
     1
102
RTVSPropertyOp14
 70
     1
102
RTVSPropertyOp15
 70
     1
102
RTVSPropertyOp16
 70
     1
102
RTVSPropertyOp17
 70
     1
102
RTVSPropertyOp18
 70
     1
102
RTVSPropertyOp19
 70
     1
102
RTVSPropertyOp20
 70
     1
102
RTVSPropertyOp21
 70
     1
102
RTVSPropertyOp22
 70
     1
102
RTVSPropertyOp23
 70
     1
102
RTVSPropertyOp24
 70
     1
102
RTVSPropertyOp25
 70
     1
102
RTVSPropertyOp26
 70
     1
102
RTVSPropertyOp27
 70
     1
102
RTVSPropertyOp28
 70
     1
102
RTVSPropertyOp29
 70
     1
102
RTVSPropertyOp30
 70
     1
102
RTVSPropertyOp31
 70
     1
102
RTVSPropertyOp32
 70
     1
102
RTVSPropertyOp33
 70
     1
102
RTVSPropertyOp34
 70
     1
102
RTVSPropertyOp35
 70
     1
102
RTVSPropertyOp36
 70
     1
102
RTVSPropertyOp37
 70
     1
102
RTVSPropertyOp38
 70
     1
102
RTVSPropertyOp39
 70
     1
102
RTVSPropertyOp40
 70
     1
102
RTVSPropertyOp41
 70
     1
102
RTVSPropertyOp42
 70
     1
102
RTVSPropertyOp43
 70
     1
102
RTVSPropertyOp44
 70
     1
102
RTVSPropertyOp45
 70
     1
102
RTVSPropertyOp46
 70
     1
102
RTVSPropertyOp47
 70
     1
102
RTVSPropertyOp48
 70
     1
102
RTVSPropertyOp49
 70
     1
102
RTVSPropertyOp50
 70
     1
102
RTVSPropertyOp51
 70
     0
102
RTVSPropertyOp52
 70
     0
102
RTVSPropertyOp53
 70
     1
102
RTVSPropertyOp54
 70
     1
102
RTVSPropertyOp55
 70
     1
102
RTVSPropertyOp56
 70
     1
102
RTVSPropertyOp57
 70
     1
102
RTVSPost2010Prop28
280
     0
102
RTVSPost2010PropOp28
 70
     1
102
RTVSPost2010Prop29
280
     1
102
RTVSPost2010PropOp29
 70
     1
102
RTVSPost2010Prop30
280
     1
102
RTVSPost2010PropOp30
 70
     1
102
RTVSPost2010Prop31
280
     0
102
RTVSPost2010PropOp31
 70
     1
102
RTVSPost2010Prop32
280
     0
102
RTVSPost2010PropOp32
 70
     1
102
RTVSPost2010Prop33
280
     0
102
RTVSPost2010PropOp33
 70
     1
102
RTVSPost2010Prop34
280
     0
102
RTVSPost2010PropOp34
 70
     1
102
RTVSPost2010Prop35
280
     0
102
RTVSPost2010PropOp35
 70
     1
102
RTVSPost2010Prop36
280
     0
102
RTVSPost2010PropOp36
 70
     1
102
RTVSPost2010Prop37
 90
       50
102
RTVSPost2010PropOp37
 70
     1
102
RTVSPost2010Prop38
140
0.0
102
RTVSPost2010PropOp38
 70
     1
102
RTVSPost2010Prop39
140
1.0
102
RTVSPost2010PropOp39
 70
     1
102
RTVSPost2010Prop40
 90
        0
102
RTVSPost2010PropOp40
 70
     1
102
RTVSPost2010Prop41ColorIndex
 90
      178
102
RTVSPost2010Prop41ColorRGB
 90
        0
102
RTVSPost2010PropOp41
 70
     1
102
RTVSPost2010Prop42
 90
       50
102
RTVSPost2010PropOp42
 70
     1
102
RTVSPost2010Prop43
 90
        3
102
RTVSPost2010PropOp43
 70
     1
102
RTVSPost2010Prop44ColorIndex
 90
        5
102
RTVSPost2010Prop44ColorRGB
 90
      255
102
RTVSPost2010PropOp44
 70
     1
102
RTVSPost2010Prop45
280
     0
102
RTVSPost2010PropOp45
 70
     1
102
RTVSPost2010Prop46
 90
       50
102
RTVSPost2010PropOp46
 70
     1
102
RTVSPost2010Prop47
 90
       50
102
RTVSPost2010PropOp47
 70
     1
102
RTVSPost2010Prop48
 90
       50
102
RTVSPost2010PropOp48
 70
     1
102
RTVSPost2010Prop49
280
     0
102
RTVSPost2010PropOp49
 70
     1
102
RTVSPost2010Prop50
 90
       50
102
RTVSPost2010PropOp50
 70
     1
102
RTVSPost2010Prop51ColorIndex
 90
      256
102
RTVSPost2010Prop51ColorRGB
 90
-16777216
102
RTVSPost2010PropOp51
 70
     0
102
RTVSPost2010Prop52
140
1.0
102
RTVSPost2010PropOp52
 70
     0
102
RTVSPost2010Prop53
 90
        2
102
RTVSPost2010PropOp53
 70
     1
102
RTVSPost2010Prop54
  1
strokes_ogs.tif
102
RTVSPost2010PropOp54
 70
     1
102
RTVSPost2010Prop55
280
     0
102
RTVSPost2010PropOp55
 70
     1
102
RTVSPost2010Prop56
140
1.0
102
RTVSPost2010PropOp56
 70
     1
102
RTVSPost2010Prop57
140
1.0
102
RTVSPost2010PropOp57
 70
     1
  0
XRECORD
  5
3B1
102
{ACAD_REACTORS
330
3B0
102
}
330
3B0
100
AcDbXrecord
280
     1
102
RTVSPropertyOp0
 70
     1
102
RTVSPropertyOp1
 70
     1
102
RTVSPropertyOp2
 70
     1
102
RTVSPropertyOp3
 70
     1
102
RTVSPropertyOp4
 70
     1
102
RTVSPropertyOp5
 70
     1
102
RTVSPropertyOp6
 70
     1
102
RTVSPropertyOp7
 70
     1
102
RTVSPropertyOp8
 70
     1
102
RTVSPropertyOp9
 70
     1
102
RTVSPropertyOp10
 70
     1
102
RTVSPropertyOp11
 70
     1
102
RTVSPropertyOp12
 70
     1
102
RTVSPropertyOp13
 70
     1
102
RTVSPropertyOp14
 70
     1
102
RTVSPropertyOp15
 70
     1
102
RTVSPropertyOp16
 70
     1
102
RTVSPropertyOp17
 70
     1
102
RTVSPropertyOp18
 70
     1
102
RTVSPropertyOp19
 70
     1
102
RTVSPropertyOp20
 70
     1
102
RTVSPropertyOp21
 70
     1
102
RTVSPropertyOp22
 70
     1
102
RTVSPropertyOp23
 70
     1
102
RTVSPropertyOp24
 70
     1
102
RTVSPropertyOp25
 70
     1
102
RTVSPropertyOp26
 70
     1
102
RTVSPropertyOp27
 70
     1
102
RTVSPropertyOp28
 70
     1
102
RTVSPropertyOp29
 70
     1
102
RTVSPropertyOp30
 70
     1
102
RTVSPropertyOp31
 70
     1
102
RTVSPropertyOp32
 70
     1
102
RTVSPropertyOp33
 70
     1
102
RTVSPropertyOp34
 70
     1
102
RTVSPropertyOp35
 70
     1
102
RTVSPropertyOp36
 70
     1
102
RTVSPropertyOp37
 70
     1
102
RTVSPropertyOp38
 70
     1
102
RTVSPropertyOp39
 70
     1
102
RTVSPropertyOp40
 70
     1
102
RTVSPropertyOp41
 70
     1
102
RTVSPropertyOp42
 70
     1
102
RTVSPropertyOp43
 70
     1
102
RTVSPropertyOp44
 70
     1
102
RTVSPropertyOp45
 70
     1
102
RTVSPropertyOp46
 70
     1
102
RTVSPropertyOp47
 70
     1
102
RTVSPropertyOp48
 70
     1
102
RTVSPropertyOp49
 70
     1
102
RTVSPropertyOp50
 70
     1
102
RTVSPropertyOp51
 70
     0
102
RTVSPropertyOp52
 70
     0
102
RTVSPropertyOp53
 70
     1
102
RTVSPropertyOp54
 70
     1
102
RTVSPropertyOp55
 70
     1
102
RTVSPropertyOp56
 70
     1
102
RTVSPropertyOp57
 70
     1
102
RTVSPost2010Prop28
280
     0
102
RTVSPost2010PropOp28
 70
     1
102
RTVSPost2010Prop29
280
     1
102
RTVSPost2010PropOp29
 70
     1
102
RTVSPost2010Prop30
280
     1
102
RTVSPost2010PropOp30
 70
     1
102
RTVSPost2010Prop31
280
     0
102
RTVSPost2010PropOp31
 70
     1
102
RTVSPost2010Prop32
280
     0
102
RTVSPost2010PropOp32
 70
     1
102
RTVSPost2010Prop33
280
     0
102
RTVSPost2010PropOp33
 70
     1
102
RTVSPost2010Prop34
280
     0
102
RTVSPost2010PropOp34
 70
     1
102
RTVSPost2010Prop35
280
     0
102
RTVSPost2010PropOp35
 70
     1
102
RTVSPost2010Prop36
280
     0
102
RTVSPost2010PropOp36
 70
     1
102
RTVSPost2010Prop37
 90
       50
102
RTVSPost2010PropOp37
 70
     1
102
RTVSPost2010Prop38
140
0.0
102
RTVSPost2010PropOp38
 70
     1
102
RTVSPost2010Prop39
140
1.0
102
RTVSPost2010PropOp39
 70
     1
102
RTVSPost2010Prop40
 90
        0
102
RTVSPost2010PropOp40
 70
     1
102
RTVSPost2010Prop41ColorIndex
 90
      178
102
RTVSPost2010Prop41ColorRGB
 90
        0
102
RTVSPost2010PropOp41
 70
     1
102
RTVSPost2010Prop42
 90
       50
102
RTVSPost2010PropOp42
 70
     1
102
RTVSPost2010Prop43
 90
        3
102
RTVSPost2010PropOp43
 70
     1
102
RTVSPost2010Prop44ColorIndex
 90
        5
102
RTVSPost2010Prop44ColorRGB
 90
      255
102
RTVSPost2010PropOp44
 70
     1
102
RTVSPost2010Prop45
280
     0
102
RTVSPost2010PropOp45
 70
     1
102
RTVSPost2010Prop46
 90
       50
102
RTVSPost2010PropOp46
 70
     1
102
RTVSPost2010Prop47
 90
       50
102
RTVSPost2010PropOp47
 70
     1
102
RTVSPost2010Prop48
 90
       50
102
RTVSPost2010PropOp48
 70
     1
102
RTVSPost2010Prop49
280
     0
102
RTVSPost2010PropOp49
 70
     1
102
RTVSPost2010Prop50
 90
       50
102
RTVSPost2010PropOp50
 70
     1
102
RTVSPost2010Prop51ColorIndex
 90
      256
102
RTVSPost2010Prop51ColorRGB
 90
-16777216
102
RTVSPost2010PropOp51
 70
     0
102
RTVSPost2010Prop52
140
1.0
102
RTVSPost2010PropOp52
 70
     0
102
RTVSPost2010Prop53
 90
        2
102
RTVSPost2010PropOp53
 70
     1
102
RTVSPost2010Prop54
  1
strokes_ogs.tif
102
RTVSPost2010PropOp54
 70
     1
102
RTVSPost2010Prop55
280
     0
102
RTVSPost2010PropOp55
 70
     1
102
RTVSPost2010Prop56
140
1.0
102
RTVSPost2010PropOp56
 70
     1
102
RTVSPost2010Prop57
140
1.0
102
RTVSPost2010PropOp57
 70
     1
  0
XRECORD
  5
3B9
102
{ACAD_REACTORS
330
3B8
102
}
330
3B8
100
AcDbXrecord
280
     1
102
RTVSPropertyOp0
 70
     1
102
RTVSPropertyOp1
 70
     1
102
RTVSPropertyOp2
 70
     1
102
RTVSPropertyOp3
 70
     1
102
RTVSPropertyOp4
 70
     1
102
RTVSPropertyOp5
 70
     1
102
RTVSPropertyOp6
 70
     1
102
RTVSPropertyOp7
 70
     1
102
RTVSPropertyOp8
 70
     1
102
RTVSPropertyOp9
 70
     1
102
RTVSPropertyOp10
 70
     1
102
RTVSPropertyOp11
 70
     1
102
RTVSPropertyOp12
 70
     1
102
RTVSPropertyOp13
 70
     1
102
RTVSPropertyOp14
 70
     1
102
RTVSPropertyOp15
 70
     1
102
RTVSPropertyOp16
 70
     1
102
RTVSPropertyOp17
 70
     1
102
RTVSPropertyOp18
 70
     1
102
RTVSPropertyOp19
 70
     1
102
RTVSPropertyOp20
 70
     1
102
RTVSPropertyOp21
 70
     1
102
RTVSPropertyOp22
 70
     1
102
RTVSPropertyOp23
 70
     1
102
RTVSPropertyOp24
 70
     1
102
RTVSPropertyOp25
 70
     1
102
RTVSPropertyOp26
 70
     1
102
RTVSPropertyOp27
 70
     1
102
RTVSPropertyOp28
 70
     1
102
RTVSPropertyOp29
 70
     1
102
RTVSPropertyOp30
 70
     1
102
RTVSPropertyOp31
 70
     1
102
RTVSPropertyOp32
 70
     1
102
RTVSPropertyOp33
 70
     1
102
RTVSPropertyOp34
 70
     1
102
RTVSPropertyOp35
 70
     1
102
RTVSPropertyOp36
 70
     1
102
RTVSPropertyOp37
 70
     1
102
RTVSPropertyOp38
 70
     1
102
RTVSPropertyOp39
 70
     1
102
RTVSPropertyOp40
 70
     1
102
RTVSPropertyOp41
 70
     1
102
RTVSPropertyOp42
 70
     1
102
RTVSPropertyOp43
 70
     1
102
RTVSPropertyOp44
 70
     1
102
RTVSPropertyOp45
 70
     1
102
RTVSPropertyOp46
 70
     1
102
RTVSPropertyOp47
 70
     1
102
RTVSPropertyOp48
 70
     1
102
RTVSPropertyOp49
 70
     1
102
RTVSPropertyOp50
 70
     1
102
RTVSPropertyOp51
 70
     0
102
RTVSPropertyOp52
 70
     0
102
RTVSPropertyOp53
 70
     1
102
RTVSPropertyOp54
 70
     1
102
RTVSPropertyOp55
 70
     1
102
RTVSPropertyOp56
 70
     1
102
RTVSPropertyOp57
 70
     1
102
RTVSPost2010Prop28
280
     0
102
RTVSPost2010PropOp28
 70
     1
102
RTVSPost2010Prop29
280
     1
102
RTVSPost2010PropOp29
 70
     1
102
RTVSPost2010Prop30
280
     1
102
RTVSPost2010PropOp30
 70
     1
102
RTVSPost2010Prop31
280
     0
102
RTVSPost2010PropOp31
 70
     1
102
RTVSPost2010Prop32
280
     0
102
RTVSPost2010PropOp32
 70
     1
102
RTVSPost2010Prop33
280
     0
102
RTVSPost2010PropOp33
 70
     1
102
RTVSPost2010Prop34
280
     0
102
RTVSPost2010PropOp34
 70
     1
102
RTVSPost2010Prop35
280
     0
102
RTVSPost2010PropOp35
 70
     1
102
RTVSPost2010Prop36
280
     0
102
RTVSPost2010PropOp36
 70
     1
102
RTVSPost2010Prop37
 90
       50
102
RTVSPost2010PropOp37
 70
     1
102
RTVSPost2010Prop38
140
0.0
102
RTVSPost2010PropOp38
 70
     1
102
RTVSPost2010Prop39
140
1.0
102
RTVSPost2010PropOp39
 70
     1
102
RTVSPost2010Prop40
 90
        0
102
RTVSPost2010PropOp40
 70
     1
102
RTVSPost2010Prop41ColorIndex
 90
      178
102
RTVSPost2010Prop41ColorRGB
 90
        0
102
RTVSPost2010PropOp41
 70
     1
102
RTVSPost2010Prop42
 90
       50
102
RTVSPost2010PropOp42
 70
     1
102
RTVSPost2010Prop43
 90
        3
102
RTVSPost2010PropOp43
 70
     1
102
RTVSPost2010Prop44ColorIndex
 90
        5
102
RTVSPost2010Prop44ColorRGB
 90
      255
102
RTVSPost2010PropOp44
 70
     1
102
RTVSPost2010Prop45
280
     0
102
RTVSPost2010PropOp45
 70
     1
102
RTVSPost2010Prop46
 90
       50
102
RTVSPost2010PropOp46
 70
     1
102
RTVSPost2010Prop47
 90
       50
102
RTVSPost2010PropOp47
 70
     1
102
RTVSPost2010Prop48
 90
       50
102
RTVSPost2010PropOp48
 70
     1
102
RTVSPost2010Prop49
280
     0
102
RTVSPost2010PropOp49
 70
     1
102
RTVSPost2010Prop50
 90
       50
102
RTVSPost2010PropOp50
 70
     1
102
RTVSPost2010Prop51ColorIndex
 90
      256
102
RTVSPost2010Prop51ColorRGB
 90
-16777216
102
RTVSPost2010PropOp51
 70
     0
102
RTVSPost2010Prop52
140
1.0
102
RTVSPost2010PropOp52
 70
     0
102
RTVSPost2010Prop53
 90
        2
102
RTVSPost2010PropOp53
 70
     1
102
RTVSPost2010Prop54
  1
strokes_ogs.tif
102
RTVSPost2010PropOp54
 70
     1
102
RTVSPost2010Prop55
280
     0
102
RTVSPost2010PropOp55
 70
     1
102
RTVSPost2010Prop56
140
1.0
102
RTVSPost2010PropOp56
 70
     1
102
RTVSPost2010Prop57
140
1.0
102
RTVSPost2010PropOp57
 70
     1
  0
XRECORD
  5
3AD
102
{ACAD_REACTORS
330
3AC
102
}
330
3AC
100
AcDbXrecord
280
     1
102
RTVSPropertyOp0
 70
     1
102
RTVSPropertyOp1
 70
     1
102
RTVSPropertyOp2
 70
     1
102
RTVSPropertyOp3
 70
     1
102
RTVSPropertyOp4
 70
     1
102
RTVSPropertyOp5
 70
     1
102
RTVSPropertyOp6
 70
     1
102
RTVSPropertyOp7
 70
     1
102
RTVSPropertyOp8
 70
     1
102
RTVSPropertyOp9
 70
     1
102
RTVSPropertyOp10
 70
     1
102
RTVSPropertyOp11
 70
     1
102
RTVSPropertyOp12
 70
     1
102
RTVSPropertyOp13
 70
     1
102
RTVSPropertyOp14
 70
     1
102
RTVSPropertyOp15
 70
     1
102
RTVSPropertyOp16
 70
     1
102
RTVSPropertyOp17
 70
     1
102
RTVSPropertyOp18
 70
     1
102
RTVSPropertyOp19
 70
     1
102
RTVSPropertyOp20
 70
     1
102
RTVSPropertyOp21
 70
     1
102
RTVSPropertyOp22
 70
     1
102
RTVSPropertyOp23
 70
     1
102
RTVSPropertyOp24
 70
     1
102
RTVSPropertyOp25
 70
     1
102
RTVSPropertyOp26
 70
     1
102
RTVSPropertyOp27
 70
     1
102
RTVSPropertyOp28
 70
     1
102
RTVSPropertyOp29
 70
     1
102
RTVSPropertyOp30
 70
     1
102
RTVSPropertyOp31
 70
     1
102
RTVSPropertyOp32
 70
     1
102
RTVSPropertyOp33
 70
     1
102
RTVSPropertyOp34
 70
     1
102
RTVSPropertyOp35
 70
     1
102
RTVSPropertyOp36
 70
     1
102
RTVSPropertyOp37
 70
     1
102
RTVSPropertyOp38
 70
     1
102
RTVSPropertyOp39
 70
     1
102
RTVSPropertyOp40
 70
     1
102
RTVSPropertyOp41
 70
     1
102
RTVSPropertyOp42
 70
     1
102
RTVSPropertyOp43
 70
     1
102
RTVSPropertyOp44
 70
     1
102
RTVSPropertyOp45
 70
     1
102
RTVSPropertyOp46
 70
     1
102
RTVSPropertyOp47
 70
     1
102
RTVSPropertyOp48
 70
     1
102
RTVSPropertyOp49
 70
     1
102
RTVSPropertyOp50
 70
     1
102
RTVSPropertyOp51
 70
     0
102
RTVSPropertyOp52
 70
     0
102
RTVSPropertyOp53
 70
     1
102
RTVSPropertyOp54
 70
     1
102
RTVSPropertyOp55
 70
     1
102
RTVSPropertyOp56
 70
     1
102
RTVSPropertyOp57
 70
     1
102
RTVSPost2010Prop28
280
     0
102
RTVSPost2010PropOp28
 70
     1
102
RTVSPost2010Prop29
280
     1
102
RTVSPost2010PropOp29
 70
     1
102
RTVSPost2010Prop30
280
     1
102
RTVSPost2010PropOp30
 70
     1
102
RTVSPost2010Prop31
280
     0
102
RTVSPost2010PropOp31
 70
     1
102
RTVSPost2010Prop32
280
     0
102
RTVSPost2010PropOp32
 70
     1
102
RTVSPost2010Prop33
280
     0
102
RTVSPost2010PropOp33
 70
     1
102
RTVSPost2010Prop34
280
     0
102
RTVSPost2010PropOp34
 70
     1
102
RTVSPost2010Prop35
280
     0
102
RTVSPost2010PropOp35
 70
     1
102
RTVSPost2010Prop36
280
     0
102
RTVSPost2010PropOp36
 70
     1
102
RTVSPost2010Prop37
 90
       50
102
RTVSPost2010PropOp37
 70
     1
102
RTVSPost2010Prop38
140
0.0
102
RTVSPost2010PropOp38
 70
     1
102
RTVSPost2010Prop39
140
1.0
102
RTVSPost2010PropOp39
 70
     1
102
RTVSPost2010Prop40
 90
        0
102
RTVSPost2010PropOp40
 70
     1
102
RTVSPost2010Prop41ColorIndex
 90
      178
102
RTVSPost2010Prop41ColorRGB
 90
        0
102
RTVSPost2010PropOp41
 70
     1
102
RTVSPost2010Prop42
 90
       50
102
RTVSPost2010PropOp42
 70
     1
102
RTVSPost2010Prop43
 90
        3
102
RTVSPost2010PropOp43
 70
     1
102
RTVSPost2010Prop44ColorIndex
 90
        5
102
RTVSPost2010Prop44ColorRGB
 90
      255
102
RTVSPost2010PropOp44
 70
     1
102
RTVSPost2010Prop45
280
     0
102
RTVSPost2010PropOp45
 70
     1
102
RTVSPost2010Prop46
 90
       50
102
RTVSPost2010PropOp46
 70
     1
102
RTVSPost2010Prop47
 90
       50
102
RTVSPost2010PropOp47
 70
     1
102
RTVSPost2010Prop48
 90
       50
102
RTVSPost2010PropOp48
 70
     1
102
RTVSPost2010Prop49
280
     0
102
RTVSPost2010PropOp49
 70
     1
102
RTVSPost2010Prop50
 90
       50
102
RTVSPost2010PropOp50
 70
     1
102
RTVSPost2010Prop51ColorIndex
 90
      256
102
RTVSPost2010Prop51ColorRGB
 90
-16777216
102
RTVSPost2010PropOp51
 70
     0
102
RTVSPost2010Prop52
140
1.0
102
RTVSPost2010PropOp52
 70
     0
102
RTVSPost2010Prop53
 90
        2
102
RTVSPost2010PropOp53
 70
     1
102
RTVSPost2010Prop54
  1
strokes_ogs.tif
102
RTVSPost2010PropOp54
 70
     1
102
RTVSPost2010Prop55
280
     0
102
RTVSPost2010PropOp55
 70
     1
102
RTVSPost2010Prop56
140
1.0
102
RTVSPost2010PropOp56
 70
     1
102
RTVSPost2010Prop57
140
1.0
102
RTVSPost2010PropOp57
 70
     1
  0
XRECORD
  5
3AF
102
{ACAD_REACTORS
330
3AE
102
}
330
3AE
100
AcDbXrecord
280
     1
102
RTVSPropertyOp0
 70
     1
102
RTVSPropertyOp1
 70
     1
102
RTVSPropertyOp2
 70
     1
102
RTVSPropertyOp3
 70
     1
102
RTVSPropertyOp4
 70
     1
102
RTVSPropertyOp5
 70
     1
102
RTVSPropertyOp6
 70
     1
102
RTVSPropertyOp7
 70
     1
102
RTVSPropertyOp8
 70
     1
102
RTVSPropertyOp9
 70
     1
102
RTVSPropertyOp10
 70
     1
102
RTVSPropertyOp11
 70
     1
102
RTVSPropertyOp12
 70
     1
102
RTVSPropertyOp13
 70
     1
102
RTVSPropertyOp14
 70
     1
102
RTVSPropertyOp15
 70
     1
102
RTVSPropertyOp16
 70
     1
102
RTVSPropertyOp17
 70
     1
102
RTVSPropertyOp18
 70
     1
102
RTVSPropertyOp19
 70
     1
102
RTVSPropertyOp20
 70
     1
102
RTVSPropertyOp21
 70
     1
102
RTVSPropertyOp22
 70
     1
102
RTVSPropertyOp23
 70
     1
102
RTVSPropertyOp24
 70
     1
102
RTVSPropertyOp25
 70
     1
102
RTVSPropertyOp26
 70
     1
102
RTVSPropertyOp27
 70
     1
102
RTVSPropertyOp28
 70
     1
102
RTVSPropertyOp29
 70
     1
102
RTVSPropertyOp30
 70
     1
102
RTVSPropertyOp31
 70
     1
102
RTVSPropertyOp32
 70
     1
102
RTVSPropertyOp33
 70
     1
102
RTVSPropertyOp34
 70
     1
102
RTVSPropertyOp35
 70
     1
102
RTVSPropertyOp36
 70
     1
102
RTVSPropertyOp37
 70
     1
102
RTVSPropertyOp38
 70
     1
102
RTVSPropertyOp39
 70
     1
102
RTVSPropertyOp40
 70
     1
102
RTVSPropertyOp41
 70
     1
102
RTVSPropertyOp42
 70
     1
102
RTVSPropertyOp43
 70
     1
102
RTVSPropertyOp44
 70
     1
102
RTVSPropertyOp45
 70
     1
102
RTVSPropertyOp46
 70
     1
102
RTVSPropertyOp47
 70
     1
102
RTVSPropertyOp48
 70
     1
102
RTVSPropertyOp49
 70
     1
102
RTVSPropertyOp50
 70
     1
102
RTVSPropertyOp51
 70
     0
102
RTVSPropertyOp52
 70
     0
102
RTVSPropertyOp53
 70
     1
102
RTVSPropertyOp54
 70
     1
102
RTVSPropertyOp55
 70
     1
102
RTVSPropertyOp56
 70
     1
102
RTVSPropertyOp57
 70
     1
102
RTVSPost2010Prop28
280
     0
102
RTVSPost2010PropOp28
 70
     1
102
RTVSPost2010Prop29
280
     1
102
RTVSPost2010PropOp29
 70
     1
102
RTVSPost2010Prop30
280
     1
102
RTVSPost2010PropOp30
 70
     1
102
RTVSPost2010Prop31
280
     0
102
RTVSPost2010PropOp31
 70
     1
102
RTVSPost2010Prop32
280
     0
102
RTVSPost2010PropOp32
 70
     1
102
RTVSPost2010Prop33
280
     0
102
RTVSPost2010PropOp33
 70
     1
102
RTVSPost2010Prop34
280
     0
102
RTVSPost2010PropOp34
 70
     1
102
RTVSPost2010Prop35
280
     0
102
RTVSPost2010PropOp35
 70
     1
102
RTVSPost2010Prop36
280
     0
102
RTVSPost2010PropOp36
 70
     1
102
RTVSPost2010Prop37
 90
       50
102
RTVSPost2010PropOp37
 70
     1
102
RTVSPost2010Prop38
140
0.0
102
RTVSPost2010PropOp38
 70
     1
102
RTVSPost2010Prop39
140
1.0
102
RTVSPost2010PropOp39
 70
     1
102
RTVSPost2010Prop40
 90
        0
102
RTVSPost2010PropOp40
 70
     1
102
RTVSPost2010Prop41ColorIndex
 90
      178
102
RTVSPost2010Prop41ColorRGB
 90
        0
102
RTVSPost2010PropOp41
 70
     1
102
RTVSPost2010Prop42
 90
       50
102
RTVSPost2010PropOp42
 70
     1
102
RTVSPost2010Prop43
 90
        3
102
RTVSPost2010PropOp43
 70
     1
102
RTVSPost2010Prop44ColorIndex
 90
        5
102
RTVSPost2010Prop44ColorRGB
 90
      255
102
RTVSPost2010PropOp44
 70
     1
102
RTVSPost2010Prop45
280
     0
102
RTVSPost2010PropOp45
 70
     1
102
RTVSPost2010Prop46
 90
       50
102
RTVSPost2010PropOp46
 70
     1
102
RTVSPost2010Prop47
 90
       50
102
RTVSPost2010PropOp47
 70
     1
102
RTVSPost2010Prop48
 90
       50
102
RTVSPost2010PropOp48
 70
     1
102
RTVSPost2010Prop49
280
     0
102
RTVSPost2010PropOp49
 70
     1
102
RTVSPost2010Prop50
 90
       50
102
RTVSPost2010PropOp50
 70
     1
102
RTVSPost2010Prop51ColorIndex
 90
      256
102
RTVSPost2010Prop51ColorRGB
 90
-16777216
102
RTVSPost2010PropOp51
 70
     0
102
RTVSPost2010Prop52
140
1.0
102
RTVSPost2010PropOp52
 70
     0
102
RTVSPost2010Prop53
 90
        2
102
RTVSPost2010PropOp53
 70
     1
102
RTVSPost2010Prop54
  1
strokes_ogs.tif
102
RTVSPost2010PropOp54
 70
     1
102
RTVSPost2010Prop55
280
     0
102
RTVSPost2010PropOp55
 70
     1
102
RTVSPost2010Prop56
140
1.0
102
RTVSPost2010PropOp56
 70
     1
102
RTVSPost2010Prop57
140
1.0
102
RTVSPost2010PropOp57
 70
     1
  0
XRECORD
  5
3BF
102
{ACAD_REACTORS
330
3BE
102
}
330
3BE
100
AcDbXrecord
280
     1
102
RTVSPropertyOp0
 70
     0
102
RTVSPropertyOp1
 70
     0
102
RTVSPropertyOp2
 70
     0
102
RTVSPropertyOp3
 70
     0
102
RTVSPropertyOp4
 70
     0
102
RTVSPropertyOp5
 70
     0
102
RTVSPropertyOp6
 70
     0
102
RTVSPropertyOp7
 70
     0
102
RTVSPropertyOp8
 70
     0
102
RTVSPropertyOp9
 70
     0
102
RTVSPropertyOp10
 70
     0
102
RTVSPropertyOp11
 70
     0
102
RTVSPropertyOp12
 70
     0
102
RTVSPropertyOp13
 70
     0
102
RTVSPropertyOp14
 70
     2
102
RTVSPropertyOp15
 70
     0
102
RTVSPropertyOp16
 70
     0
102
RTVSPropertyOp17
 70
     0
102
RTVSPropertyOp18
 70
     0
102
RTVSPropertyOp19
 70
     0
102
RTVSPropertyOp20
 70
     0
102
RTVSPropertyOp21
 70
     0
102
RTVSPropertyOp22
 70
     0
102
RTVSPropertyOp23
 70
     0
102
RTVSPropertyOp24
 70
     0
102
RTVSPropertyOp25
 70
     0
102
RTVSPropertyOp26
 70
     0
102
RTVSPropertyOp27
 70
     0
102
RTVSPropertyOp28
 70
     0
102
RTVSPropertyOp29
 70
     0
102
RTVSPropertyOp30
 70
     0
102
RTVSPropertyOp31
 70
     0
102
RTVSPropertyOp32
 70
     0
102
RTVSPropertyOp33
 70
     0
102
RTVSPropertyOp34
 70
     0
102
RTVSPropertyOp35
 70
     0
102
RTVSPropertyOp36
 70
     0
102
RTVSPropertyOp37
 70
     0
102
RTVSPropertyOp38
 70
     0
102
RTVSPropertyOp39
 70
     0
102
RTVSPropertyOp40
 70
     0
102
RTVSPropertyOp41
 70
     0
102
RTVSPropertyOp42
 70
     0
102
RTVSPropertyOp43
 70
     0
102
RTVSPropertyOp44
 70
     0
102
RTVSPropertyOp45
 70
     0
102
RTVSPropertyOp46
 70
     0
102
RTVSPropertyOp47
 70
     0
102
RTVSPropertyOp48
 70
     0
102
RTVSPropertyOp49
 70
     0
102
RTVSPropertyOp50
 70
     0
102
RTVSPropertyOp51
 70
     0
102
RTVSPropertyOp52
 70
     0
102
RTVSPropertyOp53
 70
     0
102
RTVSPropertyOp54
 70
     0
102
RTVSPropertyOp55
 70
     0
102
RTVSPropertyOp56
 70
     0
102
RTVSPropertyOp57
 70
     0
102
RTVSPost2010Prop28
280
     0
102
RTVSPost2010PropOp28
 70
     0
102
RTVSPost2010Prop29
280
     1
102
RTVSPost2010PropOp29
 70
     0
102
RTVSPost2010Prop30
280
     1
102
RTVSPost2010PropOp30
 70
     0
102
RTVSPost2010Prop31
280
     0
102
RTVSPost2010PropOp31
 70
     0
102
RTVSPost2010Prop32
280
     0
102
RTVSPost2010PropOp32
 70
     0
102
RTVSPost2010Prop33
280
     0
102
RTVSPost2010PropOp33
 70
     0
102
RTVSPost2010Prop34
280
     0
102
RTVSPost2010PropOp34
 70
     0
102
RTVSPost2010Prop35
280
     0
102
RTVSPost2010PropOp35
 70
     0
102
RTVSPost2010Prop36
280
     0
102
RTVSPost2010PropOp36
 70
     0
102
RTVSPost2010Prop37
 90
       50
102
RTVSPost2010PropOp37
 70
     0
102
RTVSPost2010Prop38
140
0.0
102
RTVSPost2010PropOp38
 70
     0
102
RTVSPost2010Prop39
140
1.0
102
RTVSPost2010PropOp39
 70
     0
102
RTVSPost2010Prop40
 90
        0
102
RTVSPost2010PropOp40
 70
     0
102
RTVSPost2010Prop41ColorIndex
 90
      178
102
RTVSPost2010Prop41ColorRGB
 90
        0
102
RTVSPost2010PropOp41
 70
     0
102
RTVSPost2010Prop42
 90
       50
102
RTVSPost2010PropOp42
 70
     0
102
RTVSPost2010Prop43
 90
        3
102
RTVSPost2010PropOp43
 70
     0
102
RTVSPost2010Prop44ColorIndex
 90
        5
102
RTVSPost2010Prop44ColorRGB
 90
      255
102
RTVSPost2010PropOp44
 70
     0
102
RTVSPost2010Prop45
280
     0
102
RTVSPost2010PropOp45
 70
     0
102
RTVSPost2010Prop46
 90
       50
102
RTVSPost2010PropOp46
 70
     0
102
RTVSPost2010Prop47
 90
       50
102
RTVSPost2010PropOp47
 70
     0
102
RTVSPost2010Prop48
 90
       50
102
RTVSPost2010PropOp48
 70
     0
102
RTVSPost2010Prop49
280
     0
102
RTVSPost2010PropOp49
 70
     0
102
RTVSPost2010Prop50
 90
       50
102
RTVSPost2010PropOp50
 70
     0
102
RTVSPost2010Prop51ColorIndex
 90
      256
102
RTVSPost2010Prop51ColorRGB
 90
-16777216
102
RTVSPost2010PropOp51
 70
     0
102
RTVSPost2010Prop52
140
1.0
102
RTVSPost2010PropOp52
 70
     0
102
RTVSPost2010Prop53
 90
        2
102
RTVSPost2010PropOp53
 70
     0
102
RTVSPost2010Prop54
  1
strokes_ogs.tif
102
RTVSPost2010PropOp54
 70
     0
102
RTVSPost2010Prop55
280
     0
102
RTVSPost2010PropOp55
 70
     0
102
RTVSPost2010Prop56
140
1.0
102
RTVSPost2010PropOp56
 70
     0
102
RTVSPost2010Prop57
140
1.0
102
RTVSPost2010PropOp57
 70
     0
  0
XRECORD
  5
3B7
102
{ACAD_REACTORS
330
3B6
102
}
330
3B6
100
AcDbXrecord
280
     1
102
RTVSPropertyOp0
 70
     1
102
RTVSPropertyOp1
 70
     1
102
RTVSPropertyOp2
 70
     1
102
RTVSPropertyOp3
 70
     1
102
RTVSPropertyOp4
 70
     1
102
RTVSPropertyOp5
 70
     1
102
RTVSPropertyOp6
 70
     1
102
RTVSPropertyOp7
 70
     1
102
RTVSPropertyOp8
 70
     1
102
RTVSPropertyOp9
 70
     1
102
RTVSPropertyOp10
 70
     1
102
RTVSPropertyOp11
 70
     1
102
RTVSPropertyOp12
 70
     1
102
RTVSPropertyOp13
 70
     1
102
RTVSPropertyOp14
 70
     1
102
RTVSPropertyOp15
 70
     1
102
RTVSPropertyOp16
 70
     1
102
RTVSPropertyOp17
 70
     1
102
RTVSPropertyOp18
 70
     1
102
RTVSPropertyOp19
 70
     1
102
RTVSPropertyOp20
 70
     1
102
RTVSPropertyOp21
 70
     1
102
RTVSPropertyOp22
 70
     1
102
RTVSPropertyOp23
 70
     1
102
RTVSPropertyOp24
 70
     1
102
RTVSPropertyOp25
 70
     1
102
RTVSPropertyOp26
 70
     1
102
RTVSPropertyOp27
 70
     1
102
RTVSPropertyOp28
 70
     1
102
RTVSPropertyOp29
 70
     1
102
RTVSPropertyOp30
 70
     1
102
RTVSPropertyOp31
 70
     1
102
RTVSPropertyOp32
 70
     1
102
RTVSPropertyOp33
 70
     1
102
RTVSPropertyOp34
 70
     1
102
RTVSPropertyOp35
 70
     1
102
RTVSPropertyOp36
 70
     1
102
RTVSPropertyOp37
 70
     1
102
RTVSPropertyOp38
 70
     1
102
RTVSPropertyOp39
 70
     1
102
RTVSPropertyOp40
 70
     1
102
RTVSPropertyOp41
 70
     1
102
RTVSPropertyOp42
 70
     1
102
RTVSPropertyOp43
 70
     1
102
RTVSPropertyOp44
 70
     1
102
RTVSPropertyOp45
 70
     1
102
RTVSPropertyOp46
 70
     1
102
RTVSPropertyOp47
 70
     1
102
RTVSPropertyOp48
 70
     1
102
RTVSPropertyOp49
 70
     1
102
RTVSPropertyOp50
 70
     1
102
RTVSPropertyOp51
 70
     0
102
RTVSPropertyOp52
 70
     0
102
RTVSPropertyOp53
 70
     1
102
RTVSPropertyOp54
 70
     1
102
RTVSPropertyOp55
 70
     1
102
RTVSPropertyOp56
 70
     1
102
RTVSPropertyOp57
 70
     1
102
RTVSPost2010Prop28
280
     0
102
RTVSPost2010PropOp28
 70
     1
102
RTVSPost2010Prop29
280
     1
102
RTVSPost2010PropOp29
 70
     1
102
RTVSPost2010Prop30
280
     1
102
RTVSPost2010PropOp30
 70
     1
102
RTVSPost2010Prop31
280
     0
102
RTVSPost2010PropOp31
 70
     1
102
RTVSPost2010Prop32
280
     0
102
RTVSPost2010PropOp32
 70
     1
102
RTVSPost2010Prop33
280
     0
102
RTVSPost2010PropOp33
 70
     1
102
RTVSPost2010Prop34
280
     0
102
RTVSPost2010PropOp34
 70
     1
102
RTVSPost2010Prop35
280
     0
102
RTVSPost2010PropOp35
 70
     1
102
RTVSPost2010Prop36
280
     0
102
RTVSPost2010PropOp36
 70
     1
102
RTVSPost2010Prop37
 90
       50
102
RTVSPost2010PropOp37
 70
     1
102
RTVSPost2010Prop38
140
0.0
102
RTVSPost2010PropOp38
 70
     1
102
RTVSPost2010Prop39
140
1.0
102
RTVSPost2010PropOp39
 70
     1
102
RTVSPost2010Prop40
 90
        0
102
RTVSPost2010PropOp40
 70
     1
102
RTVSPost2010Prop41ColorIndex
 90
      178
102
RTVSPost2010Prop41ColorRGB
 90
        0
102
RTVSPost2010PropOp41
 70
     1
102
RTVSPost2010Prop42
 90
       50
102
RTVSPost2010PropOp42
 70
     1
102
RTVSPost2010Prop43
 90
        3
102
RTVSPost2010PropOp43
 70
     1
102
RTVSPost2010Prop44ColorIndex
 90
        5
102
RTVSPost2010Prop44ColorRGB
 90
      255
102
RTVSPost2010PropOp44
 70
     1
102
RTVSPost2010Prop45
280
     0
102
RTVSPost2010PropOp45
 70
     1
102
RTVSPost2010Prop46
 90
       50
102
RTVSPost2010PropOp46
 70
     1
102
RTVSPost2010Prop47
 90
       50
102
RTVSPost2010PropOp47
 70
     1
102
RTVSPost2010Prop48
 90
       50
102
RTVSPost2010PropOp48
 70
     1
102
RTVSPost2010Prop49
280
     0
102
RTVSPost2010PropOp49
 70
     1
102
RTVSPost2010Prop50
 90
       50
102
RTVSPost2010PropOp50
 70
     1
102
RTVSPost2010Prop51ColorIndex
 90
      256
102
RTVSPost2010Prop51ColorRGB
 90
-16777216
102
RTVSPost2010PropOp51
 70
     0
102
RTVSPost2010Prop52
140
1.0
102
RTVSPost2010PropOp52
 70
     0
102
RTVSPost2010Prop53
 90
        2
102
RTVSPost2010PropOp53
 70
     1
102
RTVSPost2010Prop54
  1
strokes_ogs.tif
102
RTVSPost2010PropOp54
 70
     1
102
RTVSPost2010Prop55
280
     0
102
RTVSPost2010PropOp55
 70
     1
102
RTVSPost2010Prop56
140
1.0
102
RTVSPost2010PropOp56
 70
     1
102
RTVSPost2010Prop57
140
1.0
102
RTVSPost2010PropOp57
 70
     1
  0
XRECORD
  5
39B
102
{ACAD_REACTORS
330
39A
102
}
330
39A
100
AcDbXrecord
280
     1
102
RTVSPropertyOp0
 70
     1
102
RTVSPropertyOp1
 70
     1
102
RTVSPropertyOp2
 70
     1
102
RTVSPropertyOp3
 70
     1
102
RTVSPropertyOp4
 70
     1
102
RTVSPropertyOp5
 70
     1
102
RTVSPropertyOp6
 70
     1
102
RTVSPropertyOp7
 70
     1
102
RTVSPropertyOp8
 70
     1
102
RTVSPropertyOp9
 70
     1
102
RTVSPropertyOp10
 70
     1
102
RTVSPropertyOp11
 70
     1
102
RTVSPropertyOp12
 70
     1
102
RTVSPropertyOp13
 70
     1
102
RTVSPropertyOp14
 70
     1
102
RTVSPropertyOp15
 70
     1
102
RTVSPropertyOp16
 70
     1
102
RTVSPropertyOp17
 70
     1
102
RTVSPropertyOp18
 70
     1
102
RTVSPropertyOp19
 70
     1
102
RTVSPropertyOp20
 70
     1
102
RTVSPropertyOp21
 70
     1
102
RTVSPropertyOp22
 70
     1
102
RTVSPropertyOp23
 70
     1
102
RTVSPropertyOp24
 70
     1
102
RTVSPropertyOp25
 70
     1
102
RTVSPropertyOp26
 70
     1
102
RTVSPropertyOp27
 70
     1
102
RTVSPropertyOp28
 70
     1
102
RTVSPropertyOp29
 70
     1
102
RTVSPropertyOp30
 70
     1
102
RTVSPropertyOp31
 70
     1
102
RTVSPropertyOp32
 70
     1
102
RTVSPropertyOp33
 70
     1
102
RTVSPropertyOp34
 70
     1
102
RTVSPropertyOp35
 70
     1
102
RTVSPropertyOp36
 70
     1
102
RTVSPropertyOp37
 70
     1
102
RTVSPropertyOp38
 70
     1
102
RTVSPropertyOp39
 70
     1
102
RTVSPropertyOp40
 70
     1
102
RTVSPropertyOp41
 70
     1
102
RTVSPropertyOp42
 70
     1
102
RTVSPropertyOp43
 70
     1
102
RTVSPropertyOp44
 70
     1
102
RTVSPropertyOp45
 70
     1
102
RTVSPropertyOp46
 70
     1
102
RTVSPropertyOp47
 70
     1
102
RTVSPropertyOp48
 70
     1
102
RTVSPropertyOp49
 70
     1
102
RTVSPropertyOp50
 70
     1
102
RTVSPropertyOp51
 70
     0
102
RTVSPropertyOp52
 70
     0
102
RTVSPropertyOp53
 70
     1
102
RTVSPropertyOp54
 70
     1
102
RTVSPropertyOp55
 70
     1
102
RTVSPropertyOp56
 70
     1
102
RTVSPropertyOp57
 70
     1
102
RTVSPost2010Prop28
280
     0
102
RTVSPost2010PropOp28
 70
     1
102
RTVSPost2010Prop29
280
     1
102
RTVSPost2010PropOp29
 70
     1
102
RTVSPost2010Prop30
280
     1
102
RTVSPost2010PropOp30
 70
     1
102
RTVSPost2010Prop31
280
     0
102
RTVSPost2010PropOp31
 70
     1
102
RTVSPost2010Prop32
280
     0
102
RTVSPost2010PropOp32
 70
     1
102
RTVSPost2010Prop33
280
     0
102
RTVSPost2010PropOp33
 70
     1
102
RTVSPost2010Prop34
280
     0
102
RTVSPost2010PropOp34
 70
     1
102
RTVSPost2010Prop35
280
     0
102
RTVSPost2010PropOp35
 70
     1
102
RTVSPost2010Prop36
280
     0
102
RTVSPost2010PropOp36
 70
     1
102
RTVSPost2010Prop37
 90
       50
102
RTVSPost2010PropOp37
 70
     1
102
RTVSPost2010Prop38
140
0.0
102
RTVSPost2010PropOp38
 70
     1
102
RTVSPost2010Prop39
140
1.0
102
RTVSPost2010PropOp39
 70
     1
102
RTVSPost2010Prop40
 90
        0
102
RTVSPost2010PropOp40
 70
     1
102
RTVSPost2010Prop41ColorIndex
 90
      178
102
RTVSPost2010Prop41ColorRGB
 90
        0
102
RTVSPost2010PropOp41
 70
     1
102
RTVSPost2010Prop42
 90
       50
102
RTVSPost2010PropOp42
 70
     1
102
RTVSPost2010Prop43
 90
        3
102
RTVSPost2010PropOp43
 70
     1
102
RTVSPost2010Prop44ColorIndex
 90
        5
102
RTVSPost2010Prop44ColorRGB
 90
      255
102
RTVSPost2010PropOp44
 70
     1
102
RTVSPost2010Prop45
280
     0
102
RTVSPost2010PropOp45
 70
     1
102
RTVSPost2010Prop46
 90
       50
102
RTVSPost2010PropOp46
 70
     1
102
RTVSPost2010Prop47
 90
       50
102
RTVSPost2010PropOp47
 70
     1
102
RTVSPost2010Prop48
 90
       50
102
RTVSPost2010PropOp48
 70
     1
102
RTVSPost2010Prop49
280
     0
102
RTVSPost2010PropOp49
 70
     1
102
RTVSPost2010Prop50
 90
       50
102
RTVSPost2010PropOp50
 70
     1
102
RTVSPost2010Prop51ColorIndex
 90
      256
102
RTVSPost2010Prop51ColorRGB
 90
-16777216
102
RTVSPost2010PropOp51
 70
     0
102
RTVSPost2010Prop52
140
1.0
102
RTVSPost2010PropOp52
 70
     0
102
RTVSPost2010Prop53
 90
        2
102
RTVSPost2010PropOp53
 70
     1
102
RTVSPost2010Prop54
  1
strokes_ogs.tif
102
RTVSPost2010PropOp54
 70
     1
102
RTVSPost2010Prop55
280
     0
102
RTVSPost2010PropOp55
 70
     1
102
RTVSPost2010Prop56
140
1.0
102
RTVSPost2010PropOp56
 70
     1
102
RTVSPost2010Prop57
140
1.0
102
RTVSPost2010PropOp57
 70
     1
  0
XRECORD
  5
39D
102
{ACAD_REACTORS
330
39C
102
}
330
39C
100
AcDbXrecord
280
     1
102
RTVSPropertyOp0
 70
     1
102
RTVSPropertyOp1
 70
     1
102
RTVSPropertyOp2
 70
     1
102
RTVSPropertyOp3
 70
     1
102
RTVSPropertyOp4
 70
     1
102
RTVSPropertyOp5
 70
     1
102
RTVSPropertyOp6
 70
     1
102
RTVSPropertyOp7
 70
     1
102
RTVSPropertyOp8
 70
     1
102
RTVSPropertyOp9
 70
     1
102
RTVSPropertyOp10
 70
     1
102
RTVSPropertyOp11
 70
     1
102
RTVSPropertyOp12
 70
     1
102
RTVSPropertyOp13
 70
     1
102
RTVSPropertyOp14
 70
     1
102
RTVSPropertyOp15
 70
     1
102
RTVSPropertyOp16
 70
     1
102
RTVSPropertyOp17
 70
     1
102
RTVSPropertyOp18
 70
     1
102
RTVSPropertyOp19
 70
     1
102
RTVSPropertyOp20
 70
     1
102
RTVSPropertyOp21
 70
     1
102
RTVSPropertyOp22
 70
     1
102
RTVSPropertyOp23
 70
     1
102
RTVSPropertyOp24
 70
     1
102
RTVSPropertyOp25
 70
     1
102
RTVSPropertyOp26
 70
     1
102
RTVSPropertyOp27
 70
     1
102
RTVSPropertyOp28
 70
     1
102
RTVSPropertyOp29
 70
     1
102
RTVSPropertyOp30
 70
     1
102
RTVSPropertyOp31
 70
     1
102
RTVSPropertyOp32
 70
     1
102
RTVSPropertyOp33
 70
     1
102
RTVSPropertyOp34
 70
     1
102
RTVSPropertyOp35
 70
     1
102
RTVSPropertyOp36
 70
     1
102
RTVSPropertyOp37
 70
     1
102
RTVSPropertyOp38
 70
     1
102
RTVSPropertyOp39
 70
     1
102
RTVSPropertyOp40
 70
     1
102
RTVSPropertyOp41
 70
     1
102
RTVSPropertyOp42
 70
     1
102
RTVSPropertyOp43
 70
     1
102
RTVSPropertyOp44
 70
     1
102
RTVSPropertyOp45
 70
     1
102
RTVSPropertyOp46
 70
     1
102
RTVSPropertyOp47
 70
     1
102
RTVSPropertyOp48
 70
     1
102
RTVSPropertyOp49
 70
     1
102
RTVSPropertyOp50
 70
     1
102
RTVSPropertyOp51
 70
     0
102
RTVSPropertyOp52
 70
     0
102
RTVSPropertyOp53
 70
     1
102
RTVSPropertyOp54
 70
     1
102
RTVSPropertyOp55
 70
     1
102
RTVSPropertyOp56
 70
     1
102
RTVSPropertyOp57
 70
     1
102
RTVSPost2010Prop28
280
     0
102
RTVSPost2010PropOp28
 70
     1
102
RTVSPost2010Prop29
280
     1
102
RTVSPost2010PropOp29
 70
     1
102
RTVSPost2010Prop30
280
     1
102
RTVSPost2010PropOp30
 70
     1
102
RTVSPost2010Prop31
280
     0
102
RTVSPost2010PropOp31
 70
     1
102
RTVSPost2010Prop32
280
     0
102
RTVSPost2010PropOp32
 70
     1
102
RTVSPost2010Prop33
280
     0
102
RTVSPost2010PropOp33
 70
     1
102
RTVSPost2010Prop34
280
     0
102
RTVSPost2010PropOp34
 70
     1
102
RTVSPost2010Prop35
280
     0
102
RTVSPost2010PropOp35
 70
     1
102
RTVSPost2010Prop36
280
     0
102
RTVSPost2010PropOp36
 70
     1
102
RTVSPost2010Prop37
 90
       50
102
RTVSPost2010PropOp37
 70
     1
102
RTVSPost2010Prop38
140
0.0
102
RTVSPost2010PropOp38
 70
     1
102
RTVSPost2010Prop39
140
1.0
102
RTVSPost2010PropOp39
 70
     1
102
RTVSPost2010Prop40
 90
        0
102
RTVSPost2010PropOp40
 70
     1
102
RTVSPost2010Prop41ColorIndex
 90
      178
102
RTVSPost2010Prop41ColorRGB
 90
        0
102
RTVSPost2010PropOp41
 70
     1
102
RTVSPost2010Prop42
 90
       50
102
RTVSPost2010PropOp42
 70
     1
102
RTVSPost2010Prop43
 90
        3
102
RTVSPost2010PropOp43
 70
     1
102
RTVSPost2010Prop44ColorIndex
 90
        5
102
RTVSPost2010Prop44ColorRGB
 90
      255
102
RTVSPost2010PropOp44
 70
     1
102
RTVSPost2010Prop45
280
     0
102
RTVSPost2010PropOp45
 70
     1
102
RTVSPost2010Prop46
 90
       50
102
RTVSPost2010PropOp46
 70
     1
102
RTVSPost2010Prop47
 90
       50
102
RTVSPost2010PropOp47
 70
     1
102
RTVSPost2010Prop48
 90
       50
102
RTVSPost2010PropOp48
 70
     1
102
RTVSPost2010Prop49
280
     0
102
RTVSPost2010PropOp49
 70
     1
102
RTVSPost2010Prop50
 90
       50
102
RTVSPost2010PropOp50
 70
     1
102
RTVSPost2010Prop51ColorIndex
 90
      256
102
RTVSPost2010Prop51ColorRGB
 90
-16777216
102
RTVSPost2010PropOp51
 70
     0
102
RTVSPost2010Prop52
140
1.0
102
RTVSPost2010PropOp52
 70
     0
102
RTVSPost2010Prop53
 90
        2
102
RTVSPost2010PropOp53
 70
     1
102
RTVSPost2010Prop54
  1
strokes_ogs.tif
102
RTVSPost2010PropOp54
 70
     1
102
RTVSPost2010Prop55
280
     0
102
RTVSPost2010PropOp55
 70
     1
102
RTVSPost2010Prop56
140
1.0
102
RTVSPost2010PropOp56
 70
     1
102
RTVSPost2010Prop57
140
1.0
102
RTVSPost2010PropOp57
 70
     1
  0
XRECORD
  5
39F
102
{ACAD_REACTORS
330
39E
102
}
330
39E
100
AcDbXrecord
280
     1
102
RTVSPropertyOp0
 70
     1
102
RTVSPropertyOp1
 70
     1
102
RTVSPropertyOp2
 70
     1
102
RTVSPropertyOp3
 70
     1
102
RTVSPropertyOp4
 70
     1
102
RTVSPropertyOp5
 70
     1
102
RTVSPropertyOp6
 70
     1
102
RTVSPropertyOp7
 70
     1
102
RTVSPropertyOp8
 70
     1
102
RTVSPropertyOp9
 70
     1
102
RTVSPropertyOp10
 70
     1
102
RTVSPropertyOp11
 70
     1
102
RTVSPropertyOp12
 70
     1
102
RTVSPropertyOp13
 70
     1
102
RTVSPropertyOp14
 70
     1
102
RTVSPropertyOp15
 70
     1
102
RTVSPropertyOp16
 70
     1
102
RTVSPropertyOp17
 70
     1
102
RTVSPropertyOp18
 70
     1
102
RTVSPropertyOp19
 70
     1
102
RTVSPropertyOp20
 70
     1
102
RTVSPropertyOp21
 70
     1
102
RTVSPropertyOp22
 70
     1
102
RTVSPropertyOp23
 70
     1
102
RTVSPropertyOp24
 70
     1
102
RTVSPropertyOp25
 70
     1
102
RTVSPropertyOp26
 70
     1
102
RTVSPropertyOp27
 70
     1
102
RTVSPropertyOp28
 70
     1
102
RTVSPropertyOp29
 70
     1
102
RTVSPropertyOp30
 70
     1
102
RTVSPropertyOp31
 70
     1
102
RTVSPropertyOp32
 70
     1
102
RTVSPropertyOp33
 70
     1
102
RTVSPropertyOp34
 70
     1
102
RTVSPropertyOp35
 70
     1
102
RTVSPropertyOp36
 70
     1
102
RTVSPropertyOp37
 70
     1
102
RTVSPropertyOp38
 70
     1
102
RTVSPropertyOp39
 70
     1
102
RTVSPropertyOp40
 70
     1
102
RTVSPropertyOp41
 70
     1
102
RTVSPropertyOp42
 70
     1
102
RTVSPropertyOp43
 70
     1
102
RTVSPropertyOp44
 70
     1
102
RTVSPropertyOp45
 70
     1
102
RTVSPropertyOp46
 70
     1
102
RTVSPropertyOp47
 70
     1
102
RTVSPropertyOp48
 70
     1
102
RTVSPropertyOp49
 70
     1
102
RTVSPropertyOp50
 70
     1
102
RTVSPropertyOp51
 70
     0
102
RTVSPropertyOp52
 70
     0
102
RTVSPropertyOp53
 70
     1
102
RTVSPropertyOp54
 70
     1
102
RTVSPropertyOp55
 70
     1
102
RTVSPropertyOp56
 70
     1
102
RTVSPropertyOp57
 70
     1
102
RTVSPost2010Prop28
280
     0
102
RTVSPost2010PropOp28
 70
     1
102
RTVSPost2010Prop29
280
     1
102
RTVSPost2010PropOp29
 70
     1
102
RTVSPost2010Prop30
280
     1
102
RTVSPost2010PropOp30
 70
     1
102
RTVSPost2010Prop31
280
     0
102
RTVSPost2010PropOp31
 70
     1
102
RTVSPost2010Prop32
280
     0
102
RTVSPost2010PropOp32
 70
     1
102
RTVSPost2010Prop33
280
     0
102
RTVSPost2010PropOp33
 70
     1
102
RTVSPost2010Prop34
280
     0
102
RTVSPost2010PropOp34
 70
     1
102
RTVSPost2010Prop35
280
     0
102
RTVSPost2010PropOp35
 70
     1
102
RTVSPost2010Prop36
280
     0
102
RTVSPost2010PropOp36
 70
     1
102
RTVSPost2010Prop37
 90
       50
102
RTVSPost2010PropOp37
 70
     1
102
RTVSPost2010Prop38
140
0.0
102
RTVSPost2010PropOp38
 70
     1
102
RTVSPost2010Prop39
140
1.0
102
RTVSPost2010PropOp39
 70
     1
102
RTVSPost2010Prop40
 90
        0
102
RTVSPost2010PropOp40
 70
     1
102
RTVSPost2010Prop41ColorIndex
 90
      178
102
RTVSPost2010Prop41ColorRGB
 90
        0
102
RTVSPost2010PropOp41
 70
     1
102
RTVSPost2010Prop42
 90
       50
102
RTVSPost2010PropOp42
 70
     1
102
RTVSPost2010Prop43
 90
        3
102
RTVSPost2010PropOp43
 70
     1
102
RTVSPost2010Prop44ColorIndex
 90
        5
102
RTVSPost2010Prop44ColorRGB
 90
      255
102
RTVSPost2010PropOp44
 70
     1
102
RTVSPost2010Prop45
280
     0
102
RTVSPost2010PropOp45
 70
     1
102
RTVSPost2010Prop46
 90
       50
102
RTVSPost2010PropOp46
 70
     1
102
RTVSPost2010Prop47
 90
       50
102
RTVSPost2010PropOp47
 70
     1
102
RTVSPost2010Prop48
 90
       50
102
RTVSPost2010PropOp48
 70
     1
102
RTVSPost2010Prop49
280
     0
102
RTVSPost2010PropOp49
 70
     1
102
RTVSPost2010Prop50
 90
       50
102
RTVSPost2010PropOp50
 70
     1
102
RTVSPost2010Prop51ColorIndex
 90
      256
102
RTVSPost2010Prop51ColorRGB
 90
-16777216
102
RTVSPost2010PropOp51
 70
     0
102
RTVSPost2010Prop52
140
1.0
102
RTVSPost2010PropOp52
 70
     0
102
RTVSPost2010Prop53
 90
        2
102
RTVSPost2010PropOp53
 70
     1
102
RTVSPost2010Prop54
  1
strokes_ogs.tif
102
RTVSPost2010PropOp54
 70
     1
102
RTVSPost2010Prop55
280
     0
102
RTVSPost2010PropOp55
 70
     1
102
RTVSPost2010Prop56
140
1.0
102
RTVSPost2010PropOp56
 70
     1
102
RTVSPost2010Prop57
140
1.0
102
RTVSPost2010PropOp57
 70
     1
  0
XRECORD
  5
3A1
102
{ACAD_REACTORS
330
3A0
102
}
330
3A0
100
AcDbXrecord
280
     1
102
RTVSPropertyOp0
 70
     1
102
RTVSPropertyOp1
 70
     1
102
RTVSPropertyOp2
 70
     1
102
RTVSPropertyOp3
 70
     1
102
RTVSPropertyOp4
 70
     1
102
RTVSPropertyOp5
 70
     1
102
RTVSPropertyOp6
 70
     1
102
RTVSPropertyOp7
 70
     1
102
RTVSPropertyOp8
 70
     1
102
RTVSPropertyOp9
 70
     1
102
RTVSPropertyOp10
 70
     1
102
RTVSPropertyOp11
 70
     1
102
RTVSPropertyOp12
 70
     1
102
RTVSPropertyOp13
 70
     1
102
RTVSPropertyOp14
 70
     1
102
RTVSPropertyOp15
 70
     1
102
RTVSPropertyOp16
 70
     1
102
RTVSPropertyOp17
 70
     1
102
RTVSPropertyOp18
 70
     1
102
RTVSPropertyOp19
 70
     1
102
RTVSPropertyOp20
 70
     1
102
RTVSPropertyOp21
 70
     1
102
RTVSPropertyOp22
 70
     1
102
RTVSPropertyOp23
 70
     1
102
RTVSPropertyOp24
 70
     1
102
RTVSPropertyOp25
 70
     1
102
RTVSPropertyOp26
 70
     1
102
RTVSPropertyOp27
 70
     1
102
RTVSPropertyOp28
 70
     1
102
RTVSPropertyOp29
 70
     1
102
RTVSPropertyOp30
 70
     1
102
RTVSPropertyOp31
 70
     1
102
RTVSPropertyOp32
 70
     1
102
RTVSPropertyOp33
 70
     1
102
RTVSPropertyOp34
 70
     1
102
RTVSPropertyOp35
 70
     1
102
RTVSPropertyOp36
 70
     1
102
RTVSPropertyOp37
 70
     1
102
RTVSPropertyOp38
 70
     1
102
RTVSPropertyOp39
 70
     1
102
RTVSPropertyOp40
 70
     1
102
RTVSPropertyOp41
 70
     1
102
RTVSPropertyOp42
 70
     1
102
RTVSPropertyOp43
 70
     1
102
RTVSPropertyOp44
 70
     1
102
RTVSPropertyOp45
 70
     1
102
RTVSPropertyOp46
 70
     1
102
RTVSPropertyOp47
 70
     1
102
RTVSPropertyOp48
 70
     1
102
RTVSPropertyOp49
 70
     1
102
RTVSPropertyOp50
 70
     1
102
RTVSPropertyOp51
 70
     0
102
RTVSPropertyOp52
 70
     0
102
RTVSPropertyOp53
 70
     1
102
RTVSPropertyOp54
 70
     1
102
RTVSPropertyOp55
 70
     1
102
RTVSPropertyOp56
 70
     1
102
RTVSPropertyOp57
 70
     1
102
RTVSPost2010Prop28
280
     0
102
RTVSPost2010PropOp28
 70
     1
102
RTVSPost2010Prop29
280
     1
102
RTVSPost2010PropOp29
 70
     1
102
RTVSPost2010Prop30
280
     1
102
RTVSPost2010PropOp30
 70
     1
102
RTVSPost2010Prop31
280
     0
102
RTVSPost2010PropOp31
 70
     1
102
RTVSPost2010Prop32
280
     0
102
RTVSPost2010PropOp32
 70
     1
102
RTVSPost2010Prop33
280
     0
102
RTVSPost2010PropOp33
 70
     1
102
RTVSPost2010Prop34
280
     0
102
RTVSPost2010PropOp34
 70
     1
102
RTVSPost2010Prop35
280
     0
102
RTVSPost2010PropOp35
 70
     1
102
RTVSPost2010Prop36
280
     0
102
RTVSPost2010PropOp36
 70
     1
102
RTVSPost2010Prop37
 90
       50
102
RTVSPost2010PropOp37
 70
     1
102
RTVSPost2010Prop38
140
0.0
102
RTVSPost2010PropOp38
 70
     1
102
RTVSPost2010Prop39
140
1.0
102
RTVSPost2010PropOp39
 70
     1
102
RTVSPost2010Prop40
 90
        0
102
RTVSPost2010PropOp40
 70
     1
102
RTVSPost2010Prop41ColorIndex
 90
      178
102
RTVSPost2010Prop41ColorRGB
 90
        0
102
RTVSPost2010PropOp41
 70
     1
102
RTVSPost2010Prop42
 90
       50
102
RTVSPost2010PropOp42
 70
     1
102
RTVSPost2010Prop43
 90
        3
102
RTVSPost2010PropOp43
 70
     1
102
RTVSPost2010Prop44ColorIndex
 90
        5
102
RTVSPost2010Prop44ColorRGB
 90
      255
102
RTVSPost2010PropOp44
 70
     1
102
RTVSPost2010Prop45
280
     0
102
RTVSPost2010PropOp45
 70
     1
102
RTVSPost2010Prop46
 90
       50
102
RTVSPost2010PropOp46
 70
     1
102
RTVSPost2010Prop47
 90
       50
102
RTVSPost2010PropOp47
 70
     1
102
RTVSPost2010Prop48
 90
       50
102
RTVSPost2010PropOp48
 70
     1
102
RTVSPost2010Prop49
280
     0
102
RTVSPost2010PropOp49
 70
     1
102
RTVSPost2010Prop50
 90
       50
102
RTVSPost2010PropOp50
 70
     1
102
RTVSPost2010Prop51ColorIndex
 90
      256
102
RTVSPost2010Prop51ColorRGB
 90
-16777216
102
RTVSPost2010PropOp51
 70
     0
102
RTVSPost2010Prop52
140
1.0
102
RTVSPost2010PropOp52
 70
     0
102
RTVSPost2010Prop53
 90
        2
102
RTVSPost2010PropOp53
 70
     1
102
RTVSPost2010Prop54
  1
strokes_ogs.tif
102
RTVSPost2010PropOp54
 70
     1
102
RTVSPost2010Prop55
280
     0
102
RTVSPost2010PropOp55
 70
     1
102
RTVSPost2010Prop56
140
1.0
102
RTVSPost2010PropOp56
 70
     1
102
RTVSPost2010Prop57
140
1.0
102
RTVSPost2010PropOp57
 70
     1
  0
XRECORD
  5
3A7
102
{ACAD_REACTORS
330
3A6
102
}
330
3A6
100
AcDbXrecord
280
     1
102
RTVSPropertyOp0
 70
     1
102
RTVSPropertyOp1
 70
     1
102
RTVSPropertyOp2
 70
     1
102
RTVSPropertyOp3
 70
     1
102
RTVSPropertyOp4
 70
     1
102
RTVSPropertyOp5
 70
     1
102
RTVSPropertyOp6
 70
     1
102
RTVSPropertyOp7
 70
     1
102
RTVSPropertyOp8
 70
     1
102
RTVSPropertyOp9
 70
     1
102
RTVSPropertyOp10
 70
     1
102
RTVSPropertyOp11
 70
     1
102
RTVSPropertyOp12
 70
     1
102
RTVSPropertyOp13
 70
     1
102
RTVSPropertyOp14
 70
     1
102
RTVSPropertyOp15
 70
     1
102
RTVSPropertyOp16
 70
     1
102
RTVSPropertyOp17
 70
     1
102
RTVSPropertyOp18
 70
     1
102
RTVSPropertyOp19
 70
     1
102
RTVSPropertyOp20
 70
     1
102
RTVSPropertyOp21
 70
     1
102
RTVSPropertyOp22
 70
     1
102
RTVSPropertyOp23
 70
     1
102
RTVSPropertyOp24
 70
     1
102
RTVSPropertyOp25
 70
     1
102
RTVSPropertyOp26
 70
     1
102
RTVSPropertyOp27
 70
     1
102
RTVSPropertyOp28
 70
     1
102
RTVSPropertyOp29
 70
     1
102
RTVSPropertyOp30
 70
     1
102
RTVSPropertyOp31
 70
     1
102
RTVSPropertyOp32
 70
     1
102
RTVSPropertyOp33
 70
     1
102
RTVSPropertyOp34
 70
     1
102
RTVSPropertyOp35
 70
     1
102
RTVSPropertyOp36
 70
     1
102
RTVSPropertyOp37
 70
     1
102
RTVSPropertyOp38
 70
     1
102
RTVSPropertyOp39
 70
     1
102
RTVSPropertyOp40
 70
     1
102
RTVSPropertyOp41
 70
     1
102
RTVSPropertyOp42
 70
     1
102
RTVSPropertyOp43
 70
     1
102
RTVSPropertyOp44
 70
     1
102
RTVSPropertyOp45
 70
     1
102
RTVSPropertyOp46
 70
     1
102
RTVSPropertyOp47
 70
     1
102
RTVSPropertyOp48
 70
     1
102
RTVSPropertyOp49
 70
     1
102
RTVSPropertyOp50
 70
     1
102
RTVSPropertyOp51
 70
     0
102
RTVSPropertyOp52
 70
     0
102
RTVSPropertyOp53
 70
     1
102
RTVSPropertyOp54
 70
     1
102
RTVSPropertyOp55
 70
     1
102
RTVSPropertyOp56
 70
     1
102
RTVSPropertyOp57
 70
     1
102
RTVSPost2010Prop28
280
     0
102
RTVSPost2010PropOp28
 70
     1
102
RTVSPost2010Prop29
280
     1
102
RTVSPost2010PropOp29
 70
     1
102
RTVSPost2010Prop30
280
     1
102
RTVSPost2010PropOp30
 70
     1
102
RTVSPost2010Prop31
280
     0
102
RTVSPost2010PropOp31
 70
     1
102
RTVSPost2010Prop32
280
     0
102
RTVSPost2010PropOp32
 70
     1
102
RTVSPost2010Prop33
280
     0
102
RTVSPost2010PropOp33
 70
     1
102
RTVSPost2010Prop34
280
     0
102
RTVSPost2010PropOp34
 70
     1
102
RTVSPost2010Prop35
280
     0
102
RTVSPost2010PropOp35
 70
     1
102
RTVSPost2010Prop36
280
     0
102
RTVSPost2010PropOp36
 70
     1
102
RTVSPost2010Prop37
 90
       50
102
RTVSPost2010PropOp37
 70
     1
102
RTVSPost2010Prop38
140
0.0
102
RTVSPost2010PropOp38
 70
     1
102
RTVSPost2010Prop39
140
1.0
102
RTVSPost2010PropOp39
 70
     1
102
RTVSPost2010Prop40
 90
        0
102
RTVSPost2010PropOp40
 70
     1
102
RTVSPost2010Prop41ColorIndex
 90
      178
102
RTVSPost2010Prop41ColorRGB
 90
        0
102
RTVSPost2010PropOp41
 70
     1
102
RTVSPost2010Prop42
 90
       50
102
RTVSPost2010PropOp42
 70
     1
102
RTVSPost2010Prop43
 90
        3
102
RTVSPost2010PropOp43
 70
     1
102
RTVSPost2010Prop44ColorIndex
 90
        5
102
RTVSPost2010Prop44ColorRGB
 90
      255
102
RTVSPost2010PropOp44
 70
     1
102
RTVSPost2010Prop45
280
     0
102
RTVSPost2010PropOp45
 70
     1
102
RTVSPost2010Prop46
 90
       50
102
RTVSPost2010PropOp46
 70
     1
102
RTVSPost2010Prop47
 90
       50
102
RTVSPost2010PropOp47
 70
     1
102
RTVSPost2010Prop48
 90
       50
102
RTVSPost2010PropOp48
 70
     1
102
RTVSPost2010Prop49
280
     0
102
RTVSPost2010PropOp49
 70
     1
102
RTVSPost2010Prop50
 90
       50
102
RTVSPost2010PropOp50
 70
     1
102
RTVSPost2010Prop51ColorIndex
 90
      256
102
RTVSPost2010Prop51ColorRGB
 90
-16777216
102
RTVSPost2010PropOp51
 70
     0
102
RTVSPost2010Prop52
140
1.0
102
RTVSPost2010PropOp52
 70
     0
102
RTVSPost2010Prop53
 90
        2
102
RTVSPost2010PropOp53
 70
     1
102
RTVSPost2010Prop54
  1
strokes_ogs.tif
102
RTVSPost2010PropOp54
 70
     1
102
RTVSPost2010Prop55
280
     0
102
RTVSPost2010PropOp55
 70
     1
102
RTVSPost2010Prop56
140
1.0
102
RTVSPost2010PropOp56
 70
     1
102
RTVSPost2010Prop57
140
1.0
102
RTVSPost2010PropOp57
 70
     1
  0
XRECORD
  5
3BB
102
{ACAD_REACTORS
330
3BA
102
}
330
3BA
100
AcDbXrecord
280
     1
102
RTVSPropertyOp0
 70
     0
102
RTVSPropertyOp1
 70
     0
102
RTVSPropertyOp2
 70
     0
102
RTVSPropertyOp3
 70
     0
102
RTVSPropertyOp4
 70
     0
102
RTVSPropertyOp5
 70
     0
102
RTVSPropertyOp6
 70
     0
102
RTVSPropertyOp7
 70
     0
102
RTVSPropertyOp8
 70
     0
102
RTVSPropertyOp9
 70
     0
102
RTVSPropertyOp10
 70
     0
102
RTVSPropertyOp11
 70
     0
102
RTVSPropertyOp12
 70
     0
102
RTVSPropertyOp13
 70
     0
102
RTVSPropertyOp14
 70
     2
102
RTVSPropertyOp15
 70
     0
102
RTVSPropertyOp16
 70
     0
102
RTVSPropertyOp17
 70
     0
102
RTVSPropertyOp18
 70
     0
102
RTVSPropertyOp19
 70
     0
102
RTVSPropertyOp20
 70
     0
102
RTVSPropertyOp21
 70
     0
102
RTVSPropertyOp22
 70
     0
102
RTVSPropertyOp23
 70
     0
102
RTVSPropertyOp24
 70
     0
102
RTVSPropertyOp25
 70
     0
102
RTVSPropertyOp26
 70
     0
102
RTVSPropertyOp27
 70
     0
102
RTVSPropertyOp28
 70
     0
102
RTVSPropertyOp29
 70
     0
102
RTVSPropertyOp30
 70
     0
102
RTVSPropertyOp31
 70
     0
102
RTVSPropertyOp32
 70
     0
102
RTVSPropertyOp33
 70
     0
102
RTVSPropertyOp34
 70
     0
102
RTVSPropertyOp35
 70
     0
102
RTVSPropertyOp36
 70
     0
102
RTVSPropertyOp37
 70
     0
102
RTVSPropertyOp38
 70
     0
102
RTVSPropertyOp39
 70
     0
102
RTVSPropertyOp40
 70
     0
102
RTVSPropertyOp41
 70
     0
102
RTVSPropertyOp42
 70
     0
102
RTVSPropertyOp43
 70
     0
102
RTVSPropertyOp44
 70
     0
102
RTVSPropertyOp45
 70
     0
102
RTVSPropertyOp46
 70
     0
102
RTVSPropertyOp47
 70
     0
102
RTVSPropertyOp48
 70
     0
102
RTVSPropertyOp49
 70
     0
102
RTVSPropertyOp50
 70
     0
102
RTVSPropertyOp51
 70
     0
102
RTVSPropertyOp52
 70
     0
102
RTVSPropertyOp53
 70
     0
102
RTVSPropertyOp54
 70
     0
102
RTVSPropertyOp55
 70
     0
102
RTVSPropertyOp56
 70
     0
102
RTVSPropertyOp57
 70
     0
102
RTVSPost2010Prop28
280
     0
102
RTVSPost2010PropOp28
 70
     0
102
RTVSPost2010Prop29
280
     1
102
RTVSPost2010PropOp29
 70
     0
102
RTVSPost2010Prop30
280
     1
102
RTVSPost2010PropOp30
 70
     0
102
RTVSPost2010Prop31
280
     0
102
RTVSPost2010PropOp31
 70
     0
102
RTVSPost2010Prop32
280
     0
102
RTVSPost2010PropOp32
 70
     0
102
RTVSPost2010Prop33
280
     0
102
RTVSPost2010PropOp33
 70
     0
102
RTVSPost2010Prop34
280
     0
102
RTVSPost2010PropOp34
 70
     0
102
RTVSPost2010Prop35
280
     0
102
RTVSPost2010PropOp35
 70
     0
102
RTVSPost2010Prop36
280
     0
102
RTVSPost2010PropOp36
 70
     0
102
RTVSPost2010Prop37
 90
       50
102
RTVSPost2010PropOp37
 70
     0
102
RTVSPost2010Prop38
140
0.0
102
RTVSPost2010PropOp38
 70
     0
102
RTVSPost2010Prop39
140
1.0
102
RTVSPost2010PropOp39
 70
     0
102
RTVSPost2010Prop40
 90
        0
102
RTVSPost2010PropOp40
 70
     0
102
RTVSPost2010Prop41ColorIndex
 90
      178
102
RTVSPost2010Prop41ColorRGB
 90
        0
102
RTVSPost2010PropOp41
 70
     0
102
RTVSPost2010Prop42
 90
       50
102
RTVSPost2010PropOp42
 70
     0
102
RTVSPost2010Prop43
 90
        3
102
RTVSPost2010PropOp43
 70
     0
102
RTVSPost2010Prop44ColorIndex
 90
        5
102
RTVSPost2010Prop44ColorRGB
 90
      255
102
RTVSPost2010PropOp44
 70
     0
102
RTVSPost2010Prop45
280
     0
102
RTVSPost2010PropOp45
 70
     0
102
RTVSPost2010Prop46
 90
       50
102
RTVSPost2010PropOp46
 70
     0
102
RTVSPost2010Prop47
 90
       50
102
RTVSPost2010PropOp47
 70
     0
102
RTVSPost2010Prop48
 90
       50
102
RTVSPost2010PropOp48
 70
     0
102
RTVSPost2010Prop49
280
     0
102
RTVSPost2010PropOp49
 70
     0
102
RTVSPost2010Prop50
 90
       50
102
RTVSPost2010PropOp50
 70
     0
102
RTVSPost2010Prop51ColorIndex
 90
      256
102
RTVSPost2010Prop51ColorRGB
 90
-16777216
102
RTVSPost2010PropOp51
 70
     0
102
RTVSPost2010Prop52
140
1.0
102
RTVSPost2010PropOp52
 70
     0
102
RTVSPost2010Prop53
 90
        2
102
RTVSPost2010PropOp53
 70
     0
102
RTVSPost2010Prop54
  1
strokes_ogs.tif
102
RTVSPost2010PropOp54
 70
     0
102
RTVSPost2010Prop55
280
     0
102
RTVSPost2010PropOp55
 70
     0
102
RTVSPost2010Prop56
140
1.0
102
RTVSPost2010PropOp56
 70
     0
102
RTVSPost2010Prop57
140
1.0
102
RTVSPost2010PropOp57
 70
     0
  0
XRECORD
  5
3B5
102
{ACAD_REACTORS
330
3B4
102
}
330
3B4
100
AcDbXrecord
280
     1
102
RTVSPropertyOp0
 70
     1
102
RTVSPropertyOp1
 70
     1
102
RTVSPropertyOp2
 70
     1
102
RTVSPropertyOp3
 70
     1
102
RTVSPropertyOp4
 70
     1
102
RTVSPropertyOp5
 70
     1
102
RTVSPropertyOp6
 70
     1
102
RTVSPropertyOp7
 70
     1
102
RTVSPropertyOp8
 70
     1
102
RTVSPropertyOp9
 70
     1
102
RTVSPropertyOp10
 70
     1
102
RTVSPropertyOp11
 70
     1
102
RTVSPropertyOp12
 70
     1
102
RTVSPropertyOp13
 70
     1
102
RTVSPropertyOp14
 70
     1
102
RTVSPropertyOp15
 70
     1
102
RTVSPropertyOp16
 70
     1
102
RTVSPropertyOp17
 70
     1
102
RTVSPropertyOp18
 70
     1
102
RTVSPropertyOp19
 70
     1
102
RTVSPropertyOp20
 70
     1
102
RTVSPropertyOp21
 70
     1
102
RTVSPropertyOp22
 70
     1
102
RTVSPropertyOp23
 70
     1
102
RTVSPropertyOp24
 70
     1
102
RTVSPropertyOp25
 70
     1
102
RTVSPropertyOp26
 70
     1
102
RTVSPropertyOp27
 70
     1
102
RTVSPropertyOp28
 70
     1
102
RTVSPropertyOp29
 70
     1
102
RTVSPropertyOp30
 70
     1
102
RTVSPropertyOp31
 70
     1
102
RTVSPropertyOp32
 70
     1
102
RTVSPropertyOp33
 70
     1
102
RTVSPropertyOp34
 70
     1
102
RTVSPropertyOp35
 70
     1
102
RTVSPropertyOp36
 70
     1
102
RTVSPropertyOp37
 70
     1
102
RTVSPropertyOp38
 70
     1
102
RTVSPropertyOp39
 70
     1
102
RTVSPropertyOp40
 70
     1
102
RTVSPropertyOp41
 70
     1
102
RTVSPropertyOp42
 70
     1
102
RTVSPropertyOp43
 70
     1
102
RTVSPropertyOp44
 70
     1
102
RTVSPropertyOp45
 70
     1
102
RTVSPropertyOp46
 70
     1
102
RTVSPropertyOp47
 70
     1
102
RTVSPropertyOp48
 70
     1
102
RTVSPropertyOp49
 70
     1
102
RTVSPropertyOp50
 70
     1
102
RTVSPropertyOp51
 70
     0
102
RTVSPropertyOp52
 70
     0
102
RTVSPropertyOp53
 70
     1
102
RTVSPropertyOp54
 70
     1
102
RTVSPropertyOp55
 70
     1
102
RTVSPropertyOp56
 70
     1
102
RTVSPropertyOp57
 70
     1
102
RTVSPost2010Prop28
280
     0
102
RTVSPost2010PropOp28
 70
     1
102
RTVSPost2010Prop29
280
     1
102
RTVSPost2010PropOp29
 70
     1
102
RTVSPost2010Prop30
280
     1
102
RTVSPost2010PropOp30
 70
     1
102
RTVSPost2010Prop31
280
     0
102
RTVSPost2010PropOp31
 70
     1
102
RTVSPost2010Prop32
280
     0
102
RTVSPost2010PropOp32
 70
     1
102
RTVSPost2010Prop33
280
     0
102
RTVSPost2010PropOp33
 70
     1
102
RTVSPost2010Prop34
280
     0
102
RTVSPost2010PropOp34
 70
     1
102
RTVSPost2010Prop35
280
     0
102
RTVSPost2010PropOp35
 70
     1
102
RTVSPost2010Prop36
280
     0
102
RTVSPost2010PropOp36
 70
     1
102
RTVSPost2010Prop37
 90
       50
102
RTVSPost2010PropOp37
 70
     1
102
RTVSPost2010Prop38
140
0.0
102
RTVSPost2010PropOp38
 70
     1
102
RTVSPost2010Prop39
140
1.0
102
RTVSPost2010PropOp39
 70
     1
102
RTVSPost2010Prop40
 90
        0
102
RTVSPost2010PropOp40
 70
     1
102
RTVSPost2010Prop41ColorIndex
 90
      178
102
RTVSPost2010Prop41ColorRGB
 90
        0
102
RTVSPost2010PropOp41
 70
     1
102
RTVSPost2010Prop42
 90
       50
102
RTVSPost2010PropOp42
 70
     1
102
RTVSPost2010Prop43
 90
        3
102
RTVSPost2010PropOp43
 70
     1
102
RTVSPost2010Prop44ColorIndex
 90
        5
102
RTVSPost2010Prop44ColorRGB
 90
      255
102
RTVSPost2010PropOp44
 70
     1
102
RTVSPost2010Prop45
280
     0
102
RTVSPost2010PropOp45
 70
     1
102
RTVSPost2010Prop46
 90
       50
102
RTVSPost2010PropOp46
 70
     1
102
RTVSPost2010Prop47
 90
       50
102
RTVSPost2010PropOp47
 70
     1
102
RTVSPost2010Prop48
 90
       50
102
RTVSPost2010PropOp48
 70
     1
102
RTVSPost2010Prop49
280
     0
102
RTVSPost2010PropOp49
 70
     1
102
RTVSPost2010Prop50
 90
       50
102
RTVSPost2010PropOp50
 70
     1
102
RTVSPost2010Prop51ColorIndex
 90
      256
102
RTVSPost2010Prop51ColorRGB
 90
-16777216
102
RTVSPost2010PropOp51
 70
     0
102
RTVSPost2010Prop52
140
1.0
102
RTVSPost2010PropOp52
 70
     0
102
RTVSPost2010Prop53
 90
        2
102
RTVSPost2010PropOp53
 70
     1
102
RTVSPost2010Prop54
  1
strokes_ogs.tif
102
RTVSPost2010PropOp54
 70
     1
102
RTVSPost2010Prop55
280
     0
102
RTVSPost2010PropOp55
 70
     1
102
RTVSPost2010Prop56
140
1.0
102
RTVSPost2010PropOp56
 70
     1
102
RTVSPost2010Prop57
140
1.0
102
RTVSPost2010PropOp57
 70
     1
  0
XRECORD
  5
3BD
102
{ACAD_REACTORS
330
3BC
102
}
330
3BC
100
AcDbXrecord
280
     1
102
RTVSPropertyOp0
 70
     0
102
RTVSPropertyOp1
 70
     0
102
RTVSPropertyOp2
 70
     0
102
RTVSPropertyOp3
 70
     0
102
RTVSPropertyOp4
 70
     0
102
RTVSPropertyOp5
 70
     0
102
RTVSPropertyOp6
 70
     0
102
RTVSPropertyOp7
 70
     0
102
RTVSPropertyOp8
 70
     0
102
RTVSPropertyOp9
 70
     0
102
RTVSPropertyOp10
 70
     0
102
RTVSPropertyOp11
 70
     0
102
RTVSPropertyOp12
 70
     0
102
RTVSPropertyOp13
 70
     0
102
RTVSPropertyOp14
 70
     2
102
RTVSPropertyOp15
 70
     0
102
RTVSPropertyOp16
 70
     0
102
RTVSPropertyOp17
 70
     0
102
RTVSPropertyOp18
 70
     0
102
RTVSPropertyOp19
 70
     0
102
RTVSPropertyOp20
 70
     0
102
RTVSPropertyOp21
 70
     0
102
RTVSPropertyOp22
 70
     0
102
RTVSPropertyOp23
 70
     0
102
RTVSPropertyOp24
 70
     0
102
RTVSPropertyOp25
 70
     0
102
RTVSPropertyOp26
 70
     0
102
RTVSPropertyOp27
 70
     0
102
RTVSPropertyOp28
 70
     0
102
RTVSPropertyOp29
 70
     0
102
RTVSPropertyOp30
 70
     0
102
RTVSPropertyOp31
 70
     0
102
RTVSPropertyOp32
 70
     0
102
RTVSPropertyOp33
 70
     0
102
RTVSPropertyOp34
 70
     0
102
RTVSPropertyOp35
 70
     0
102
RTVSPropertyOp36
 70
     0
102
RTVSPropertyOp37
 70
     0
102
RTVSPropertyOp38
 70
     0
102
RTVSPropertyOp39
 70
     0
102
RTVSPropertyOp40
 70
     0
102
RTVSPropertyOp41
 70
     0
102
RTVSPropertyOp42
 70
     0
102
RTVSPropertyOp43
 70
     0
102
RTVSPropertyOp44
 70
     0
102
RTVSPropertyOp45
 70
     0
102
RTVSPropertyOp46
 70
     0
102
RTVSPropertyOp47
 70
     0
102
RTVSPropertyOp48
 70
     0
102
RTVSPropertyOp49
 70
     0
102
RTVSPropertyOp50
 70
     0
102
RTVSPropertyOp51
 70
     0
102
RTVSPropertyOp52
 70
     0
102
RTVSPropertyOp53
 70
     0
102
RTVSPropertyOp54
 70
     0
102
RTVSPropertyOp55
 70
     0
102
RTVSPropertyOp56
 70
     0
102
RTVSPropertyOp57
 70
     0
102
RTVSPost2010Prop28
280
     0
102
RTVSPost2010PropOp28
 70
     0
102
RTVSPost2010Prop29
280
     1
102
RTVSPost2010PropOp29
 70
     0
102
RTVSPost2010Prop30
280
     1
102
RTVSPost2010PropOp30
 70
     0
102
RTVSPost2010Prop31
280
     0
102
RTVSPost2010PropOp31
 70
     0
102
RTVSPost2010Prop32
280
     0
102
RTVSPost2010PropOp32
 70
     0
102
RTVSPost2010Prop33
280
     0
102
RTVSPost2010PropOp33
 70
     0
102
RTVSPost2010Prop34
280
     0
102
RTVSPost2010PropOp34
 70
     0
102
RTVSPost2010Prop35
280
     0
102
RTVSPost2010PropOp35
 70
     0
102
RTVSPost2010Prop36
280
     0
102
RTVSPost2010PropOp36
 70
     0
102
RTVSPost2010Prop37
 90
       50
102
RTVSPost2010PropOp37
 70
     0
102
RTVSPost2010Prop38
140
0.0
102
RTVSPost2010PropOp38
 70
     0
102
RTVSPost2010Prop39
140
1.0
102
RTVSPost2010PropOp39
 70
     0
102
RTVSPost2010Prop40
 90
        0
102
RTVSPost2010PropOp40
 70
     0
102
RTVSPost2010Prop41ColorIndex
 90
      178
102
RTVSPost2010Prop41ColorRGB
 90
        0
102
RTVSPost2010PropOp41
 70
     0
102
RTVSPost2010Prop42
 90
       50
102
RTVSPost2010PropOp42
 70
     0
102
RTVSPost2010Prop43
 90
        3
102
RTVSPost2010PropOp43
 70
     0
102
RTVSPost2010Prop44ColorIndex
 90
        5
102
RTVSPost2010Prop44ColorRGB
 90
      255
102
RTVSPost2010PropOp44
 70
     0
102
RTVSPost2010Prop45
280
     0
102
RTVSPost2010PropOp45
 70
     0
102
RTVSPost2010Prop46
 90
       50
102
RTVSPost2010PropOp46
 70
     0
102
RTVSPost2010Prop47
 90
       50
102
RTVSPost2010PropOp47
 70
     0
102
RTVSPost2010Prop48
 90
       50
102
RTVSPost2010PropOp48
 70
     0
102
RTVSPost2010Prop49
280
     0
102
RTVSPost2010PropOp49
 70
     0
102
RTVSPost2010Prop50
 90
       50
102
RTVSPost2010PropOp50
 70
     0
102
RTVSPost2010Prop51ColorIndex
 90
      256
102
RTVSPost2010Prop51ColorRGB
 90
-16777216
102
RTVSPost2010PropOp51
 70
     0
102
RTVSPost2010Prop52
140
1.0
102
RTVSPost2010PropOp52
 70
     0
102
RTVSPost2010Prop53
 90
        2
102
RTVSPost2010PropOp53
 70
     0
102
RTVSPost2010Prop54
  1
strokes_ogs.tif
102
RTVSPost2010PropOp54
 70
     0
102
RTVSPost2010Prop55
280
     0
102
RTVSPost2010PropOp55
 70
     0
102
RTVSPost2010Prop56
140
1.0
102
RTVSPost2010PropOp56
 70
     0
102
RTVSPost2010Prop57
140
1.0
102
RTVSPost2010PropOp57
 70
     0
  0
XRECORD
  5
3AB
102
{ACAD_REACTORS
330
3AA
102
}
330
3AA
100
AcDbXrecord
280
     1
102
RTVSPropertyOp0
 70
     1
102
RTVSPropertyOp1
 70
     1
102
RTVSPropertyOp2
 70
     1
102
RTVSPropertyOp3
 70
     1
102
RTVSPropertyOp4
 70
     1
102
RTVSPropertyOp5
 70
     1
102
RTVSPropertyOp6
 70
     1
102
RTVSPropertyOp7
 70
     1
102
RTVSPropertyOp8
 70
     1
102
RTVSPropertyOp9
 70
     1
102
RTVSPropertyOp10
 70
     1
102
RTVSPropertyOp11
 70
     1
102
RTVSPropertyOp12
 70
     1
102
RTVSPropertyOp13
 70
     1
102
RTVSPropertyOp14
 70
     1
102
RTVSPropertyOp15
 70
     1
102
RTVSPropertyOp16
 70
     1
102
RTVSPropertyOp17
 70
     1
102
RTVSPropertyOp18
 70
     1
102
RTVSPropertyOp19
 70
     1
102
RTVSPropertyOp20
 70
     1
102
RTVSPropertyOp21
 70
     1
102
RTVSPropertyOp22
 70
     1
102
RTVSPropertyOp23
 70
     1
102
RTVSPropertyOp24
 70
     1
102
RTVSPropertyOp25
 70
     1
102
RTVSPropertyOp26
 70
     1
102
RTVSPropertyOp27
 70
     1
102
RTVSPropertyOp28
 70
     1
102
RTVSPropertyOp29
 70
     1
102
RTVSPropertyOp30
 70
     1
102
RTVSPropertyOp31
 70
     1
102
RTVSPropertyOp32
 70
     1
102
RTVSPropertyOp33
 70
     1
102
RTVSPropertyOp34
 70
     1
102
RTVSPropertyOp35
 70
     1
102
RTVSPropertyOp36
 70
     1
102
RTVSPropertyOp37
 70
     1
102
RTVSPropertyOp38
 70
     1
102
RTVSPropertyOp39
 70
     1
102
RTVSPropertyOp40
 70
     1
102
RTVSPropertyOp41
 70
     1
102
RTVSPropertyOp42
 70
     1
102
RTVSPropertyOp43
 70
     1
102
RTVSPropertyOp44
 70
     1
102
RTVSPropertyOp45
 70
     1
102
RTVSPropertyOp46
 70
     1
102
RTVSPropertyOp47
 70
     1
102
RTVSPropertyOp48
 70
     1
102
RTVSPropertyOp49
 70
     1
102
RTVSPropertyOp50
 70
     1
102
RTVSPropertyOp51
 70
     0
102
RTVSPropertyOp52
 70
     0
102
RTVSPropertyOp53
 70
     1
102
RTVSPropertyOp54
 70
     1
102
RTVSPropertyOp55
 70
     1
102
RTVSPropertyOp56
 70
     1
102
RTVSPropertyOp57
 70
     1
102
RTVSPost2010Prop28
280
     0
102
RTVSPost2010PropOp28
 70
     1
102
RTVSPost2010Prop29
280
     1
102
RTVSPost2010PropOp29
 70
     1
102
RTVSPost2010Prop30
280
     1
102
RTVSPost2010PropOp30
 70
     1
102
RTVSPost2010Prop31
280
     0
102
RTVSPost2010PropOp31
 70
     1
102
RTVSPost2010Prop32
280
     0
102
RTVSPost2010PropOp32
 70
     1
102
RTVSPost2010Prop33
280
     0
102
RTVSPost2010PropOp33
 70
     1
102
RTVSPost2010Prop34
280
     0
102
RTVSPost2010PropOp34
 70
     1
102
RTVSPost2010Prop35
280
     0
102
RTVSPost2010PropOp35
 70
     1
102
RTVSPost2010Prop36
280
     0
102
RTVSPost2010PropOp36
 70
     1
102
RTVSPost2010Prop37
 90
       50
102
RTVSPost2010PropOp37
 70
     1
102
RTVSPost2010Prop38
140
0.0
102
RTVSPost2010PropOp38
 70
     1
102
RTVSPost2010Prop39
140
1.0
102
RTVSPost2010PropOp39
 70
     1
102
RTVSPost2010Prop40
 90
        0
102
RTVSPost2010PropOp40
 70
     1
102
RTVSPost2010Prop41ColorIndex
 90
      178
102
RTVSPost2010Prop41ColorRGB
 90
        0
102
RTVSPost2010PropOp41
 70
     1
102
RTVSPost2010Prop42
 90
       50
102
RTVSPost2010PropOp42
 70
     1
102
RTVSPost2010Prop43
 90
        3
102
RTVSPost2010PropOp43
 70
     1
102
RTVSPost2010Prop44ColorIndex
 90
        5
102
RTVSPost2010Prop44ColorRGB
 90
      255
102
RTVSPost2010PropOp44
 70
     1
102
RTVSPost2010Prop45
280
     0
102
RTVSPost2010PropOp45
 70
     1
102
RTVSPost2010Prop46
 90
       50
102
RTVSPost2010PropOp46
 70
     1
102
RTVSPost2010Prop47
 90
       50
102
RTVSPost2010PropOp47
 70
     1
102
RTVSPost2010Prop48
 90
       50
102
RTVSPost2010PropOp48
 70
     1
102
RTVSPost2010Prop49
280
     0
102
RTVSPost2010PropOp49
 70
     1
102
RTVSPost2010Prop50
 90
       50
102
RTVSPost2010PropOp50
 70
     1
102
RTVSPost2010Prop51ColorIndex
 90
      256
102
RTVSPost2010Prop51ColorRGB
 90
-16777216
102
RTVSPost2010PropOp51
 70
     0
102
RTVSPost2010Prop52
140
1.0
102
RTVSPost2010PropOp52
 70
     0
102
RTVSPost2010Prop53
 90
        2
102
RTVSPost2010PropOp53
 70
     1
102
RTVSPost2010Prop54
  1
strokes_ogs.tif
102
RTVSPost2010PropOp54
 70
     1
102
RTVSPost2010Prop55
280
     0
102
RTVSPost2010PropOp55
 70
     1
102
RTVSPost2010Prop56
140
1.0
102
RTVSPost2010PropOp56
 70
     1
102
RTVSPost2010Prop57
140
1.0
102
RTVSPost2010PropOp57
 70
     1
  0
XRECORD
  5
3C9
102
{ACAD_REACTORS
330
3C8
102
}
330
3C8
100
AcDbXrecord
280
     1
102
RTVSPropertyOp0
 70
     1
102
RTVSPropertyOp1
 70
     1
102
RTVSPropertyOp2
 70
     1
102
RTVSPropertyOp3
 70
     1
102
RTVSPropertyOp4
 70
     1
102
RTVSPropertyOp5
 70
     1
102
RTVSPropertyOp6
 70
     1
102
RTVSPropertyOp7
 70
     1
102
RTVSPropertyOp8
 70
     1
102
RTVSPropertyOp9
 70
     1
102
RTVSPropertyOp10
 70
     1
102
RTVSPropertyOp11
 70
     1
102
RTVSPropertyOp12
 70
     1
102
RTVSPropertyOp13
 70
     1
102
RTVSPropertyOp14
 70
     1
102
RTVSPropertyOp15
 70
     1
102
RTVSPropertyOp16
 70
     1
102
RTVSPropertyOp17
 70
     1
102
RTVSPropertyOp18
 70
     1
102
RTVSPropertyOp19
 70
     1
102
RTVSPropertyOp20
 70
     1
102
RTVSPropertyOp21
 70
     1
102
RTVSPropertyOp22
 70
     1
102
RTVSPropertyOp23
 70
     1
102
RTVSPropertyOp24
 70
     1
102
RTVSPropertyOp25
 70
     1
102
RTVSPropertyOp26
 70
     1
102
RTVSPropertyOp27
 70
     1
102
RTVSPropertyOp28
 70
     1
102
RTVSPropertyOp29
 70
     1
102
RTVSPropertyOp30
 70
     1
102
RTVSPropertyOp31
 70
     1
102
RTVSPropertyOp32
 70
     1
102
RTVSPropertyOp33
 70
     1
102
RTVSPropertyOp34
 70
     1
102
RTVSPropertyOp35
 70
     1
102
RTVSPropertyOp36
 70
     1
102
RTVSPropertyOp37
 70
     1
102
RTVSPropertyOp38
 70
     1
102
RTVSPropertyOp39
 70
     1
102
RTVSPropertyOp40
 70
     1
102
RTVSPropertyOp41
 70
     1
102
RTVSPropertyOp42
 70
     1
102
RTVSPropertyOp43
 70
     1
102
RTVSPropertyOp44
 70
     1
102
RTVSPropertyOp45
 70
     1
102
RTVSPropertyOp46
 70
     1
102
RTVSPropertyOp47
 70
     1
102
RTVSPropertyOp48
 70
     1
102
RTVSPropertyOp49
 70
     1
102
RTVSPropertyOp50
 70
     1
102
RTVSPropertyOp51
 70
     0
102
RTVSPropertyOp52
 70
     0
102
RTVSPropertyOp53
 70
     1
102
RTVSPropertyOp54
 70
     1
102
RTVSPropertyOp55
 70
     1
102
RTVSPropertyOp56
 70
     1
102
RTVSPropertyOp57
 70
     1
102
RTVSPost2010Prop28
280
     0
102
RTVSPost2010PropOp28
 70
     1
102
RTVSPost2010Prop29
280
     1
102
RTVSPost2010PropOp29
 70
     1
102
RTVSPost2010Prop30
280
     1
102
RTVSPost2010PropOp30
 70
     1
102
RTVSPost2010Prop31
280
     0
102
RTVSPost2010PropOp31
 70
     1
102
RTVSPost2010Prop32
280
     0
102
RTVSPost2010PropOp32
 70
     1
102
RTVSPost2010Prop33
280
     0
102
RTVSPost2010PropOp33
 70
     1
102
RTVSPost2010Prop34
280
     0
102
RTVSPost2010PropOp34
 70
     1
102
RTVSPost2010Prop35
280
     0
102
RTVSPost2010PropOp35
 70
     1
102
RTVSPost2010Prop36
280
     0
102
RTVSPost2010PropOp36
 70
     1
102
RTVSPost2010Prop37
 90
       50
102
RTVSPost2010PropOp37
 70
     1
102
RTVSPost2010Prop38
140
0.0
102
RTVSPost2010PropOp38
 70
     1
102
RTVSPost2010Prop39
140
1.0
102
RTVSPost2010PropOp39
 70
     1
102
RTVSPost2010Prop40
 90
        0
102
RTVSPost2010PropOp40
 70
     1
102
RTVSPost2010Prop41ColorIndex
 90
      178
102
RTVSPost2010Prop41ColorRGB
 90
        0
102
RTVSPost2010PropOp41
 70
     1
102
RTVSPost2010Prop42
 90
       50
102
RTVSPost2010PropOp42
 70
     1
102
RTVSPost2010Prop43
 90
        3
102
RTVSPost2010PropOp43
 70
     1
102
RTVSPost2010Prop44ColorIndex
 90
        5
102
RTVSPost2010Prop44ColorRGB
 90
      255
102
RTVSPost2010PropOp44
 70
     1
102
RTVSPost2010Prop45
280
     0
102
RTVSPost2010PropOp45
 70
     1
102
RTVSPost2010Prop46
 90
       50
102
RTVSPost2010PropOp46
 70
     1
102
RTVSPost2010Prop47
 90
       50
102
RTVSPost2010PropOp47
 70
     1
102
RTVSPost2010Prop48
 90
       50
102
RTVSPost2010PropOp48
 70
     1
102
RTVSPost2010Prop49
280
     0
102
RTVSPost2010PropOp49
 70
     1
102
RTVSPost2010Prop50
 90
       50
102
RTVSPost2010PropOp50
 70
     1
102
RTVSPost2010Prop51ColorIndex
 90
      256
102
RTVSPost2010Prop51ColorRGB
 90
-16777216
102
RTVSPost2010PropOp51
 70
     0
102
RTVSPost2010Prop52
140
1.0
102
RTVSPost2010PropOp52
 70
     0
102
RTVSPost2010Prop53
 90
        2
102
RTVSPost2010PropOp53
 70
     1
102
RTVSPost2010Prop54
  1
strokes_ogs.tif
102
RTVSPost2010PropOp54
 70
     1
102
RTVSPost2010Prop55
280
     0
102
RTVSPost2010PropOp55
 70
     1
102
RTVSPost2010Prop56
140
1.0
102
RTVSPost2010PropOp56
 70
     1
102
RTVSPost2010Prop57
140
1.0
102
RTVSPost2010PropOp57
 70
     1
  0
XRECORD
  5
3C7
102
{ACAD_REACTORS
330
3C6
102
}
330
3C6
100
AcDbXrecord
280
     1
102
RTVSPropertyOp0
 70
     1
102
RTVSPropertyOp1
 70
     1
102
RTVSPropertyOp2
 70
     1
102
RTVSPropertyOp3
 70
     1
102
RTVSPropertyOp4
 70
     1
102
RTVSPropertyOp5
 70
     1
102
RTVSPropertyOp6
 70
     1
102
RTVSPropertyOp7
 70
     1
102
RTVSPropertyOp8
 70
     1
102
RTVSPropertyOp9
 70
     1
102
RTVSPropertyOp10
 70
     1
102
RTVSPropertyOp11
 70
     1
102
RTVSPropertyOp12
 70
     1
102
RTVSPropertyOp13
 70
     1
102
RTVSPropertyOp14
 70
     1
102
RTVSPropertyOp15
 70
     1
102
RTVSPropertyOp16
 70
     1
102
RTVSPropertyOp17
 70
     1
102
RTVSPropertyOp18
 70
     1
102
RTVSPropertyOp19
 70
     1
102
RTVSPropertyOp20
 70
     1
102
RTVSPropertyOp21
 70
     1
102
RTVSPropertyOp22
 70
     1
102
RTVSPropertyOp23
 70
     1
102
RTVSPropertyOp24
 70
     1
102
RTVSPropertyOp25
 70
     1
102
RTVSPropertyOp26
 70
     1
102
RTVSPropertyOp27
 70
     1
102
RTVSPropertyOp28
 70
     1
102
RTVSPropertyOp29
 70
     1
102
RTVSPropertyOp30
 70
     1
102
RTVSPropertyOp31
 70
     1
102
RTVSPropertyOp32
 70
     1
102
RTVSPropertyOp33
 70
     1
102
RTVSPropertyOp34
 70
     1
102
RTVSPropertyOp35
 70
     1
102
RTVSPropertyOp36
 70
     1
102
RTVSPropertyOp37
 70
     1
102
RTVSPropertyOp38
 70
     1
102
RTVSPropertyOp39
 70
     1
102
RTVSPropertyOp40
 70
     1
102
RTVSPropertyOp41
 70
     1
102
RTVSPropertyOp42
 70
     1
102
RTVSPropertyOp43
 70
     1
102
RTVSPropertyOp44
 70
     1
102
RTVSPropertyOp45
 70
     1
102
RTVSPropertyOp46
 70
     1
102
RTVSPropertyOp47
 70
     1
102
RTVSPropertyOp48
 70
     1
102
RTVSPropertyOp49
 70
     1
102
RTVSPropertyOp50
 70
     1
102
RTVSPropertyOp51
 70
     0
102
RTVSPropertyOp52
 70
     0
102
RTVSPropertyOp53
 70
     1
102
RTVSPropertyOp54
 70
     1
102
RTVSPropertyOp55
 70
     1
102
RTVSPropertyOp56
 70
     1
102
RTVSPropertyOp57
 70
     1
102
RTVSPost2010Prop28
280
     0
102
RTVSPost2010PropOp28
 70
     1
102
RTVSPost2010Prop29
280
     1
102
RTVSPost2010PropOp29
 70
     1
102
RTVSPost2010Prop30
280
     1
102
RTVSPost2010PropOp30
 70
     1
102
RTVSPost2010Prop31
280
     0
102
RTVSPost2010PropOp31
 70
     1
102
RTVSPost2010Prop32
280
     0
102
RTVSPost2010PropOp32
 70
     1
102
RTVSPost2010Prop33
280
     0
102
RTVSPost2010PropOp33
 70
     1
102
RTVSPost2010Prop34
280
     0
102
RTVSPost2010PropOp34
 70
     1
102
RTVSPost2010Prop35
280
     0
102
RTVSPost2010PropOp35
 70
     1
102
RTVSPost2010Prop36
280
     0
102
RTVSPost2010PropOp36
 70
     1
102
RTVSPost2010Prop37
 90
       50
102
RTVSPost2010PropOp37
 70
     1
102
RTVSPost2010Prop38
140
0.0
102
RTVSPost2010PropOp38
 70
     1
102
RTVSPost2010Prop39
140
1.0
102
RTVSPost2010PropOp39
 70
     1
102
RTVSPost2010Prop40
 90
        0
102
RTVSPost2010PropOp40
 70
     1
102
RTVSPost2010Prop41ColorIndex
 90
      178
102
RTVSPost2010Prop41ColorRGB
 90
        0
102
RTVSPost2010PropOp41
 70
     1
102
RTVSPost2010Prop42
 90
       50
102
RTVSPost2010PropOp42
 70
     1
102
RTVSPost2010Prop43
 90
        3
102
RTVSPost2010PropOp43
 70
     1
102
RTVSPost2010Prop44ColorIndex
 90
        5
102
RTVSPost2010Prop44ColorRGB
 90
      255
102
RTVSPost2010PropOp44
 70
     1
102
RTVSPost2010Prop45
280
     0
102
RTVSPost2010PropOp45
 70
     1
102
RTVSPost2010Prop46
 90
       50
102
RTVSPost2010PropOp46
 70
     1
102
RTVSPost2010Prop47
 90
       50
102
RTVSPost2010PropOp47
 70
     1
102
RTVSPost2010Prop48
 90
       50
102
RTVSPost2010PropOp48
 70
     1
102
RTVSPost2010Prop49
280
     0
102
RTVSPost2010PropOp49
 70
     1
102
RTVSPost2010Prop50
 90
       50
102
RTVSPost2010PropOp50
 70
     1
102
RTVSPost2010Prop51ColorIndex
 90
      256
102
RTVSPost2010Prop51ColorRGB
 90
-16777216
102
RTVSPost2010PropOp51
 70
     0
102
RTVSPost2010Prop52
140
1.0
102
RTVSPost2010PropOp52
 70
     0
102
RTVSPost2010Prop53
 90
        2
102
RTVSPost2010PropOp53
 70
     1
102
RTVSPost2010Prop54
  1
strokes_ogs.tif
102
RTVSPost2010PropOp54
 70
     1
102
RTVSPost2010Prop55
280
     0
102
RTVSPost2010PropOp55
 70
     1
102
RTVSPost2010Prop56
140
1.0
102
RTVSPost2010PropOp56
 70
     1
102
RTVSPost2010Prop57
140
1.0
102
RTVSPost2010PropOp57
 70
     1
  0
XRECORD
  5
3C1
102
{ACAD_REACTORS
330
3C0
102
}
330
3C0
100
AcDbXrecord
280
     1
102
RTVSPropertyOp0
 70
     1
102
RTVSPropertyOp1
 70
     1
102
RTVSPropertyOp2
 70
     1
102
RTVSPropertyOp3
 70
     1
102
RTVSPropertyOp4
 70
     1
102
RTVSPropertyOp5
 70
     1
102
RTVSPropertyOp6
 70
     1
102
RTVSPropertyOp7
 70
     1
102
RTVSPropertyOp8
 70
     1
102
RTVSPropertyOp9
 70
     1
102
RTVSPropertyOp10
 70
     1
102
RTVSPropertyOp11
 70
     1
102
RTVSPropertyOp12
 70
     1
102
RTVSPropertyOp13
 70
     1
102
RTVSPropertyOp14
 70
     1
102
RTVSPropertyOp15
 70
     1
102
RTVSPropertyOp16
 70
     1
102
RTVSPropertyOp17
 70
     1
102
RTVSPropertyOp18
 70
     1
102
RTVSPropertyOp19
 70
     1
102
RTVSPropertyOp20
 70
     1
102
RTVSPropertyOp21
 70
     1
102
RTVSPropertyOp22
 70
     1
102
RTVSPropertyOp23
 70
     1
102
RTVSPropertyOp24
 70
     1
102
RTVSPropertyOp25
 70
     1
102
RTVSPropertyOp26
 70
     1
102
RTVSPropertyOp27
 70
     1
102
RTVSPropertyOp28
 70
     1
102
RTVSPropertyOp29
 70
     1
102
RTVSPropertyOp30
 70
     1
102
RTVSPropertyOp31
 70
     1
102
RTVSPropertyOp32
 70
     1
102
RTVSPropertyOp33
 70
     1
102
RTVSPropertyOp34
 70
     1
102
RTVSPropertyOp35
 70
     1
102
RTVSPropertyOp36
 70
     1
102
RTVSPropertyOp37
 70
     1
102
RTVSPropertyOp38
 70
     1
102
RTVSPropertyOp39
 70
     1
102
RTVSPropertyOp40
 70
     1
102
RTVSPropertyOp41
 70
     1
102
RTVSPropertyOp42
 70
     1
102
RTVSPropertyOp43
 70
     1
102
RTVSPropertyOp44
 70
     1
102
RTVSPropertyOp45
 70
     1
102
RTVSPropertyOp46
 70
     1
102
RTVSPropertyOp47
 70
     1
102
RTVSPropertyOp48
 70
     1
102
RTVSPropertyOp49
 70
     1
102
RTVSPropertyOp50
 70
     1
102
RTVSPropertyOp51
 70
     0
102
RTVSPropertyOp52
 70
     0
102
RTVSPropertyOp53
 70
     1
102
RTVSPropertyOp54
 70
     1
102
RTVSPropertyOp55
 70
     1
102
RTVSPropertyOp56
 70
     1
102
RTVSPropertyOp57
 70
     1
102
RTVSPost2010Prop28
280
     0
102
RTVSPost2010PropOp28
 70
     1
102
RTVSPost2010Prop29
280
     1
102
RTVSPost2010PropOp29
 70
     1
102
RTVSPost2010Prop30
280
     1
102
RTVSPost2010PropOp30
 70
     1
102
RTVSPost2010Prop31
280
     0
102
RTVSPost2010PropOp31
 70
     1
102
RTVSPost2010Prop32
280
     0
102
RTVSPost2010PropOp32
 70
     1
102
RTVSPost2010Prop33
280
     0
102
RTVSPost2010PropOp33
 70
     1
102
RTVSPost2010Prop34
280
     0
102
RTVSPost2010PropOp34
 70
     1
102
RTVSPost2010Prop35
280
     0
102
RTVSPost2010PropOp35
 70
     1
102
RTVSPost2010Prop36
280
     0
102
RTVSPost2010PropOp36
 70
     1
102
RTVSPost2010Prop37
 90
       50
102
RTVSPost2010PropOp37
 70
     1
102
RTVSPost2010Prop38
140
0.0
102
RTVSPost2010PropOp38
 70
     1
102
RTVSPost2010Prop39
140
1.0
102
RTVSPost2010PropOp39
 70
     1
102
RTVSPost2010Prop40
 90
        0
102
RTVSPost2010PropOp40
 70
     1
102
RTVSPost2010Prop41ColorIndex
 90
      178
102
RTVSPost2010Prop41ColorRGB
 90
        0
102
RTVSPost2010PropOp41
 70
     1
102
RTVSPost2010Prop42
 90
       50
102
RTVSPost2010PropOp42
 70
     1
102
RTVSPost2010Prop43
 90
        3
102
RTVSPost2010PropOp43
 70
     1
102
RTVSPost2010Prop44ColorIndex
 90
        5
102
RTVSPost2010Prop44ColorRGB
 90
      255
102
RTVSPost2010PropOp44
 70
     1
102
RTVSPost2010Prop45
280
     0
102
RTVSPost2010PropOp45
 70
     1
102
RTVSPost2010Prop46
 90
       50
102
RTVSPost2010PropOp46
 70
     1
102
RTVSPost2010Prop47
 90
       50
102
RTVSPost2010PropOp47
 70
     1
102
RTVSPost2010Prop48
 90
       50
102
RTVSPost2010PropOp48
 70
     1
102
RTVSPost2010Prop49
280
     0
102
RTVSPost2010PropOp49
 70
     1
102
RTVSPost2010Prop50
 90
       50
102
RTVSPost2010PropOp50
 70
     1
102
RTVSPost2010Prop51ColorIndex
 90
      256
102
RTVSPost2010Prop51ColorRGB
 90
-16777216
102
RTVSPost2010PropOp51
 70
     0
102
RTVSPost2010Prop52
140
1.0
102
RTVSPost2010PropOp52
 70
     0
102
RTVSPost2010Prop53
 90
        2
102
RTVSPost2010PropOp53
 70
     1
102
RTVSPost2010Prop54
  1
strokes_ogs.tif
102
RTVSPost2010PropOp54
 70
     1
102
RTVSPost2010Prop55
280
     0
102
RTVSPost2010PropOp55
 70
     1
102
RTVSPost2010Prop56
140
1.0
102
RTVSPost2010PropOp56
 70
     1
102
RTVSPost2010Prop57
140
1.0
102
RTVSPost2010PropOp57
 70
     1
  0
XRECORD
  5
3C3
102
{ACAD_REACTORS
330
3C2
102
}
330
3C2
100
AcDbXrecord
280
     1
102
RTVSPropertyOp0
 70
     1
102
RTVSPropertyOp1
 70
     1
102
RTVSPropertyOp2
 70
     1
102
RTVSPropertyOp3
 70
     1
102
RTVSPropertyOp4
 70
     1
102
RTVSPropertyOp5
 70
     1
102
RTVSPropertyOp6
 70
     1
102
RTVSPropertyOp7
 70
     1
102
RTVSPropertyOp8
 70
     1
102
RTVSPropertyOp9
 70
     1
102
RTVSPropertyOp10
 70
     1
102
RTVSPropertyOp11
 70
     1
102
RTVSPropertyOp12
 70
     1
102
RTVSPropertyOp13
 70
     1
102
RTVSPropertyOp14
 70
     1
102
RTVSPropertyOp15
 70
     1
102
RTVSPropertyOp16
 70
     1
102
RTVSPropertyOp17
 70
     1
102
RTVSPropertyOp18
 70
     1
102
RTVSPropertyOp19
 70
     1
102
RTVSPropertyOp20
 70
     1
102
RTVSPropertyOp21
 70
     1
102
RTVSPropertyOp22
 70
     1
102
RTVSPropertyOp23
 70
     1
102
RTVSPropertyOp24
 70
     1
102
RTVSPropertyOp25
 70
     1
102
RTVSPropertyOp26
 70
     1
102
RTVSPropertyOp27
 70
     1
102
RTVSPropertyOp28
 70
     1
102
RTVSPropertyOp29
 70
     1
102
RTVSPropertyOp30
 70
     1
102
RTVSPropertyOp31
 70
     1
102
RTVSPropertyOp32
 70
     1
102
RTVSPropertyOp33
 70
     1
102
RTVSPropertyOp34
 70
     1
102
RTVSPropertyOp35
 70
     1
102
RTVSPropertyOp36
 70
     1
102
RTVSPropertyOp37
 70
     1
102
RTVSPropertyOp38
 70
     1
102
RTVSPropertyOp39
 70
     1
102
RTVSPropertyOp40
 70
     1
102
RTVSPropertyOp41
 70
     1
102
RTVSPropertyOp42
 70
     1
102
RTVSPropertyOp43
 70
     1
102
RTVSPropertyOp44
 70
     1
102
RTVSPropertyOp45
 70
     1
102
RTVSPropertyOp46
 70
     1
102
RTVSPropertyOp47
 70
     1
102
RTVSPropertyOp48
 70
     1
102
RTVSPropertyOp49
 70
     1
102
RTVSPropertyOp50
 70
     1
102
RTVSPropertyOp51
 70
     0
102
RTVSPropertyOp52
 70
     0
102
RTVSPropertyOp53
 70
     1
102
RTVSPropertyOp54
 70
     1
102
RTVSPropertyOp55
 70
     1
102
RTVSPropertyOp56
 70
     1
102
RTVSPropertyOp57
 70
     1
102
RTVSPost2010Prop28
280
     0
102
RTVSPost2010PropOp28
 70
     1
102
RTVSPost2010Prop29
280
     1
102
RTVSPost2010PropOp29
 70
     1
102
RTVSPost2010Prop30
280
     1
102
RTVSPost2010PropOp30
 70
     1
102
RTVSPost2010Prop31
280
     0
102
RTVSPost2010PropOp31
 70
     1
102
RTVSPost2010Prop32
280
     0
102
RTVSPost2010PropOp32
 70
     1
102
RTVSPost2010Prop33
280
     0
102
RTVSPost2010PropOp33
 70
     1
102
RTVSPost2010Prop34
280
     0
102
RTVSPost2010PropOp34
 70
     1
102
RTVSPost2010Prop35
280
     0
102
RTVSPost2010PropOp35
 70
     1
102
RTVSPost2010Prop36
280
     0
102
RTVSPost2010PropOp36
 70
     1
102
RTVSPost2010Prop37
 90
       50
102
RTVSPost2010PropOp37
 70
     1
102
RTVSPost2010Prop38
140
0.0
102
RTVSPost2010PropOp38
 70
     1
102
RTVSPost2010Prop39
140
1.0
102
RTVSPost2010PropOp39
 70
     1
102
RTVSPost2010Prop40
 90
        0
102
RTVSPost2010PropOp40
 70
     1
102
RTVSPost2010Prop41ColorIndex
 90
      178
102
RTVSPost2010Prop41ColorRGB
 90
        0
102
RTVSPost2010PropOp41
 70
     1
102
RTVSPost2010Prop42
 90
       50
102
RTVSPost2010PropOp42
 70
     1
102
RTVSPost2010Prop43
 90
        3
102
RTVSPost2010PropOp43
 70
     1
102
RTVSPost2010Prop44ColorIndex
 90
        5
102
RTVSPost2010Prop44ColorRGB
 90
      255
102
RTVSPost2010PropOp44
 70
     1
102
RTVSPost2010Prop45
280
     0
102
RTVSPost2010PropOp45
 70
     1
102
RTVSPost2010Prop46
 90
       50
102
RTVSPost2010PropOp46
 70
     1
102
RTVSPost2010Prop47
 90
       50
102
RTVSPost2010PropOp47
 70
     1
102
RTVSPost2010Prop48
 90
       50
102
RTVSPost2010PropOp48
 70
     1
102
RTVSPost2010Prop49
280
     0
102
RTVSPost2010PropOp49
 70
     1
102
RTVSPost2010Prop50
 90
       50
102
RTVSPost2010PropOp50
 70
     1
102
RTVSPost2010Prop51ColorIndex
 90
      256
102
RTVSPost2010Prop51ColorRGB
 90
-16777216
102
RTVSPost2010PropOp51
 70
     0
102
RTVSPost2010Prop52
140
1.0
102
RTVSPost2010PropOp52
 70
     0
102
RTVSPost2010Prop53
 90
        2
102
RTVSPost2010PropOp53
 70
     1
102
RTVSPost2010Prop54
  1
strokes_ogs.tif
102
RTVSPost2010PropOp54
 70
     1
102
RTVSPost2010Prop55
280
     0
102
RTVSPost2010PropOp55
 70
     1
102
RTVSPost2010Prop56
140
1.0
102
RTVSPost2010PropOp56
 70
     1
102
RTVSPost2010Prop57
140
1.0
102
RTVSPost2010PropOp57
 70
     1
  0
XRECORD
  5
3B3
102
{ACAD_REACTORS
330
3B2
102
}
330
3B2
100
AcDbXrecord
280
     1
102
RTVSPropertyOp0
 70
     1
102
RTVSPropertyOp1
 70
     1
102
RTVSPropertyOp2
 70
     1
102
RTVSPropertyOp3
 70
     1
102
RTVSPropertyOp4
 70
     1
102
RTVSPropertyOp5
 70
     1
102
RTVSPropertyOp6
 70
     1
102
RTVSPropertyOp7
 70
     1
102
RTVSPropertyOp8
 70
     1
102
RTVSPropertyOp9
 70
     1
102
RTVSPropertyOp10
 70
     1
102
RTVSPropertyOp11
 70
     1
102
RTVSPropertyOp12
 70
     1
102
RTVSPropertyOp13
 70
     1
102
RTVSPropertyOp14
 70
     1
102
RTVSPropertyOp15
 70
     1
102
RTVSPropertyOp16
 70
     1
102
RTVSPropertyOp17
 70
     1
102
RTVSPropertyOp18
 70
     1
102
RTVSPropertyOp19
 70
     1
102
RTVSPropertyOp20
 70
     1
102
RTVSPropertyOp21
 70
     1
102
RTVSPropertyOp22
 70
     1
102
RTVSPropertyOp23
 70
     1
102
RTVSPropertyOp24
 70
     1
102
RTVSPropertyOp25
 70
     1
102
RTVSPropertyOp26
 70
     1
102
RTVSPropertyOp27
 70
     1
102
RTVSPropertyOp28
 70
     1
102
RTVSPropertyOp29
 70
     1
102
RTVSPropertyOp30
 70
     1
102
RTVSPropertyOp31
 70
     1
102
RTVSPropertyOp32
 70
     1
102
RTVSPropertyOp33
 70
     1
102
RTVSPropertyOp34
 70
     1
102
RTVSPropertyOp35
 70
     1
102
RTVSPropertyOp36
 70
     1
102
RTVSPropertyOp37
 70
     1
102
RTVSPropertyOp38
 70
     1
102
RTVSPropertyOp39
 70
     1
102
RTVSPropertyOp40
 70
     1
102
RTVSPropertyOp41
 70
     1
102
RTVSPropertyOp42
 70
     1
102
RTVSPropertyOp43
 70
     1
102
RTVSPropertyOp44
 70
     1
102
RTVSPropertyOp45
 70
     1
102
RTVSPropertyOp46
 70
     1
102
RTVSPropertyOp47
 70
     1
102
RTVSPropertyOp48
 70
     1
102
RTVSPropertyOp49
 70
     1
102
RTVSPropertyOp50
 70
     1
102
RTVSPropertyOp51
 70
     0
102
RTVSPropertyOp52
 70
     0
102
RTVSPropertyOp53
 70
     1
102
RTVSPropertyOp54
 70
     1
102
RTVSPropertyOp55
 70
     1
102
RTVSPropertyOp56
 70
     1
102
RTVSPropertyOp57
 70
     1
102
RTVSPost2010Prop28
280
     0
102
RTVSPost2010PropOp28
 70
     1
102
RTVSPost2010Prop29
280
     1
102
RTVSPost2010PropOp29
 70
     1
102
RTVSPost2010Prop30
280
     1
102
RTVSPost2010PropOp30
 70
     1
102
RTVSPost2010Prop31
280
     0
102
RTVSPost2010PropOp31
 70
     1
102
RTVSPost2010Prop32
280
     0
102
RTVSPost2010PropOp32
 70
     1
102
RTVSPost2010Prop33
280
     0
102
RTVSPost2010PropOp33
 70
     1
102
RTVSPost2010Prop34
280
     0
102
RTVSPost2010PropOp34
 70
     1
102
RTVSPost2010Prop35
280
     0
102
RTVSPost2010PropOp35
 70
     1
102
RTVSPost2010Prop36
280
     0
102
RTVSPost2010PropOp36
 70
     1
102
RTVSPost2010Prop37
 90
       50
102
RTVSPost2010PropOp37
 70
     1
102
RTVSPost2010Prop38
140
0.0
102
RTVSPost2010PropOp38
 70
     1
102
RTVSPost2010Prop39
140
1.0
102
RTVSPost2010PropOp39
 70
     1
102
RTVSPost2010Prop40
 90
        0
102
RTVSPost2010PropOp40
 70
     1
102
RTVSPost2010Prop41ColorIndex
 90
      178
102
RTVSPost2010Prop41ColorRGB
 90
        0
102
RTVSPost2010PropOp41
 70
     1
102
RTVSPost2010Prop42
 90
       50
102
RTVSPost2010PropOp42
 70
     1
102
RTVSPost2010Prop43
 90
        3
102
RTVSPost2010PropOp43
 70
     1
102
RTVSPost2010Prop44ColorIndex
 90
        5
102
RTVSPost2010Prop44ColorRGB
 90
      255
102
RTVSPost2010PropOp44
 70
     1
102
RTVSPost2010Prop45
280
     0
102
RTVSPost2010PropOp45
 70
     1
102
RTVSPost2010Prop46
 90
       50
102
RTVSPost2010PropOp46
 70
     1
102
RTVSPost2010Prop47
 90
       50
102
RTVSPost2010PropOp47
 70
     1
102
RTVSPost2010Prop48
 90
       50
102
RTVSPost2010PropOp48
 70
     1
102
RTVSPost2010Prop49
280
     0
102
RTVSPost2010PropOp49
 70
     1
102
RTVSPost2010Prop50
 90
       50
102
RTVSPost2010PropOp50
 70
     1
102
RTVSPost2010Prop51ColorIndex
 90
      256
102
RTVSPost2010Prop51ColorRGB
 90
-16777216
102
RTVSPost2010PropOp51
 70
     0
102
RTVSPost2010Prop52
140
1.0
102
RTVSPost2010PropOp52
 70
     0
102
RTVSPost2010Prop53
 90
        2
102
RTVSPost2010PropOp53
 70
     1
102
RTVSPost2010Prop54
  1
strokes_ogs.tif
102
RTVSPost2010PropOp54
 70
     1
102
RTVSPost2010Prop55
280
     0
102
RTVSPost2010PropOp55
 70
     1
102
RTVSPost2010Prop56
140
1.0
102
RTVSPost2010PropOp56
 70
     1
102
RTVSPost2010Prop57
140
1.0
102
RTVSPost2010PropOp57
 70
     1
  0
XRECORD
  5
3A5
102
{ACAD_REACTORS
330
3A4
102
}
330
3A4
100
AcDbXrecord
280
     1
102
RTVSPropertyOp0
 70
     1
102
RTVSPropertyOp1
 70
     1
102
RTVSPropertyOp2
 70
     1
102
RTVSPropertyOp3
 70
     1
102
RTVSPropertyOp4
 70
     1
102
RTVSPropertyOp5
 70
     1
102
RTVSPropertyOp6
 70
     1
102
RTVSPropertyOp7
 70
     1
102
RTVSPropertyOp8
 70
     1
102
RTVSPropertyOp9
 70
     1
102
RTVSPropertyOp10
 70
     1
102
RTVSPropertyOp11
 70
     1
102
RTVSPropertyOp12
 70
     1
102
RTVSPropertyOp13
 70
     1
102
RTVSPropertyOp14
 70
     1
102
RTVSPropertyOp15
 70
     1
102
RTVSPropertyOp16
 70
     1
102
RTVSPropertyOp17
 70
     1
102
RTVSPropertyOp18
 70
     1
102
RTVSPropertyOp19
 70
     1
102
RTVSPropertyOp20
 70
     1
102
RTVSPropertyOp21
 70
     1
102
RTVSPropertyOp22
 70
     1
102
RTVSPropertyOp23
 70
     1
102
RTVSPropertyOp24
 70
     1
102
RTVSPropertyOp25
 70
     1
102
RTVSPropertyOp26
 70
     1
102
RTVSPropertyOp27
 70
     1
102
RTVSPropertyOp28
 70
     1
102
RTVSPropertyOp29
 70
     1
102
RTVSPropertyOp30
 70
     1
102
RTVSPropertyOp31
 70
     1
102
RTVSPropertyOp32
 70
     1
102
RTVSPropertyOp33
 70
     1
102
RTVSPropertyOp34
 70
     1
102
RTVSPropertyOp35
 70
     1
102
RTVSPropertyOp36
 70
     1
102
RTVSPropertyOp37
 70
     1
102
RTVSPropertyOp38
 70
     1
102
RTVSPropertyOp39
 70
     1
102
RTVSPropertyOp40
 70
     1
102
RTVSPropertyOp41
 70
     1
102
RTVSPropertyOp42
 70
     1
102
RTVSPropertyOp43
 70
     1
102
RTVSPropertyOp44
 70
     1
102
RTVSPropertyOp45
 70
     1
102
RTVSPropertyOp46
 70
     1
102
RTVSPropertyOp47
 70
     1
102
RTVSPropertyOp48
 70
     1
102
RTVSPropertyOp49
 70
     1
102
RTVSPropertyOp50
 70
     1
102
RTVSPropertyOp51
 70
     0
102
RTVSPropertyOp52
 70
     0
102
RTVSPropertyOp53
 70
     1
102
RTVSPropertyOp54
 70
     1
102
RTVSPropertyOp55
 70
     1
102
RTVSPropertyOp56
 70
     1
102
RTVSPropertyOp57
 70
     1
102
RTVSPost2010Prop28
280
     0
102
RTVSPost2010PropOp28
 70
     1
102
RTVSPost2010Prop29
280
     1
102
RTVSPost2010PropOp29
 70
     1
102
RTVSPost2010Prop30
280
     1
102
RTVSPost2010PropOp30
 70
     1
102
RTVSPost2010Prop31
280
     0
102
RTVSPost2010PropOp31
 70
     1
102
RTVSPost2010Prop32
280
     0
102
RTVSPost2010PropOp32
 70
     1
102
RTVSPost2010Prop33
280
     0
102
RTVSPost2010PropOp33
 70
     1
102
RTVSPost2010Prop34
280
     0
102
RTVSPost2010PropOp34
 70
     1
102
RTVSPost2010Prop35
280
     0
102
RTVSPost2010PropOp35
 70
     1
102
RTVSPost2010Prop36
280
     0
102
RTVSPost2010PropOp36
 70
     1
102
RTVSPost2010Prop37
 90
       50
102
RTVSPost2010PropOp37
 70
     1
102
RTVSPost2010Prop38
140
0.0
102
RTVSPost2010PropOp38
 70
     1
102
RTVSPost2010Prop39
140
1.0
102
RTVSPost2010PropOp39
 70
     1
102
RTVSPost2010Prop40
 90
        0
102
RTVSPost2010PropOp40
 70
     1
102
RTVSPost2010Prop41ColorIndex
 90
      178
102
RTVSPost2010Prop41ColorRGB
 90
        0
102
RTVSPost2010PropOp41
 70
     1
102
RTVSPost2010Prop42
 90
       50
102
RTVSPost2010PropOp42
 70
     1
102
RTVSPost2010Prop43
 90
        3
102
RTVSPost2010PropOp43
 70
     1
102
RTVSPost2010Prop44ColorIndex
 90
        5
102
RTVSPost2010Prop44ColorRGB
 90
      255
102
RTVSPost2010PropOp44
 70
     1
102
RTVSPost2010Prop45
280
     0
102
RTVSPost2010PropOp45
 70
     1
102
RTVSPost2010Prop46
 90
       50
102
RTVSPost2010PropOp46
 70
     1
102
RTVSPost2010Prop47
 90
       50
102
RTVSPost2010PropOp47
 70
     1
102
RTVSPost2010Prop48
 90
       50
102
RTVSPost2010PropOp48
 70
     1
102
RTVSPost2010Prop49
280
     0
102
RTVSPost2010PropOp49
 70
     1
102
RTVSPost2010Prop50
 90
       50
102
RTVSPost2010PropOp50
 70
     1
102
RTVSPost2010Prop51ColorIndex
 90
      256
102
RTVSPost2010Prop51ColorRGB
 90
-16777216
102
RTVSPost2010PropOp51
 70
     0
102
RTVSPost2010Prop52
140
1.0
102
RTVSPost2010PropOp52
 70
     0
102
RTVSPost2010Prop53
 90
        2
102
RTVSPost2010PropOp53
 70
     1
102
RTVSPost2010Prop54
  1
strokes_ogs.tif
102
RTVSPost2010PropOp54
 70
     1
102
RTVSPost2010Prop55
280
     0
102
RTVSPost2010PropOp55
 70
     1
102
RTVSPost2010Prop56
140
1.0
102
RTVSPost2010PropOp56
 70
     1
102
RTVSPost2010Prop57
140
1.0
102
RTVSPost2010PropOp57
 70
     1
  0
XRECORD
  5
3C5
102
{ACAD_REACTORS
330
3C4
102
}
330
3C4
100
AcDbXrecord
280
     1
102
RTVSPropertyOp0
 70
     1
102
RTVSPropertyOp1
 70
     1
102
RTVSPropertyOp2
 70
     1
102
RTVSPropertyOp3
 70
     1
102
RTVSPropertyOp4
 70
     1
102
RTVSPropertyOp5
 70
     1
102
RTVSPropertyOp6
 70
     1
102
RTVSPropertyOp7
 70
     1
102
RTVSPropertyOp8
 70
     1
102
RTVSPropertyOp9
 70
     1
102
RTVSPropertyOp10
 70
     1
102
RTVSPropertyOp11
 70
     1
102
RTVSPropertyOp12
 70
     1
102
RTVSPropertyOp13
 70
     1
102
RTVSPropertyOp14
 70
     1
102
RTVSPropertyOp15
 70
     1
102
RTVSPropertyOp16
 70
     1
102
RTVSPropertyOp17
 70
     1
102
RTVSPropertyOp18
 70
     1
102
RTVSPropertyOp19
 70
     1
102
RTVSPropertyOp20
 70
     1
102
RTVSPropertyOp21
 70
     1
102
RTVSPropertyOp22
 70
     1
102
RTVSPropertyOp23
 70
     1
102
RTVSPropertyOp24
 70
     1
102
RTVSPropertyOp25
 70
     1
102
RTVSPropertyOp26
 70
     1
102
RTVSPropertyOp27
 70
     1
102
RTVSPropertyOp28
 70
     1
102
RTVSPropertyOp29
 70
     1
102
RTVSPropertyOp30
 70
     1
102
RTVSPropertyOp31
 70
     1
102
RTVSPropertyOp32
 70
     1
102
RTVSPropertyOp33
 70
     1
102
RTVSPropertyOp34
 70
     1
102
RTVSPropertyOp35
 70
     1
102
RTVSPropertyOp36
 70
     1
102
RTVSPropertyOp37
 70
     1
102
RTVSPropertyOp38
 70
     1
102
RTVSPropertyOp39
 70
     1
102
RTVSPropertyOp40
 70
     1
102
RTVSPropertyOp41
 70
     1
102
RTVSPropertyOp42
 70
     1
102
RTVSPropertyOp43
 70
     1
102
RTVSPropertyOp44
 70
     1
102
RTVSPropertyOp45
 70
     1
102
RTVSPropertyOp46
 70
     1
102
RTVSPropertyOp47
 70
     1
102
RTVSPropertyOp48
 70
     1
102
RTVSPropertyOp49
 70
     1
102
RTVSPropertyOp50
 70
     1
102
RTVSPropertyOp51
 70
     0
102
RTVSPropertyOp52
 70
     0
102
RTVSPropertyOp53
 70
     1
102
RTVSPropertyOp54
 70
     1
102
RTVSPropertyOp55
 70
     1
102
RTVSPropertyOp56
 70
     1
102
RTVSPropertyOp57
 70
     1
102
RTVSPost2010Prop28
280
     0
102
RTVSPost2010PropOp28
 70
     1
102
RTVSPost2010Prop29
280
     1
102
RTVSPost2010PropOp29
 70
     1
102
RTVSPost2010Prop30
280
     1
102
RTVSPost2010PropOp30
 70
     1
102
RTVSPost2010Prop31
280
     0
102
RTVSPost2010PropOp31
 70
     1
102
RTVSPost2010Prop32
280
     0
102
RTVSPost2010PropOp32
 70
     1
102
RTVSPost2010Prop33
280
     0
102
RTVSPost2010PropOp33
 70
     1
102
RTVSPost2010Prop34
280
     0
102
RTVSPost2010PropOp34
 70
     1
102
RTVSPost2010Prop35
280
     0
102
RTVSPost2010PropOp35
 70
     1
102
RTVSPost2010Prop36
280
     0
102
RTVSPost2010PropOp36
 70
     1
102
RTVSPost2010Prop37
 90
       50
102
RTVSPost2010PropOp37
 70
     1
102
RTVSPost2010Prop38
140
0.0
102
RTVSPost2010PropOp38
 70
     1
102
RTVSPost2010Prop39
140
1.0
102
RTVSPost2010PropOp39
 70
     1
102
RTVSPost2010Prop40
 90
        0
102
RTVSPost2010PropOp40
 70
     1
102
RTVSPost2010Prop41ColorIndex
 90
      178
102
RTVSPost2010Prop41ColorRGB
 90
        0
102
RTVSPost2010PropOp41
 70
     1
102
RTVSPost2010Prop42
 90
       50
102
RTVSPost2010PropOp42
 70
     1
102
RTVSPost2010Prop43
 90
        3
102
RTVSPost2010PropOp43
 70
     1
102
RTVSPost2010Prop44ColorIndex
 90
        5
102
RTVSPost2010Prop44ColorRGB
 90
      255
102
RTVSPost2010PropOp44
 70
     1
102
RTVSPost2010Prop45
280
     0
102
RTVSPost2010PropOp45
 70
     1
102
RTVSPost2010Prop46
 90
       50
102
RTVSPost2010PropOp46
 70
     1
102
RTVSPost2010Prop47
 90
       50
102
RTVSPost2010PropOp47
 70
     1
102
RTVSPost2010Prop48
 90
       50
102
RTVSPost2010PropOp48
 70
     1
102
RTVSPost2010Prop49
280
     0
102
RTVSPost2010PropOp49
 70
     1
102
RTVSPost2010Prop50
 90
       50
102
RTVSPost2010PropOp50
 70
     1
102
RTVSPost2010Prop51ColorIndex
 90
      256
102
RTVSPost2010Prop51ColorRGB
 90
-16777216
102
RTVSPost2010PropOp51
 70
     0
102
RTVSPost2010Prop52
140
1.0
102
RTVSPost2010PropOp52
 70
     0
102
RTVSPost2010Prop53
 90
        2
102
RTVSPost2010PropOp53
 70
     1
102
RTVSPost2010Prop54
  1
strokes_ogs.tif
102
RTVSPost2010PropOp54
 70
     1
102
RTVSPost2010Prop55
280
     0
102
RTVSPost2010PropOp55
 70
     1
102
RTVSPost2010Prop56
140
1.0
102
RTVSPost2010PropOp56
 70
     1
102
RTVSPost2010Prop57
140
1.0
102
RTVSPost2010PropOp57
 70
     1
  0
ENDSEC
  0
EOF
